CustomerAge,Tenure,ProductCategory,AverageOrderValue,PurchaseFrequencyLast6M,ReturnRate,AppSessionsPerWeek,EmailOpenRate,HasLoyaltyCard,PaymentMethod,Region,SatisfactionScore,ProjectedSpend
43,5.0,Electronics,138.85,0,0.028,3.3,0.433,False,Credit Card,Norte,7.4,5.0
36,4.1,Fashion,76.8,1,0.015,1.7,0.137,False,Credit Card,Oeste,7.7,112.94
45,1.4,Home & Living,125.16,2,0.0,3.0,0.203,True,Credit Card,Oeste,7.8,391.22
56,2.8,Fashion,67.5,3,0.107,4.2,0.043,False,Credit Card,Norte,7.5,257.02
35,0.6,Fashion,55.58,7,0.008,3.4,0.603,False,Bank Transfer,Sur,7.1,470.46
35,2.1,Electronics,138.96,3,0.233,3.6,0.272,True,Digital Wallet,Oeste,9.9,624.94
56,7.5,Home & Living,89.79,1,0.035,6.0,0.161,True,Bank Transfer,Este,8.0,152.62
47,1.9,Fashion,107.82,6,0.115,11.3,0.413,False,Credit Card,Sur,10.0,1055.02
32,6.4,Fashion,51.16,3,0.248,3.7,0.418,True,Digital Wallet,Norte,8.1,225.81
44,3.1,Fashion,57.29,4,0.183,7.3,0.398,False,Digital Wallet,Norte,8.1,220.13
32,0.7,Home & Living,58.58,3,0.007,1.0,0.335,False,Credit Card,Central,8.1,217.26
32,3.0,Fashion,73.82,6,0.387,8.2,0.156,True,Credit Card,Oeste,4.0,107.58
40,2.5,Fashion,60.77,5,0.264,2.4,0.146,True,Credit Card,Norte,7.4,330.29
18,1.8,Fashion,62.51,5,0.056,6.6,0.192,False,Credit Card,Oeste,9.2,486.78
18,0.5,Electronics,227.6,3,0.052,3.1,0.445,True,Credit Card,Este,10.0,1005.46
31,1.9,Fashion,100.07,6,0.276,2.9,0.01,False,Credit Card,Este,7.2,448.95
25,0.5,Fashion,70.99,6,0.344,2.8,0.526,False,Bank Transfer,Oeste,7.2,168.97
41,0.5,Fashion,94.76,4,0.028,12.2,0.629,True,Credit Card,Este,6.0,826.86
27,1.9,Fashion,86.68,5,0.089,5.0,0.281,True,Credit Card,Oeste,3.6,419.23
21,1.3,Electronics,94.3,0,0.086,5.0,0.182,True,Credit Card,Sur,6.5,5.0
55,9.1,Home & Living,86.68,4,0.001,2.7,0.149,True,Digital Wallet,Este,6.2,485.25
35,1.6,Home & Living,102.24,4,0.166,4.8,0.376,False,Digital Wallet,Este,2.8,278.87
38,5.0,Home & Living,161.06,4,0.079,1.8,0.595,False,Digital Wallet,Central,3.2,574.72
20,2.6,Electronics,146.99,1,0.013,3.7,0.485,False,Credit Card,Este,10.0,245.43
31,4.3,Fashion,112.84,5,0.045,2.4,0.575,False,Digital Wallet,Oeste,9.5,1015.54
39,1.1,Home & Living,53.81,1,0.0,4.0,0.148,False,Digital Wallet,Central,7.1,77.39
24,10.0,Fashion,55.84,1,0.228,1.5,0.346,True,Credit Card,Central,8.5,78.44
42,2.6,Fashion,122.89,3,0.025,5.4,0.479,True,Credit Card,Sur,6.9,800.52
30,6.2,Home & Living,82.95,6,0.029,3.4,0.082,False,Credit Card,Central,8.5,721.24
34,1.6,Fashion,50.95,9,0.048,5.2,0.195,False,Credit Card,Central,6.1,933.02
30,0.5,Fashion,105.74,1,0.198,7.5,0.383,False,Credit Card,Central,8.2,124.09
60,3.9,Electronics,132.81,0,0.03,3.8,0.37,False,Credit Card,Sur,8.7,5.0
37,0.5,Electronics,140.28,2,0.038,9.6,0.326,True,Credit Card,Sur,7.5,576.91
25,2.3,Electronics,242.4,1,0.025,2.0,0.399,True,Credit Card,Este,8.5,507.51
47,0.7,Home & Living,81.56,2,0.185,6.3,0.465,False,Bank Transfer,Norte,7.2,132.07
23,3.5,Fashion,45.35,6,0.053,6.0,0.162,True,Digital Wallet,Sur,7.0,499.77
40,13.6,Fashion,15.06,4,0.204,6.4,0.258,True,Credit Card,Central,3.3,44.28
18,2.2,Home & Living,121.41,2,0.135,6.1,0.212,True,Credit Card,Norte,8.0,268.7
22,6.0,Fashion,102.12,1,0.026,8.3,0.16,True,Bank Transfer,Sur,4.2,128.6
40,2.5,Fashion,64.29,2,0.538,2.7,0.206,False,Credit Card,Central,7.5,10.87
46,2.4,Electronics,120.59,3,0.021,1.7,0.566,False,Digital Wallet,Este,2.0,233.54
40,9.3,Home & Living,97.96,2,0.0,8.6,0.219,True,Digital Wallet,Oeste,7.0,378.68
36,7.7,Electronics,141.0,4,0.153,2.7,0.222,True,Digital Wallet,Oeste,9.5,923.25
34,5.4,Electronics,198.49,2,0.044,8.3,0.135,True,Digital Wallet,Sur,7.4,812.45
20,1.2,Electronics,110.07,1,0.005,4.4,0.358,False,Digital Wallet,Central,8.2,125.33
29,2.8,Electronics,173.29,2,0.13,3.8,0.041,False,Digital Wallet,Oeste,5.2,381.7
32,0.9,Electronics,173.89,0,0.486,9.1,0.149,True,Credit Card,Central,9.1,5.0
50,2.1,Fashion,84.79,3,0.414,6.0,0.023,True,Digital Wallet,Norte,7.4,33.91
42,2.3,Electronics,201.17,0,0.008,5.1,0.376,False,Digital Wallet,Central,8.7,5.0
18,6.2,Fashion,101.17,3,0.05,3.7,0.51,False,Digital Wallet,Oeste,8.8,411.74
41,7.9,Electronics,131.4,1,0.289,2.1,0.167,True,Credit Card,Norte,8.1,145.03
33,1.9,Electronics,204.08,3,0.187,7.3,0.177,False,Credit Card,Central,7.9,798.31
29,0.5,Fashion,63.06,5,0.044,3.4,0.295,True,Credit Card,Central,9.4,621.68
45,6.9,Home & Living,84.88,6,0.004,4.5,0.271,False,Digital Wallet,Norte,6.3,623.98
50,0.7,Home & Living,54.72,5,0.066,8.9,0.722,False,Bank Transfer,Sur,10.0,348.93
49,3.4,Home & Living,156.99,1,0.045,4.8,0.188,True,Credit Card,Este,7.8,251.64
27,0.5,Fashion,31.69,3,0.236,11.0,0.072,True,Credit Card,Oeste,9.3,103.97
34,1.8,Fashion,86.01,4,0.6,2.4,0.048,False,Bank Transfer,Oeste,8.0,29.42
41,14.9,Fashion,56.11,3,0.382,8.8,0.414,True,Digital Wallet,Central,3.9,51.4
49,0.5,Fashion,42.87,3,0.173,7.6,0.299,False,Digital Wallet,Central,6.8,111.15
32,1.9,Electronics,286.07,2,0.055,0.5,0.174,False,Bank Transfer,Este,7.0,697.21
35,1.3,Fashion,99.32,7,0.6,6.0,0.07,False,Credit Card,Sur,7.9,62.99
24,8.2,Fashion,60.65,5,0.36,3.7,0.35,True,Credit Card,Norte,10.0,181.68
23,7.1,Fashion,87.41,2,0.199,0.7,0.515,False,Bank Transfer,Central,5.0,130.43
47,0.9,Fashion,92.05,6,0.124,11.7,0.094,False,Digital Wallet,Central,7.9,610.69
54,0.5,Electronics,286.6,1,0.019,2.7,0.418,True,Bank Transfer,Sur,9.4,426.05
37,3.5,Fashion,56.69,1,0.226,4.3,0.493,False,Digital Wallet,Central,8.1,57.26
50,1.4,Electronics,219.77,2,0.139,2.3,0.093,False,Digital Wallet,Sur,6.8,420.28
42,3.9,Home & Living,73.61,3,0.081,0.8,0.288,False,Credit Card,Norte,8.0,244.06
30,0.5,Electronics,222.88,1,0.01,3.7,0.258,False,Digital Wallet,Oeste,7.2,263.26
42,0.5,Electronics,160.41,2,0.007,1.7,0.272,False,Digital Wallet,Norte,8.1,390.8
56,4.1,Home & Living,67.77,3,0.055,1.3,0.43,True,Credit Card,Oeste,7.4,330.79
37,0.8,Fashion,128.32,3,0.002,2.5,0.061,True,Digital Wallet,Norte,9.6,664.76
56,6.8,Electronics,110.43,3,0.019,6.3,0.472,True,Digital Wallet,Central,3.1,313.93
18,0.5,Fashion,99.99,2,0.145,3.9,0.295,False,Digital Wallet,Este,8.8,204.17
47,0.8,Electronics,183.33,2,0.007,8.8,0.121,False,Credit Card,Central,7.1,469.67
39,15.0,Electronics,158.73,1,0.101,4.6,0.43,False,Digital Wallet,Central,6.2,237.45
34,2.0,Electronics,198.37,0,0.008,2.6,0.143,False,Credit Card,Norte,5.1,5.0
39,4.2,Fashion,56.3,3,0.099,5.4,0.76,False,Credit Card,Norte,6.6,238.04
18,0.7,Home & Living,45.78,6,0.04,4.9,0.377,False,Digital Wallet,Norte,2.8,165.85
35,3.3,Fashion,102.02,4,0.001,3.9,0.655,False,Digital Wallet,Norte,7.6,705.44
42,4.5,Fashion,45.0,5,0.019,2.8,0.118,False,Credit Card,Sur,7.2,339.48
55,1.3,Electronics,245.64,1,0.02,3.1,0.445,False,Digital Wallet,Este,7.7,295.58
31,6.2,Electronics,175.27,0,0.09,1.9,0.127,True,Credit Card,Norte,7.2,5.0
28,3.2,Home & Living,89.96,6,0.019,1.7,0.183,False,Digital Wallet,Central,9.7,634.52
31,1.7,Electronics,204.91,5,0.22,1.2,0.359,False,Credit Card,Central,8.2,871.15
48,2.9,Home & Living,125.41,3,0.015,5.0,0.317,False,Credit Card,Central,7.2,485.53
41,3.0,Fashion,71.63,5,0.561,4.2,0.333,False,Credit Card,Central,6.6,36.28
31,0.6,Home & Living,57.26,8,0.234,6.6,0.466,False,Credit Card,Este,9.7,433.7
44,1.8,Electronics,239.42,4,0.308,1.4,0.218,False,Credit Card,Este,9.4,620.9
39,1.5,Electronics,280.08,2,0.562,4.9,0.447,False,Credit Card,Sur,6.4,54.07
49,1.8,Home & Living,81.14,3,0.006,7.8,0.239,False,Digital Wallet,Sur,9.1,324.49
29,5.0,Home & Living,97.22,1,0.126,4.0,0.252,False,Bank Transfer,Norte,10.0,121.82
34,2.3,Electronics,217.19,1,0.094,1.8,0.401,True,Digital Wallet,Oeste,8.0,323.57
33,9.9,Home & Living,153.91,2,0.001,2.5,0.128,True,Digital Wallet,Norte,3.5,306.7
20,1.2,Electronics,99.54,1,0.049,5.2,0.607,True,Digital Wallet,Norte,9.3,150.21
41,1.9,Electronics,182.28,3,0.003,9.4,0.207,False,Digital Wallet,Central,7.0,950.73
41,5.4,Fashion,15.0,6,0.096,8.2,0.39,False,Credit Card,Sur,5.1,142.36
38,2.8,Fashion,77.12,4,0.091,7.2,0.215,True,Digital Wallet,Este,6.7,699.53
35,2.8,Home & Living,74.74,2,0.0,3.7,0.253,True,Credit Card,Norte,7.4,303.22
21,0.5,Fashion,82.06,5,0.6,5.1,0.415,False,Credit Card,Oeste,8.8,31.62
32,1.8,Electronics,104.55,2,0.081,2.3,0.445,False,Bank Transfer,Norte,7.3,264.46
33,1.1,Fashion,73.3,4,0.04,1.1,0.237,False,Credit Card,Norte,6.2,353.15
28,15.0,Electronics,163.04,1,0.089,1.6,0.314,False,Credit Card,Central,9.4,305.62
36,1.3,Fashion,80.1,6,0.276,10.7,0.146,True,Credit Card,Norte,7.7,498.74
42,7.6,Fashion,67.67,6,0.029,14.4,0.369,True,Credit Card,Norte,7.4,1001.61
60,3.9,Electronics,177.19,3,0.022,17.9,0.436,False,Credit Card,Norte,2.8,378.52
40,1.5,Fashion,84.83,4,0.22,5.7,0.022,False,Credit Card,Central,4.4,245.35
41,2.7,Fashion,94.3,10,0.12,2.7,0.648,True,Credit Card,Norte,6.5,969.53
37,6.4,Fashion,101.83,4,0.071,11.7,0.207,True,Credit Card,Este,3.8,720.73
18,7.5,Fashion,91.7,3,0.063,4.6,0.479,True,Digital Wallet,Central,6.3,490.6
37,0.6,Electronics,223.41,1,0.052,6.1,0.598,False,Credit Card,Sur,7.3,289.21
38,1.5,Electronics,129.01,4,0.005,1.2,0.167,True,Credit Card,Norte,7.5,1112.32
67,1.4,Electronics,106.84,0,0.016,8.1,0.71,False,Credit Card,Central,8.7,5.0
35,0.5,Electronics,192.59,4,0.045,2.1,0.178,False,Credit Card,Central,5.7,939.02
41,3.2,Fashion,68.59,3,0.204,4.0,0.614,True,Digital Wallet,Central,3.0,183.14
37,6.8,Home & Living,75.2,2,0.039,1.2,0.438,False,Digital Wallet,Central,6.9,219.43
23,1.7,Fashion,91.93,11,0.103,2.7,0.316,True,Digital Wallet,Central,3.3,780.71
51,4.7,Fashion,52.19,7,0.231,3.3,0.453,True,Digital Wallet,Central,7.4,394.08
47,3.5,Fashion,76.84,2,0.461,2.5,0.067,True,Digital Wallet,Central,9.1,13.29
47,1.6,Electronics,251.4,2,0.078,2.1,0.419,False,Bank Transfer,Norte,8.3,668.97
27,0.5,Home & Living,121.5,4,0.053,4.1,0.54,False,Digital Wallet,Sur,7.7,598.87
54,4.3,Home & Living,105.17,3,0.0,3.7,0.245,False,Digital Wallet,Central,5.7,400.94
21,6.7,Fashion,92.47,4,0.044,0.7,0.219,True,Credit Card,Norte,6.6,561.5
45,4.1,Electronics,116.34,1,0.533,2.7,0.288,False,Digital Wallet,Este,9.0,8.08
64,0.5,Home & Living,93.54,4,0.022,5.2,0.186,True,Bank Transfer,Norte,8.1,456.27
26,0.9,Electronics,101.62,2,0.025,5.6,0.342,False,Bank Transfer,Oeste,7.6,269.49
31,0.5,Home & Living,87.74,3,0.313,10.2,0.296,False,Credit Card,Central,6.3,155.31
39,3.0,Home & Living,54.99,2,0.006,6.3,0.451,True,Bank Transfer,Central,5.3,209.65
31,4.9,Electronics,241.15,4,0.027,14.1,0.303,True,Credit Card,Sur,9.4,2308.49
19,0.5,Home & Living,56.97,4,0.025,3.3,0.453,False,Credit Card,Norte,6.9,268.75
38,6.4,Home & Living,84.5,2,0.053,8.1,0.29,True,Bank Transfer,Central,7.1,325.68
25,2.8,Home & Living,84.54,1,0.009,3.4,0.489,True,Credit Card,Norte,6.5,152.8
43,4.1,Fashion,105.88,4,0.6,0.6,0.217,True,Credit Card,Central,1.4,16.13
26,12.4,Electronics,179.33,2,0.093,6.4,0.526,True,Credit Card,Central,7.9,805.17
56,0.5,Fashion,76.62,2,0.133,8.4,0.251,False,Credit Card,Central,5.6,143.0
28,8.1,Fashion,70.33,2,0.243,2.6,0.318,True,Digital Wallet,Central,8.3,185.65
34,0.5,Electronics,191.76,1,0.033,3.4,0.319,False,Credit Card,Este,7.9,268.3
47,1.7,Fashion,103.05,3,0.336,2.4,0.205,False,Credit Card,Este,6.6,127.76
23,6.7,Fashion,91.24,3,0.037,0.7,0.517,True,Bank Transfer,Oeste,6.8,494.89
40,8.3,Electronics,201.65,4,0.168,3.3,0.293,True,Bank Transfer,Sur,8.9,1325.73
53,2.5,Electronics,174.77,1,0.029,3.8,0.326,False,Credit Card,Oeste,7.7,231.96
18,3.2,Electronics,231.55,3,0.6,3.8,0.323,False,Credit Card,Central,7.6,50.09
40,4.3,Fashion,47.45,1,0.546,7.3,0.276,False,Digital Wallet,Central,4.1,5.0
41,6.3,Fashion,52.64,5,0.439,1.4,0.231,True,Bank Transfer,Central,6.2,24.68
47,0.5,Electronics,203.3,2,0.144,14.6,0.357,False,Bank Transfer,Central,7.6,426.58
23,5.8,Home & Living,62.29,2,0.078,3.1,0.304,True,Digital Wallet,Central,7.3,223.95
22,2.3,Electronics,143.8,4,0.045,6.8,0.448,False,Credit Card,Norte,7.6,860.56
44,2.1,Fashion,85.1,4,0.422,4.8,0.406,False,Credit Card,Norte,3.0,17.44
41,1.9,Home & Living,88.36,4,0.105,11.5,0.176,False,Credit Card,Norte,7.6,501.23
41,2.5,Home & Living,62.63,2,0.019,10.1,0.446,True,Credit Card,Norte,5.9,255.65
42,10.2,Electronics,104.28,2,0.004,14.6,0.429,True,Credit Card,Este,3.8,269.95
29,2.8,Home & Living,84.54,1,0.0,4.7,0.59,False,Digital Wallet,Sur,6.9,150.79
40,10.7,Home & Living,110.81,5,0.001,6.5,0.767,True,Credit Card,Sur,7.4,1164.98
41,0.7,Fashion,65.32,5,0.43,3.5,0.083,True,Bank Transfer,Oeste,7.0,30.6
29,4.5,Fashion,69.98,6,0.223,4.8,0.143,False,Bank Transfer,Sur,9.4,406.88
60,5.9,Electronics,258.73,2,0.016,17.4,0.374,False,Digital Wallet,Norte,6.5,1019.45
43,4.0,Fashion,79.89,5,0.296,1.9,0.318,False,Digital Wallet,Sur,7.8,240.35
23,3.3,Fashion,79.56,3,0.102,1.3,0.337,False,Credit Card,Este,6.9,295.58
45,2.9,Home & Living,52.14,6,0.024,8.9,0.217,True,Credit Card,Este,6.5,621.77
26,6.9,Fashion,62.3,8,0.147,9.3,0.225,True,Credit Card,Oeste,9.4,830.51
47,6.0,Fashion,77.53,4,0.098,2.9,0.077,True,Bank Transfer,Norte,8.7,577.9
51,0.5,Electronics,213.85,2,0.22,3.2,0.217,False,Bank Transfer,Sur,4.0,122.65
28,6.6,Electronics,62.58,4,0.012,1.5,0.464,False,Credit Card,Central,6.1,410.87
49,1.9,Electronics,243.37,2,0.008,4.7,0.265,True,Credit Card,Norte,8.3,734.82
42,1.0,Electronics,162.31,3,0.0,4.1,0.312,False,Credit Card,Norte,8.2,868.82
47,7.1,Fashion,61.88,4,0.013,7.6,0.084,False,Credit Card,Sur,6.8,402.81
60,2.0,Home & Living,91.28,1,0.473,9.1,0.14,False,Credit Card,Norte,5.7,6.27
35,5.8,Fashion,73.59,4,0.161,4.1,0.407,False,Digital Wallet,Central,8.9,421.92
28,1.1,Fashion,99.63,9,0.358,10.8,0.312,False,Digital Wallet,Norte,6.4,281.89
27,0.5,Fashion,140.98,2,0.17,2.6,0.416,True,Credit Card,Sur,8.3,373.67
28,2.4,Electronics,160.67,6,0.036,2.3,0.291,False,Digital Wallet,Central,8.7,1188.73
37,0.5,Fashion,52.83,5,0.277,0.9,0.288,True,Credit Card,Norte,8.3,205.3
42,4.9,Electronics,158.5,1,0.009,4.6,0.179,True,Credit Card,Este,7.1,262.46
41,1.1,Fashion,38.21,6,0.073,9.2,0.175,False,Credit Card,Oeste,8.9,365.38
47,2.1,Electronics,221.75,0,0.057,9.7,0.518,False,Credit Card,Sur,3.9,5.0
38,0.5,Electronics,210.53,3,0.245,2.9,0.524,False,Bank Transfer,Oeste,6.3,434.15
55,1.2,Fashion,65.82,3,0.013,5.4,0.018,False,Credit Card,Central,6.8,271.77
34,5.3,Home & Living,97.21,2,0.247,2.4,0.416,False,Bank Transfer,Oeste,6.6,137.31
70,0.6,Fashion,42.12,7,0.255,11.4,0.321,False,Digital Wallet,Sur,8.5,208.28
45,3.6,Home & Living,52.02,1,0.099,1.4,0.384,False,Credit Card,Central,2.9,32.1
27,8.7,Fashion,23.41,5,0.471,3.0,0.319,False,Digital Wallet,Este,7.2,10.57
25,4.0,Fashion,83.27,7,0.106,12.2,0.494,True,Credit Card,Norte,10.0,1340.41
43,5.8,Fashion,41.46,9,0.066,8.0,0.177,True,Digital Wallet,Norte,5.6,652.09
35,0.5,Home & Living,96.73,7,0.075,3.5,0.272,False,Digital Wallet,Este,2.2,419.14
46,1.0,Electronics,164.54,0,0.104,10.1,0.647,False,Credit Card,Norte,5.0,5.0
43,7.9,Electronics,134.98,2,0.458,3.6,0.624,True,Digital Wallet,Norte,6.8,32.4
37,4.4,Electronics,119.57,2,0.053,3.0,0.581,True,Digital Wallet,Oeste,4.8,338.31
27,3.6,Fashion,50.53,3,0.148,6.0,0.202,False,Credit Card,Sur,8.4,191.9
19,3.8,Home & Living,45.25,5,0.009,5.5,0.207,True,Digital Wallet,Sur,2.7,184.22
32,1.9,Electronics,267.38,3,0.15,4.3,0.471,False,Credit Card,Central,7.2,1033.31
48,0.5,Fashion,62.54,2,0.163,1.7,0.239,True,Credit Card,Central,7.2,128.94
40,5.4,Home & Living,101.06,1,0.001,1.7,0.09,False,Credit Card,Sur,7.8,207.18
23,4.0,Fashion,46.61,3,0.171,5.1,0.326,False,Credit Card,Oeste,9.7,198.97
40,2.2,Fashion,15.0,2,0.38,8.2,0.358,False,Digital Wallet,Este,7.6,8.6
42,8.1,Home & Living,77.75,1,0.062,6.7,0.368,True,Credit Card,Central,8.2,158.99
27,1.4,Fashion,107.25,4,0.409,5.2,0.612,True,Credit Card,Norte,7.7,93.53
39,1.2,Fashion,107.48,2,0.0,0.7,0.199,False,Digital Wallet,Norte,8.6,334.9
38,7.2,Electronics,262.84,1,0.204,4.0,0.202,False,Bank Transfer,Norte,8.2,310.66
24,5.6,Electronics,108.31,4,0.001,7.7,0.715,True,Digital Wallet,Norte,9.7,1433.48
42,2.5,Fashion,93.1,4,0.108,3.6,0.324,True,Credit Card,Este,9.4,779.72
44,0.5,Fashion,59.32,5,0.012,5.9,0.17,False,Digital Wallet,Sur,7.8,458.13
50,0.8,Home & Living,135.96,1,0.028,3.9,0.187,False,Credit Card,Central,7.2,142.02
50,3.7,Home & Living,95.86,3,0.027,2.1,0.249,True,Credit Card,Este,9.9,450.36
21,1.7,Home & Living,96.73,4,0.045,4.3,0.312,True,Bank Transfer,Norte,6.5,539.46
26,6.3,Electronics,130.44,2,0.112,5.7,0.55,True,Credit Card,Norte,3.0,300.32
44,10.5,Home & Living,89.65,4,0.086,3.0,0.661,True,Digital Wallet,Central,8.6,638.59
44,5.7,Fashion,75.34,5,0.09,16.4,0.278,False,Digital Wallet,Central,7.9,605.07
44,1.7,Fashion,106.8,4,0.302,3.4,0.438,False,Digital Wallet,Central,7.4,249.27
75,5.4,Fashion,88.01,2,0.087,1.3,0.072,False,Credit Card,Este,7.8,210.35
44,1.5,Electronics,220.24,0,0.024,2.1,0.608,True,Digital Wallet,Este,7.9,5.0
51,0.6,Electronics,150.87,0,0.032,2.7,0.582,True,Bank Transfer,Norte,10.0,5.0
49,0.5,Home & Living,74.03,2,0.163,4.6,0.332,True,Bank Transfer,Norte,3.3,88.63
45,1.7,Fashion,71.99,5,0.385,3.3,0.27,False,Credit Card,Central,2.8,50.02
34,8.2,Fashion,150.23,5,0.183,11.1,0.619,False,Digital Wallet,Central,7.5,919.98
47,1.0,Fashion,77.82,3,0.385,9.6,0.442,False,Digital Wallet,Norte,5.8,49.13
28,0.8,Home & Living,34.41,3,0.067,3.6,0.678,False,Bank Transfer,Sur,6.9,123.87
35,12.3,Fashion,81.7,8,0.248,3.8,0.647,False,Credit Card,Sur,8.1,626.69
32,0.5,Fashion,50.44,5,0.115,7.8,0.48,False,Credit Card,Oeste,1.7,147.1
38,5.4,Electronics,150.51,2,0.07,3.4,0.553,True,Bank Transfer,Central,6.0,580.51
65,1.4,Electronics,289.88,2,0.0,2.1,0.384,True,Digital Wallet,Central,8.0,1230.0
18,0.5,Home & Living,55.73,4,0.02,8.3,0.169,False,Bank Transfer,Central,8.0,205.38
46,8.7,Fashion,52.8,6,0.6,0.4,0.379,True,Credit Card,Este,6.9,33.65
18,0.5,Fashion,78.66,3,0.026,3.2,0.167,True,Credit Card,Norte,7.7,368.37
32,2.8,Fashion,58.97,6,0.031,10.3,0.078,False,Credit Card,Norte,9.0,626.93
51,1.1,Home & Living,147.37,2,0.017,4.5,0.317,False,Digital Wallet,Norte,8.7,332.24
38,0.5,Fashion,88.9,6,0.6,2.2,0.232,False,Bank Transfer,Oeste,7.6,36.34
25,0.5,Fashion,148.4,6,0.478,9.1,0.312,False,Digital Wallet,Central,8.2,71.19
29,0.5,Fashion,63.87,5,0.092,5.6,0.517,True,Credit Card,Este,9.3,527.03
46,0.5,Electronics,217.88,1,0.038,15.9,0.418,False,Digital Wallet,Central,9.5,288.76
29,5.0,Home & Living,15.0,1,0.048,1.5,0.276,True,Digital Wallet,Oeste,9.3,27.27
40,2.3,Home & Living,87.57,2,0.052,7.7,0.563,False,Credit Card,Norte,8.5,297.36
38,1.5,Home & Living,133.07,2,0.006,2.1,0.052,False,Credit Card,Central,6.6,422.86
30,1.9,Home & Living,53.1,4,0.0,2.7,0.135,False,Digital Wallet,Central,5.3,269.23
63,9.3,Home & Living,46.45,3,0.001,5.8,0.098,False,Digital Wallet,Este,8.0,213.69
45,8.5,Fashion,89.56,6,0.035,2.7,0.535,True,Credit Card,Norte,3.1,628.38
18,4.4,Home & Living,132.55,7,0.031,0.6,0.093,False,Bank Transfer,Central,3.4,615.99
40,7.6,Fashion,56.47,2,0.005,6.6,0.125,False,Credit Card,Norte,5.7,202.44
30,1.3,Electronics,283.79,4,0.6,8.0,0.573,False,Digital Wallet,Sur,6.5,85.95
48,1.7,Fashion,75.71,5,0.577,11.0,0.575,True,Bank Transfer,Norte,9.4,41.93
28,3.3,Home & Living,126.46,3,0.038,5.3,0.18,True,Digital Wallet,Oeste,6.0,683.45
36,3.4,Fashion,60.04,4,0.15,1.6,0.13,False,Digital Wallet,Sur,6.9,236.01
44,2.3,Home & Living,139.67,5,0.157,2.7,0.081,False,Credit Card,Norte,9.8,724.54
48,1.8,Electronics,177.73,1,0.004,4.2,0.385,True,Digital Wallet,Este,9.5,360.33
23,15.0,Electronics,296.99,3,0.0,4.0,0.052,True,Credit Card,Este,7.1,1855.72
33,6.0,Fashion,92.93,4,0.218,1.7,0.492,True,Credit Card,Norte,9.8,685.68
32,2.0,Electronics,144.77,2,0.077,0.5,0.215,False,Credit Card,Central,8.4,391.06
30,4.5,Electronics,203.09,2,0.003,6.3,0.235,True,Credit Card,Central,9.2,776.58
59,1.1,Electronics,197.82,1,0.003,3.1,0.128,False,Credit Card,Central,6.9,237.58
42,0.5,Home & Living,85.45,2,0.039,5.3,0.674,False,Credit Card,Central,7.2,215.54
22,1.5,Electronics,204.64,4,0.006,2.4,0.141,True,Credit Card,Norte,7.4,1206.13
49,1.8,Electronics,316.13,1,0.069,5.5,0.439,False,Digital Wallet,Norte,3.9,222.49
63,0.5,Electronics,173.87,0,0.013,6.5,0.522,True,Bank Transfer,Sur,3.4,5.0
50,5.9,Fashion,71.79,9,0.24,2.1,0.311,False,Digital Wallet,Sur,5.6,497.18
19,1.6,Fashion,56.55,2,0.112,5.0,0.35,False,Bank Transfer,Norte,5.6,114.91
32,3.0,Fashion,95.48,6,0.115,3.0,0.434,False,Credit Card,Central,9.5,831.19
53,0.5,Fashion,69.27,7,0.086,8.3,0.224,True,Digital Wallet,Central,8.9,707.79
29,0.7,Electronics,195.47,2,0.012,2.1,0.126,False,Credit Card,Sur,10.0,592.08
43,7.7,Fashion,60.96,8,0.205,9.7,0.255,False,Credit Card,Sur,7.5,630.36
47,3.3,Home & Living,130.45,2,0.327,12.3,0.301,False,Bank Transfer,Sur,7.7,128.61
26,10.5,Electronics,131.51,0,0.063,10.1,0.539,True,Credit Card,Norte,7.1,5.0
37,15.0,Fashion,85.99,4,0.341,5.4,0.337,True,Digital Wallet,Central,8.0,285.33
18,1.6,Electronics,242.78,4,0.066,4.1,0.273,False,Credit Card,Norte,1.6,426.64
25,1.2,Electronics,254.62,2,0.107,6.0,0.427,True,Credit Card,Central,4.2,647.56
34,6.8,Fashion,24.23,3,0.034,2.3,0.249,True,Digital Wallet,Central,9.2,146.77
23,15.0,Fashion,87.5,2,0.239,3.5,0.515,True,Credit Card,Central,9.0,281.71
57,3.5,Electronics,175.54,1,0.037,9.8,0.235,False,Digital Wallet,Este,7.9,220.04
20,5.5,Electronics,295.04,1,0.096,2.0,0.146,True,Bank Transfer,Norte,8.6,423.09
32,5.3,Home & Living,139.2,5,0.006,1.4,0.355,False,Credit Card,Sur,7.1,1385.29
39,1.5,Home & Living,159.55,3,0.013,7.0,0.041,False,Credit Card,Central,8.4,771.72
55,3.0,Home & Living,73.74,5,0.017,8.8,0.269,True,Credit Card,Norte,7.3,702.63
20,6.3,Fashion,66.17,5,0.052,6.0,0.712,False,Digital Wallet,Este,7.9,486.13
51,4.1,Fashion,129.27,3,0.462,9.9,0.178,True,Credit Card,Norte,8.9,34.86
38,0.5,Fashion,76.72,7,0.105,3.4,0.491,True,Credit Card,Sur,8.4,889.98
26,1.4,Electronics,150.92,4,0.233,5.0,0.413,False,Credit Card,Central,8.7,620.19
43,0.5,Fashion,104.94,5,0.021,2.9,0.58,False,Credit Card,Este,2.4,462.79
40,0.9,Fashion,59.72,6,0.521,4.6,0.151,False,Credit Card,Este,7.5,21.57
30,8.3,Electronics,221.6,1,0.028,3.8,0.03,True,Credit Card,Norte,7.6,518.42
38,0.5,Home & Living,117.24,4,0.001,1.3,0.065,False,Credit Card,Oeste,10.0,643.03
33,0.9,Electronics,255.46,3,0.046,1.8,0.367,True,Bank Transfer,Norte,3.5,749.49
39,1.3,Fashion,114.49,4,0.052,0.9,0.127,False,Credit Card,Sur,8.1,613.28
45,3.4,Electronics,218.2,1,0.401,1.0,0.424,False,Digital Wallet,Norte,3.2,20.95
57,2.7,Fashion,67.49,5,0.073,7.0,0.185,False,Digital Wallet,Central,10.0,466.01
23,0.9,Electronics,241.33,1,0.115,1.7,0.307,True,Digital Wallet,Norte,8.6,292.39
63,0.6,Electronics,199.85,1,0.107,7.9,0.192,False,Bank Transfer,Norte,7.0,194.49
18,0.9,Fashion,45.64,5,0.071,8.1,0.324,False,Credit Card,Norte,7.4,273.5
36,2.4,Fashion,86.06,5,0.085,3.9,0.108,False,Credit Card,Central,9.0,771.12
45,1.1,Fashion,89.5,3,0.311,5.6,0.336,False,Digital Wallet,Sur,8.7,140.74
41,10.3,Electronics,139.87,2,0.097,1.0,0.415,True,Credit Card,Central,8.6,589.11
30,2.2,Fashion,98.91,5,0.029,12.6,0.72,False,Digital Wallet,Sur,5.3,834.54
35,0.5,Fashion,68.13,5,0.12,1.1,0.377,False,Credit Card,Este,6.5,411.88
32,4.6,Electronics,50.86,2,0.498,2.6,0.417,False,Bank Transfer,Este,1.9,5.0
30,1.4,Home & Living,75.49,0,0.0,7.5,0.218,True,Digital Wallet,Norte,3.1,5.0
48,3.7,Fashion,51.91,3,0.248,9.2,0.298,False,Credit Card,Central,7.9,158.33
42,1.1,Electronics,243.6,1,0.269,7.7,0.442,False,Credit Card,Este,2.3,101.17
29,3.0,Home & Living,135.09,0,0.048,3.5,0.331,False,Credit Card,Norte,5.1,5.0
48,5.2,Home & Living,132.67,4,0.127,5.5,0.231,True,Digital Wallet,Norte,5.3,475.68
41,9.2,Home & Living,67.99,2,0.028,3.9,0.178,True,Credit Card,Oeste,8.1,322.9
47,1.1,Fashion,50.75,4,0.102,2.3,0.567,True,Credit Card,Central,6.5,249.49
45,1.4,Fashion,117.28,6,0.373,8.5,0.27,False,Digital Wallet,Central,9.1,229.2
28,2.2,Electronics,181.14,3,0.021,6.0,0.496,False,Digital Wallet,Norte,7.9,868.62
31,9.2,Fashion,86.88,4,0.381,4.2,0.259,True,Bank Transfer,Norte,8.7,161.07
46,8.1,Home & Living,89.76,2,0.085,5.4,0.142,True,Digital Wallet,Central,8.3,346.48
45,0.5,Fashion,50.54,2,0.269,2.7,0.04,False,Bank Transfer,Central,8.2,66.24
37,0.5,Home & Living,118.53,5,0.007,10.9,0.149,False,Bank Transfer,Norte,7.3,824.98
39,2.4,Electronics,200.86,2,0.158,6.3,0.349,False,Credit Card,Sur,7.9,611.68
53,0.5,Fashion,83.47,9,0.019,7.5,0.153,False,Bank Transfer,Oeste,8.7,769.27
30,1.5,Home & Living,110.61,1,0.207,3.7,0.355,True,Credit Card,Oeste,4.5,101.64
44,0.6,Home & Living,116.67,1,0.037,4.4,0.143,True,Credit Card,Sur,3.2,114.49
35,3.5,Home & Living,88.25,1,0.002,10.5,0.052,False,Credit Card,Norte,6.1,151.72
35,10.4,Home & Living,121.07,3,0.022,7.8,0.223,True,Credit Card,Sur,6.2,795.67
51,15.0,Fashion,102.91,2,0.54,5.7,0.348,True,Credit Card,Norte,9.0,22.86
47,1.6,Fashion,83.7,7,0.348,5.2,0.334,True,Digital Wallet,Central,9.1,307.51
47,3.2,Home & Living,116.99,0,0.07,3.3,0.444,False,Bank Transfer,Norte,6.2,5.0
53,6.8,Fashion,79.2,3,0.263,9.4,0.321,True,Credit Card,Norte,7.2,265.49
38,0.5,Electronics,190.81,0,0.042,1.4,0.33,False,Credit Card,Central,5.8,5.0
46,4.1,Fashion,86.68,4,0.432,10.0,0.525,False,Credit Card,Central,7.3,25.71
34,1.8,Fashion,15.0,10,0.075,6.9,0.663,False,Digital Wallet,Norte,6.8,241.08
41,0.8,Electronics,181.54,1,0.168,6.4,0.323,False,Credit Card,Central,10.0,223.65
36,1.8,Fashion,95.03,10,0.3,6.2,0.065,True,Credit Card,Este,8.4,944.12
39,0.5,Electronics,228.01,1,0.005,3.0,0.698,False,Bank Transfer,Central,3.6,205.08
45,4.2,Fashion,25.64,7,0.132,1.2,0.27,False,Credit Card,Sur,6.3,222.75
28,1.0,Home & Living,60.51,3,0.03,2.6,0.081,False,Credit Card,Norte,5.7,200.61
63,1.3,Fashion,83.17,4,0.18,2.5,0.035,False,Credit Card,Este,8.5,276.36
25,0.5,Home & Living,130.92,0,0.024,5.3,0.524,False,Credit Card,Central,8.7,5.0
23,7.0,Electronics,212.85,1,0.045,1.3,0.562,True,Digital Wallet,Este,1.9,200.65
51,2.4,Home & Living,24.42,1,0.033,2.5,0.106,False,Credit Card,Oeste,8.8,27.95
47,3.0,Electronics,119.8,3,0.005,6.5,0.354,False,Credit Card,Norte,6.9,385.88
45,2.9,Electronics,155.85,0,0.007,6.1,0.579,True,Digital Wallet,Central,3.0,5.0
45,1.8,Home & Living,130.39,5,0.086,9.3,0.465,False,Digital Wallet,Este,8.5,859.47
37,0.7,Home & Living,77.51,2,0.035,0.5,0.478,False,Credit Card,Central,7.9,238.89
27,4.8,Electronics,145.47,1,0.112,6.2,0.317,True,Digital Wallet,Norte,2.2,125.56
38,0.5,Home & Living,57.51,1,0.002,3.9,0.218,False,Credit Card,Sur,10.0,106.74
29,0.5,Fashion,104.44,3,0.003,5.8,0.403,False,Digital Wallet,Sur,9.7,544.56
49,4.3,Home & Living,154.31,4,0.016,3.1,0.296,False,Credit Card,Norte,6.9,835.46
36,0.8,Fashion,123.23,6,0.117,5.6,0.131,False,Bank Transfer,Sur,8.1,734.02
28,1.3,Fashion,37.74,3,0.353,4.7,0.406,False,Credit Card,Sur,7.8,52.38
34,2.3,Fashion,41.91,7,0.04,3.0,0.096,False,Digital Wallet,Norte,6.8,388.35
42,2.1,Electronics,139.73,1,0.164,2.8,0.548,False,Credit Card,Norte,7.7,171.29
31,4.3,Fashion,111.22,5,0.015,5.1,0.209,False,Digital Wallet,Sur,4.6,639.21
28,3.4,Fashion,75.83,3,0.144,1.5,0.187,True,Bank Transfer,Este,8.2,316.73
40,3.6,Electronics,170.57,1,0.277,4.7,0.437,True,Credit Card,Central,6.8,177.47
40,4.4,Electronics,144.74,2,0.182,1.4,0.475,True,Credit Card,Central,2.9,272.37
31,1.2,Electronics,97.79,0,0.227,6.5,0.431,False,Credit Card,Sur,8.9,5.0
32,1.4,Home & Living,79.55,3,0.018,7.9,0.355,False,Credit Card,Central,7.0,353.74
40,2.0,Fashion,79.63,5,0.066,3.5,0.363,False,Credit Card,Este,7.4,715.37
20,1.3,Home & Living,110.33,2,0.022,2.7,0.142,False,Bank Transfer,Norte,7.3,299.75
21,14.7,Home & Living,144.28,4,0.025,3.3,0.538,True,Bank Transfer,Este,8.8,1046.2
29,5.9,Fashion,95.22,3,0.061,5.4,0.452,True,Digital Wallet,Central,8.3,682.22
35,0.6,Home & Living,108.68,4,0.048,7.3,0.538,False,Digital Wallet,Sur,1.8,257.87
41,0.5,Electronics,154.78,3,0.009,7.2,0.194,False,Credit Card,Central,5.8,706.46
55,0.5,Electronics,286.43,0,0.135,2.5,0.626,False,Digital Wallet,Norte,9.2,5.0
48,1.0,Fashion,75.63,4,0.062,5.4,0.592,False,Credit Card,Sur,7.5,456.18
36,0.5,Fashion,76.49,1,0.042,16.9,0.122,True,Credit Card,Este,3.7,95.95
37,2.7,Home & Living,47.62,3,0.121,2.2,0.041,True,Digital Wallet,Sur,5.0,223.44
25,6.8,Fashion,57.14,5,0.014,0.6,0.293,False,Credit Card,Sur,8.8,490.78
37,4.7,Electronics,141.63,3,0.001,6.4,0.514,True,Credit Card,Central,7.1,1013.64
34,0.8,Fashion,47.47,5,0.046,6.9,0.222,False,Digital Wallet,Central,9.2,305.9
41,1.8,Fashion,81.64,3,0.071,3.9,0.056,False,Digital Wallet,Central,9.1,308.55
28,2.5,Electronics,158.45,3,0.0,4.0,0.065,False,Digital Wallet,Central,8.4,734.97
44,5.8,Fashion,86.77,3,0.075,4.0,0.131,False,Digital Wallet,Este,9.0,456.22
56,6.4,Home & Living,91.24,5,0.041,3.6,0.271,True,Bank Transfer,Central,7.4,608.03
36,8.4,Home & Living,75.35,3,0.317,2.4,0.157,True,Bank Transfer,Norte,8.1,146.6
42,2.5,Fashion,59.41,4,0.289,3.9,0.277,False,Credit Card,Norte,7.3,162.21
46,4.1,Fashion,38.31,3,0.271,2.2,0.125,False,Digital Wallet,Central,7.8,85.4
33,0.5,Electronics,174.03,2,0.451,3.1,0.186,True,Digital Wallet,Sur,2.2,15.68
40,2.9,Fashion,93.25,6,0.448,7.1,0.146,True,Credit Card,Central,3.3,35.4
38,1.0,Home & Living,31.16,1,0.001,2.1,0.01,False,Credit Card,Central,7.8,39.83
39,2.0,Fashion,48.98,6,0.009,2.4,0.498,False,Credit Card,Este,8.9,566.49
28,3.5,Electronics,263.82,3,0.141,4.1,0.105,True,Credit Card,Norte,6.6,1057.72
38,1.0,Home & Living,154.51,1,0.169,5.7,0.173,False,Credit Card,Sur,4.0,106.42
43,0.5,Home & Living,95.68,1,0.41,10.0,0.328,False,Credit Card,Oeste,6.0,13.59
55,0.5,Fashion,100.01,5,0.179,3.6,0.299,False,Bank Transfer,Sur,7.8,344.5
49,0.5,Electronics,139.27,0,0.231,4.5,0.553,True,Bank Transfer,Sur,7.6,5.0
63,0.5,Electronics,181.36,2,0.034,3.3,0.215,True,Credit Card,Norte,8.0,506.68
28,0.5,Electronics,174.38,1,0.055,11.2,0.193,False,Bank Transfer,Central,7.7,192.13
48,1.0,Fashion,87.76,5,0.084,6.3,0.264,False,Credit Card,Central,7.0,556.94
40,0.9,Electronics,164.41,7,0.141,4.8,0.297,False,Credit Card,Sur,7.5,1321.22
64,15.0,Home & Living,100.61,7,0.123,1.9,0.401,True,Digital Wallet,Oeste,6.3,915.21
28,1.3,Home & Living,119.57,3,0.219,7.2,0.267,True,Credit Card,Norte,2.7,234.86
27,0.5,Fashion,65.11,6,0.086,0.7,0.552,True,Credit Card,Norte,7.9,755.95
30,2.8,Fashion,64.79,3,0.594,1.1,0.117,False,Credit Card,Oeste,5.9,15.34
18,6.8,Fashion,60.96,3,0.063,7.2,0.557,False,Bank Transfer,Central,8.8,196.32
31,4.0,Home & Living,58.09,2,0.199,2.8,0.187,False,Credit Card,Norte,8.3,129.54
28,1.2,Home & Living,93.91,8,0.387,3.7,0.25,False,Credit Card,Sur,7.8,155.86
39,2.9,Electronics,218.32,1,0.231,6.1,0.475,False,Digital Wallet,Norte,6.9,160.37
42,4.4,Electronics,191.3,2,0.167,8.5,0.459,True,Bank Transfer,Sur,6.8,517.64
60,4.6,Home & Living,66.6,5,0.164,2.5,0.196,False,Credit Card,Sur,5.5,259.7
49,3.8,Fashion,80.18,3,0.08,7.2,0.325,False,Credit Card,Norte,8.5,398.81
31,7.2,Electronics,137.93,1,0.578,8.0,0.338,False,Credit Card,Norte,8.3,16.05
27,7.1,Fashion,76.06,4,0.127,8.5,0.222,True,Credit Card,Oeste,5.1,686.61
43,3.0,Home & Living,79.02,9,0.004,2.4,0.282,True,Credit Card,Oeste,9.9,1521.28
22,2.0,Electronics,147.34,1,0.22,1.5,0.564,False,Bank Transfer,Central,6.8,111.33
59,3.6,Home & Living,54.55,3,0.002,5.7,0.383,True,Digital Wallet,Norte,8.2,278.47
52,6.0,Electronics,185.42,4,0.113,10.7,0.707,False,Bank Transfer,Este,3.4,501.2
32,0.5,Home & Living,107.39,1,0.0,2.8,0.179,False,Bank Transfer,Central,8.0,137.03
18,15.0,Fashion,90.88,5,0.017,4.7,0.632,True,Credit Card,Sur,2.0,443.73
54,0.7,Electronics,170.26,3,0.401,4.1,0.087,False,Digital Wallet,Sur,8.9,64.98
36,2.2,Fashion,100.03,3,0.16,6.7,0.047,False,Credit Card,Norte,8.2,328.98
52,7.2,Home & Living,44.83,3,0.084,7.3,0.446,False,Bank Transfer,Central,6.9,153.28
18,0.9,Home & Living,164.53,3,0.0,2.8,0.511,False,Bank Transfer,Central,2.7,324.73
30,2.3,Fashion,71.87,8,0.006,3.1,0.297,True,Credit Card,Central,7.8,1366.89
38,0.5,Fashion,82.83,4,0.033,1.3,0.186,True,Credit Card,Oeste,8.5,321.84
38,1.8,Fashion,83.58,8,0.338,4.9,0.633,False,Credit Card,Oeste,6.9,371.95
32,0.7,Fashion,95.33,4,0.058,3.9,0.539,False,Credit Card,Norte,3.8,365.31
45,1.6,Home & Living,104.58,2,0.005,4.2,0.208,True,Credit Card,Sur,2.0,163.62
25,1.6,Electronics,139.78,1,0.081,5.2,0.546,False,Credit Card,Este,6.8,207.66
36,15.0,Electronics,226.22,0,0.095,6.3,0.385,True,Bank Transfer,Sur,9.2,5.0
39,15.0,Fashion,83.91,4,0.008,3.3,0.404,True,Digital Wallet,Central,8.3,1004.18
44,0.5,Electronics,246.93,2,0.003,2.0,0.438,False,Credit Card,Este,8.3,630.7
46,4.5,Home & Living,77.12,5,0.015,5.2,0.23,False,Bank Transfer,Sur,6.7,530.36
24,0.5,Fashion,39.8,4,0.086,2.2,0.543,False,Credit Card,Este,9.1,191.7
19,0.5,Fashion,156.61,6,0.28,5.0,0.184,True,Credit Card,Este,7.1,631.95
53,0.5,Home & Living,87.09,2,0.143,3.4,0.574,False,Credit Card,Central,7.8,161.76
41,11.8,Fashion,90.56,3,0.057,4.1,0.339,True,Credit Card,Este,7.2,688.43
29,9.9,Fashion,76.89,8,0.472,1.8,0.253,False,Bank Transfer,Oeste,7.3,54.4
56,0.8,Electronics,227.12,1,0.013,6.2,0.565,True,Credit Card,Este,7.9,349.28
39,0.6,Fashion,42.25,4,0.195,8.1,0.672,False,Credit Card,Oeste,4.2,113.97
52,1.0,Electronics,106.84,2,0.003,3.8,0.19,False,Credit Card,Sur,8.1,309.85
38,2.5,Fashion,53.51,3,0.004,4.2,0.547,True,Digital Wallet,Norte,3.7,217.06
62,3.0,Fashion,54.96,7,0.011,3.4,0.513,True,Digital Wallet,Norte,6.8,614.08
59,0.9,Electronics,199.13,0,0.118,6.3,0.513,True,Credit Card,Oeste,7.4,5.0
35,4.9,Fashion,81.24,5,0.334,0.3,0.144,False,Bank Transfer,Central,7.9,214.78
49,1.3,Electronics,208.82,1,0.144,5.3,0.261,False,Credit Card,Norte,7.0,186.73
45,8.9,Home & Living,66.66,0,0.002,6.2,0.66,True,Credit Card,Central,9.0,5.0
54,3.7,Electronics,197.27,1,0.12,4.7,0.338,False,Digital Wallet,Oeste,7.8,209.86
26,2.0,Home & Living,120.21,2,0.154,7.0,0.443,False,Digital Wallet,Sur,6.7,270.08
46,5.5,Fashion,141.49,7,0.551,1.8,0.459,True,Bank Transfer,Este,8.1,99.16
50,6.0,Fashion,95.59,3,0.037,2.9,0.156,False,Credit Card,Central,9.2,461.3
18,1.2,Electronics,210.22,2,0.169,5.3,0.362,True,Credit Card,Oeste,7.0,447.93
23,1.5,Home & Living,137.41,3,0.005,5.4,0.215,True,Credit Card,Este,7.2,707.18
18,9.6,Electronics,168.45,0,0.117,8.4,0.259,True,Credit Card,Norte,8.8,5.0
34,0.6,Fashion,41.46,3,0.309,2.8,0.585,False,Bank Transfer,Oeste,8.7,63.63
46,0.5,Home & Living,150.18,5,0.004,2.8,0.01,False,Credit Card,Sur,7.5,828.16
56,2.1,Home & Living,90.6,1,0.004,4.7,0.078,True,Credit Card,Central,7.2,150.7
38,5.7,Fashion,92.44,3,0.065,8.7,0.068,True,Bank Transfer,Central,2.8,315.17
57,5.2,Home & Living,94.84,1,0.049,5.9,0.638,True,Bank Transfer,Central,7.9,158.94
21,8.8,Fashion,99.25,6,0.156,2.6,0.337,True,Digital Wallet,Central,8.8,688.53
18,2.7,Electronics,158.11,3,0.012,5.0,0.047,True,Digital Wallet,Sur,6.0,629.84
37,0.5,Fashion,104.9,3,0.141,8.0,0.357,False,Digital Wallet,Central,8.4,332.87
42,3.1,Electronics,195.18,1,0.051,5.6,0.064,False,Credit Card,Norte,3.4,209.62
37,5.3,Electronics,245.42,2,0.03,5.2,0.337,False,Credit Card,Sur,9.4,686.69
18,0.5,Home & Living,81.88,3,0.061,3.2,0.519,True,Credit Card,Norte,2.8,174.88
36,0.7,Fashion,46.9,7,0.032,5.9,0.415,False,Credit Card,Central,7.7,519.31
22,0.5,Electronics,177.68,1,0.049,8.2,0.653,False,Digital Wallet,Central,2.5,121.48
46,3.2,Home & Living,125.33,4,0.039,6.8,0.763,False,Credit Card,Este,6.0,765.21
42,7.6,Electronics,169.77,4,0.19,1.6,0.193,True,Digital Wallet,Central,6.4,1152.49
26,3.9,Home & Living,84.82,2,0.085,5.4,0.044,False,Bank Transfer,Este,6.2,223.53
31,14.1,Home & Living,105.26,2,0.012,7.1,0.671,False,Credit Card,Norte,8.5,473.01
25,0.5,Home & Living,57.19,4,0.003,3.8,0.104,False,Bank Transfer,Oeste,7.9,309.64
37,8.2,Home & Living,88.25,4,0.001,10.2,0.644,False,Credit Card,Oeste,8.0,767.1
49,5.9,Electronics,240.83,3,0.01,0.6,0.462,False,Bank Transfer,Este,8.0,895.58
26,1.3,Fashion,69.11,5,0.037,1.6,0.921,False,Credit Card,Sur,9.3,496.43
44,12.7,Electronics,111.29,0,0.117,4.5,0.139,True,Credit Card,Central,4.3,5.0
31,1.2,Electronics,181.49,2,0.052,11.3,0.128,True,Digital Wallet,Sur,8.6,632.5
28,7.7,Fashion,81.4,3,0.195,6.0,0.503,False,Bank Transfer,Central,2.0,150.67
36,7.4,Electronics,152.72,1,0.033,6.7,0.731,True,Credit Card,Este,7.8,391.01
25,5.0,Home & Living,115.52,4,0.03,0.9,0.049,True,Credit Card,Central,7.4,762.55
31,2.9,Home & Living,87.73,3,0.003,4.4,0.092,True,Credit Card,Sur,6.6,586.1
23,0.5,Fashion,92.02,5,0.212,2.7,0.248,False,Credit Card,Norte,10.0,470.26
61,2.7,Fashion,69.35,4,0.016,5.5,0.23,False,Bank Transfer,Norte,8.6,426.15
38,1.5,Fashion,57.57,5,0.097,3.4,0.847,True,Bank Transfer,Norte,5.9,414.38
29,5.5,Home & Living,51.38,5,0.027,7.8,0.73,False,Credit Card,Central,6.3,608.52
40,5.0,Fashion,44.6,6,0.376,9.3,0.188,False,Credit Card,Central,9.0,95.15
36,8.5,Electronics,112.11,1,0.029,8.4,0.071,True,Digital Wallet,Norte,9.5,277.21
35,0.5,Fashion,85.78,5,0.018,6.6,0.361,False,Bank Transfer,Central,7.4,568.7
45,5.8,Fashion,72.8,4,0.0,3.8,0.199,True,Credit Card,Oeste,8.0,688.87
47,9.8,Home & Living,122.58,5,0.208,2.6,0.113,True,Credit Card,Este,9.8,972.75
31,5.5,Electronics,216.78,1,0.004,6.8,0.196,False,Digital Wallet,Oeste,4.0,234.13
31,0.5,Electronics,106.78,0,0.244,4.9,0.526,False,Credit Card,Sur,7.0,5.0
34,0.5,Home & Living,201.1,6,0.149,1.7,0.914,False,Bank Transfer,Este,7.9,1098.75
18,0.5,Home & Living,182.83,1,0.084,3.1,0.701,False,Bank Transfer,Central,3.1,88.31
19,3.5,Home & Living,136.76,3,0.265,3.9,0.549,True,Digital Wallet,Norte,7.7,347.82
54,3.5,Fashion,38.09,3,0.067,3.1,0.643,False,Credit Card,Este,8.0,125.6
57,15.0,Fashion,63.59,3,0.334,4.4,0.315,True,Credit Card,Central,8.0,147.67
35,1.8,Fashion,15.0,4,0.369,2.7,0.06,False,Bank Transfer,Norte,2.2,9.24
44,1.4,Electronics,138.98,2,0.08,3.5,0.36,True,Credit Card,Norte,7.0,460.95
41,3.4,Fashion,92.88,5,0.188,1.3,0.512,False,Credit Card,Sur,6.3,583.13
74,6.1,Electronics,87.17,6,0.237,5.7,0.259,False,Digital Wallet,Central,7.0,377.75
51,9.7,Electronics,166.74,1,0.076,4.3,0.25,True,Digital Wallet,Sur,7.8,244.44
36,5.7,Home & Living,106.56,3,0.116,1.6,0.199,False,Digital Wallet,Central,8.0,418.56
26,1.9,Electronics,170.1,2,0.236,7.7,0.461,False,Credit Card,Norte,7.4,318.97
18,3.5,Home & Living,100.11,1,0.014,7.0,0.77,False,Credit Card,Sur,5.4,141.14
40,6.8,Electronics,146.59,2,0.023,3.5,0.174,True,Credit Card,Norte,5.1,620.8
28,2.4,Electronics,145.31,1,0.074,2.1,0.113,False,Bank Transfer,Central,2.2,90.27
20,0.9,Fashion,68.48,8,0.111,6.3,0.157,False,Credit Card,Oeste,8.2,717.76
30,0.7,Home & Living,120.65,2,0.086,4.2,0.228,False,Digital Wallet,Central,10.0,306.61
25,0.5,Fashion,77.7,8,0.107,3.0,0.3,False,Credit Card,Este,8.8,610.92
58,4.4,Home & Living,90.37,5,0.009,1.7,0.535,False,Credit Card,Sur,5.2,521.2
48,0.5,Electronics,246.03,1,0.131,5.6,0.081,False,Digital Wallet,Sur,4.1,163.28
37,1.0,Home & Living,90.31,1,0.032,6.9,0.15,False,Digital Wallet,Oeste,8.7,114.22
55,1.2,Electronics,239.21,2,0.036,11.9,0.227,False,Credit Card,Central,9.6,694.29
38,2.9,Home & Living,135.71,1,0.08,6.8,0.232,False,Credit Card,Norte,7.6,191.15
27,1.8,Fashion,66.07,8,0.13,5.0,0.07,False,Bank Transfer,Este,8.6,705.55
56,3.9,Home & Living,76.4,5,0.086,5.9,0.386,False,Bank Transfer,Este,7.5,439.5
44,0.5,Fashion,78.77,5,0.004,1.4,0.488,False,Digital Wallet,Central,10.0,549.61
25,0.5,Electronics,110.42,0,0.454,3.5,0.404,False,Credit Card,Central,6.5,5.0
35,2.4,Home & Living,91.92,2,0.031,3.4,0.513,False,Bank Transfer,Central,8.8,221.19
27,1.4,Electronics,175.31,0,0.054,2.2,0.494,False,Credit Card,Norte,5.9,5.0
21,1.2,Electronics,213.1,1,0.041,2.6,0.45,False,Credit Card,Sur,7.5,240.2
49,0.5,Home & Living,134.65,4,0.076,13.2,0.209,True,Bank Transfer,Norte,8.2,666.0
60,7.9,Electronics,140.28,3,0.255,3.7,0.601,True,Digital Wallet,Sur,8.7,530.11
21,4.1,Electronics,172.11,1,0.117,6.8,0.296,True,Digital Wallet,Sur,7.9,253.15
44,0.5,Fashion,24.34,3,0.104,3.8,0.405,True,Credit Card,Este,10.0,132.57
30,0.5,Home & Living,78.36,5,0.157,2.0,0.663,False,Digital Wallet,Este,7.6,356.72
32,12.9,Electronics,141.51,2,0.001,2.5,0.112,True,Digital Wallet,Sur,7.1,856.47
30,4.0,Fashion,91.67,7,0.143,9.0,0.711,False,Bank Transfer,Este,7.9,920.18
27,1.9,Fashion,66.23,6,0.25,1.8,0.106,False,Credit Card,Central,8.2,308.71
38,4.2,Home & Living,114.81,1,0.001,2.5,0.239,True,Digital Wallet,Sur,5.1,193.6
28,4.9,Home & Living,79.45,2,0.15,3.1,0.182,True,Credit Card,Norte,4.7,158.91
41,5.3,Home & Living,48.68,3,0.016,5.7,0.547,True,Bank Transfer,Sur,10.0,356.32
37,2.3,Fashion,68.84,5,0.124,5.8,0.276,True,Credit Card,Norte,8.2,587.85
35,2.0,Fashion,60.27,6,0.116,12.7,0.605,False,Credit Card,Central,8.0,509.51
27,0.5,Electronics,176.1,3,0.184,5.3,0.416,False,Credit Card,Central,8.4,429.48
31,9.1,Fashion,67.42,5,0.014,7.5,0.351,True,Bank Transfer,Sur,7.0,710.0
47,3.2,Home & Living,100.36,3,0.047,4.6,0.099,False,Credit Card,Norte,8.6,492.38
44,0.8,Fashion,106.03,3,0.048,10.6,0.366,False,Credit Card,Norte,9.4,530.33
26,8.8,Electronics,101.64,2,0.046,2.5,0.515,True,Credit Card,Este,9.1,465.61
39,8.6,Fashion,44.35,1,0.45,3.1,0.101,False,Digital Wallet,Central,7.4,5.0
47,15.0,Fashion,108.7,4,0.129,2.7,0.286,True,Bank Transfer,Norte,6.9,792.98
18,7.3,Fashion,79.15,5,0.038,3.8,0.259,True,Credit Card,Sur,3.4,466.84
44,15.0,Fashion,46.71,4,0.128,3.9,0.389,False,Digital Wallet,Sur,7.2,243.99
30,1.0,Fashion,99.58,8,0.312,0.5,0.325,False,Digital Wallet,Central,8.9,469.39
44,6.5,Electronics,183.57,1,0.0,7.2,0.243,False,Credit Card,Norte,8.4,309.94
28,6.1,Home & Living,56.84,3,0.005,7.4,0.597,True,Credit Card,Sur,7.6,402.4
18,0.9,Fashion,69.12,3,0.084,1.6,0.326,False,Credit Card,Este,6.2,183.78
18,0.5,Electronics,141.2,1,0.023,8.0,0.273,False,Credit Card,Norte,9.7,186.87
38,13.6,Electronics,185.43,1,0.074,1.2,0.147,True,Digital Wallet,Oeste,9.9,417.15
41,1.2,Home & Living,94.88,4,0.017,7.3,0.273,False,Credit Card,Norte,2.2,238.25
27,7.2,Home & Living,78.03,2,0.028,6.4,0.522,False,Credit Card,Sur,8.3,244.28
45,0.5,Fashion,115.11,6,0.068,1.7,0.204,True,Credit Card,Este,8.1,1134.8
18,0.5,Electronics,142.78,2,0.063,5.5,0.248,False,Credit Card,Este,8.6,367.38
37,2.2,Electronics,190.96,3,0.075,3.6,0.268,False,Digital Wallet,Central,6.6,782.53
23,1.0,Electronics,183.07,3,0.26,1.9,0.16,False,Credit Card,Norte,7.0,339.59
30,4.1,Fashion,59.95,4,0.445,3.9,0.543,True,Credit Card,Este,8.5,26.32
38,2.9,Fashion,30.97,5,0.406,3.8,0.465,True,Credit Card,Sur,9.3,33.91
27,0.5,Fashion,51.98,4,0.038,9.9,0.092,False,Credit Card,Este,5.1,275.72
33,0.6,Fashion,85.65,3,0.262,4.9,0.354,False,Credit Card,Central,7.4,211.28
50,1.7,Electronics,90.55,2,0.014,4.7,0.207,False,Digital Wallet,Este,8.4,223.36
31,0.7,Electronics,202.86,3,0.059,3.0,0.663,False,Bank Transfer,Sur,8.6,776.14
48,5.5,Fashion,55.17,10,0.096,8.6,0.149,True,Credit Card,Oeste,8.4,1381.21
24,1.9,Electronics,125.64,2,0.221,8.1,0.573,False,Credit Card,Central,7.7,226.99
44,0.5,Electronics,160.07,1,0.135,0.9,0.657,True,Digital Wallet,Sur,4.8,144.29
55,2.3,Fashion,84.48,5,0.12,11.0,0.118,False,Credit Card,Central,3.7,347.28
18,0.5,Home & Living,120.61,4,0.008,7.3,0.138,False,Credit Card,Norte,8.7,508.13
28,0.5,Home & Living,96.02,6,0.0,0.3,0.549,True,Digital Wallet,Central,6.1,832.42
44,1.0,Home & Living,53.44,1,0.434,8.4,0.279,True,Digital Wallet,Central,9.1,5.0
35,6.9,Fashion,103.99,4,0.234,2.1,0.248,False,Credit Card,Sur,7.4,452.93
42,9.0,Fashion,37.89,6,0.123,6.4,0.307,False,Bank Transfer,Norte,1.9,144.61
30,6.1,Electronics,240.16,3,0.219,10.7,0.688,False,Credit Card,Norte,7.3,915.63
39,1.4,Home & Living,71.05,3,0.057,2.5,0.275,False,Digital Wallet,Norte,8.5,255.86
36,1.1,Electronics,113.5,2,0.261,7.9,0.182,False,Credit Card,Oeste,6.9,207.67
52,2.8,Electronics,199.78,1,0.03,5.0,0.105,True,Bank Transfer,Central,6.6,244.94
41,4.5,Electronics,226.68,2,0.021,7.8,0.413,False,Bank Transfer,Norte,8.9,852.45
42,15.0,Home & Living,92.41,4,0.158,4.3,0.655,False,Credit Card,Central,7.3,399.7
33,0.5,Home & Living,109.29,2,0.03,4.1,0.271,False,Digital Wallet,Sur,8.2,247.06
32,0.5,Home & Living,86.53,1,0.272,4.6,0.498,False,Bank Transfer,Sur,8.8,62.41
32,4.1,Fashion,91.57,9,0.039,2.7,0.344,True,Digital Wallet,Este,6.9,1538.54
42,6.2,Fashion,112.37,6,0.095,2.7,0.402,True,Credit Card,Norte,8.5,1321.38
32,6.6,Home & Living,58.11,4,0.009,3.1,0.202,True,Digital Wallet,Sur,9.8,551.1
41,4.0,Fashion,64.91,5,0.054,5.1,0.664,False,Digital Wallet,Este,2.3,241.75
62,10.8,Home & Living,72.76,1,0.023,2.0,0.32,False,Credit Card,Sur,6.5,87.36
48,2.5,Electronics,148.78,1,0.02,6.4,0.233,False,Credit Card,Norte,2.6,112.79
34,8.6,Electronics,193.38,0,0.005,7.5,0.247,False,Credit Card,Este,5.8,5.0
52,12.0,Home & Living,98.3,2,0.001,3.0,0.066,False,Bank Transfer,Sur,9.2,294.96
33,6.6,Electronics,189.78,0,0.001,9.1,0.439,True,Bank Transfer,Norte,7.8,5.0
18,1.3,Home & Living,144.77,2,0.042,5.2,0.073,False,Credit Card,Sur,6.7,349.1
25,0.8,Fashion,77.95,3,0.138,4.9,0.185,False,Credit Card,Norte,8.5,289.52
18,2.8,Home & Living,133.98,4,0.0,4.2,0.134,False,Credit Card,Sur,6.7,569.19
33,2.1,Electronics,115.26,2,0.001,5.0,0.128,True,Credit Card,Norte,5.5,469.33
38,7.4,Fashion,92.53,6,0.246,2.8,0.267,False,Credit Card,Oeste,7.8,672.12
58,0.5,Fashion,84.75,2,0.082,4.7,0.312,False,Credit Card,Oeste,8.0,202.89
41,1.0,Fashion,29.73,7,0.037,1.9,0.483,False,Digital Wallet,Norte,6.5,309.77
35,4.9,Fashion,114.26,8,0.134,7.9,0.246,False,Credit Card,Sur,6.5,1404.99
47,0.5,Home & Living,93.26,7,0.412,3.3,0.41,False,Credit Card,Sur,1.5,29.76
18,1.4,Fashion,50.98,4,0.314,7.0,0.162,False,Digital Wallet,Sur,2.9,44.91
40,1.7,Electronics,155.68,2,0.026,4.8,0.353,False,Digital Wallet,Sur,9.7,513.4
47,3.4,Home & Living,117.16,5,0.246,4.7,0.428,False,Digital Wallet,Sur,7.2,429.11
20,0.6,Electronics,170.97,0,0.104,10.3,0.476,False,Bank Transfer,Sur,7.3,5.0
51,6.9,Fashion,53.19,5,0.03,2.4,0.165,True,Bank Transfer,Sur,6.5,445.19
42,2.1,Electronics,168.21,0,0.055,21.7,0.093,False,Credit Card,Oeste,2.3,5.0
33,8.7,Home & Living,97.26,3,0.069,6.2,0.605,True,Bank Transfer,Sur,8.2,534.89
45,2.2,Electronics,179.59,6,0.382,3.6,0.453,False,Credit Card,Este,6.7,235.07
65,1.1,Electronics,224.76,2,0.048,2.1,0.206,False,Credit Card,Norte,9.0,613.61
40,0.5,Home & Living,127.11,1,0.155,3.3,0.135,False,Digital Wallet,Central,9.4,121.25
40,0.5,Home & Living,122.18,5,0.002,5.3,0.177,False,Bank Transfer,Este,7.4,882.61
32,2.7,Electronics,126.47,6,0.225,4.6,0.623,False,Digital Wallet,Sur,8.4,894.52
27,0.5,Home & Living,118.32,3,0.081,3.0,0.379,False,Digital Wallet,Central,7.7,406.21
47,1.7,Home & Living,119.74,1,0.101,9.4,0.035,False,Digital Wallet,Norte,7.4,132.9
27,3.1,Electronics,185.06,0,0.003,3.1,0.55,True,Credit Card,Norte,8.3,5.0
38,1.1,Home & Living,93.77,3,0.015,4.5,0.567,False,Credit Card,Central,10.0,512.89
32,0.7,Fashion,122.43,6,0.277,4.6,0.205,False,Digital Wallet,Central,7.4,508.09
43,5.2,Fashion,65.4,9,0.316,4.3,0.354,False,Credit Card,Central,8.3,494.73
42,10.3,Fashion,27.83,1,0.153,4.5,0.416,True,Bank Transfer,Sur,4.0,31.63
50,0.5,Fashion,96.84,2,0.03,6.5,0.422,False,Credit Card,Norte,6.9,229.08
31,0.6,Electronics,204.48,1,0.149,5.9,0.183,False,Credit Card,Norte,7.0,236.13
34,11.3,Home & Living,66.01,5,0.045,5.8,0.063,False,Digital Wallet,Central,8.6,542.08
26,0.5,Electronics,211.85,4,0.388,3.6,0.518,False,Credit Card,Sur,9.3,179.75
32,13.3,Fashion,50.05,4,0.09,5.3,0.23,True,Credit Card,Este,10.0,579.76
42,0.5,Electronics,179.63,2,0.055,2.2,0.261,False,Bank Transfer,Este,1.3,182.09
47,7.2,Home & Living,106.77,2,0.261,3.2,0.364,True,Credit Card,Sur,7.1,209.41
26,1.3,Electronics,95.73,3,0.0,5.6,0.197,False,Bank Transfer,Oeste,8.6,394.57
48,9.8,Fashion,102.08,4,0.146,3.4,0.216,True,Credit Card,Central,7.7,665.51
54,1.3,Fashion,44.29,4,0.6,2.4,0.612,False,Digital Wallet,Sur,6.5,10.71
42,3.7,Home & Living,69.24,1,0.001,3.3,0.156,True,Credit Card,Sur,7.4,125.16
60,0.5,Fashion,125.43,2,0.358,2.3,0.229,False,Credit Card,Norte,8.0,76.01
28,1.0,Home & Living,139.83,4,0.033,1.4,0.311,False,Bank Transfer,Norte,3.6,415.52
23,5.2,Electronics,230.92,1,0.189,2.1,0.659,True,Digital Wallet,Central,8.5,281.06
18,2.6,Electronics,57.83,2,0.017,3.9,0.167,True,Bank Transfer,Sur,6.8,175.73
55,9.2,Fashion,61.8,9,0.027,6.1,0.303,False,Digital Wallet,Norte,8.8,885.25
45,2.0,Home & Living,113.74,4,0.0,7.2,0.234,True,Credit Card,Este,9.9,821.58
37,7.1,Electronics,129.83,2,0.138,5.0,0.334,True,Bank Transfer,Este,8.2,377.52
41,2.1,Electronics,208.86,1,0.063,2.0,0.373,True,Credit Card,Este,8.1,385.44
24,13.6,Electronics,109.92,3,0.506,5.8,0.381,False,Credit Card,Central,7.3,31.81
67,11.3,Fashion,107.67,3,0.502,3.0,0.166,False,Credit Card,Sur,8.0,29.65
39,1.4,Fashion,42.91,8,0.03,8.1,0.278,False,Credit Card,Este,7.1,629.37
39,7.6,Home & Living,69.36,5,0.007,4.4,0.51,False,Credit Card,Sur,7.4,722.91
46,6.6,Electronics,270.78,1,0.34,1.7,0.439,False,Bank Transfer,Central,8.2,118.57
43,0.8,Electronics,170.53,0,0.071,2.0,0.247,True,Digital Wallet,Sur,8.2,5.0
40,3.4,Electronics,151.13,0,0.265,5.6,0.073,False,Credit Card,Este,8.3,5.0
28,0.5,Fashion,165.06,4,0.205,6.3,0.613,True,Digital Wallet,Central,1.4,364.09
43,6.3,Fashion,70.64,4,0.18,15.9,0.224,False,Digital Wallet,Norte,6.6,453.31
60,0.7,Electronics,116.97,2,0.381,9.3,0.107,False,Credit Card,Central,9.4,52.49
54,0.5,Home & Living,102.01,4,0.061,5.6,0.376,False,Credit Card,Sur,7.2,485.1
57,1.8,Electronics,226.58,1,0.257,3.3,0.299,False,Digital Wallet,Oeste,6.8,149.65
31,3.0,Fashion,72.13,4,0.193,11.0,0.316,False,Credit Card,Central,6.4,335.8
26,6.8,Fashion,62.43,4,0.008,9.6,0.377,True,Credit Card,Central,7.8,643.56
36,12.8,Electronics,208.33,2,0.537,6.4,0.265,True,Digital Wallet,Norte,4.0,24.47
38,2.0,Home & Living,88.16,3,0.262,5.3,0.471,True,Digital Wallet,Central,5.0,197.83
51,0.5,Home & Living,76.52,6,0.366,5.5,0.543,False,Digital Wallet,Central,10.0,127.65
18,4.8,Fashion,62.27,3,0.339,8.0,0.142,True,Credit Card,Sur,6.3,93.54
56,2.9,Fashion,63.73,3,0.112,4.9,0.342,False,Digital Wallet,Central,6.8,200.55
36,2.1,Electronics,172.16,1,0.077,5.0,0.178,False,Credit Card,Central,7.4,202.04
32,1.3,Fashion,55.06,4,0.044,5.9,0.148,False,Credit Card,Norte,4.3,312.08
25,2.4,Electronics,193.04,1,0.111,6.5,0.096,True,Credit Card,Norte,7.7,253.02
18,1.4,Home & Living,95.25,6,0.003,5.4,0.161,False,Credit Card,Este,7.8,802.08
47,5.0,Electronics,231.95,2,0.141,5.7,0.4,False,Credit Card,Central,5.0,431.11
38,2.7,Electronics,203.57,1,0.002,5.0,0.033,False,Credit Card,Central,9.7,396.71
22,7.3,Electronics,207.59,1,0.122,3.6,0.222,True,Credit Card,Central,6.9,323.23
22,2.7,Electronics,124.43,3,0.011,2.2,0.382,False,Digital Wallet,Norte,9.0,471.29
33,1.0,Fashion,99.73,5,0.038,10.7,0.205,False,Credit Card,Sur,6.1,774.86
58,6.7,Electronics,226.39,4,0.23,3.6,0.32,False,Credit Card,Central,8.7,1002.57
34,2.9,Home & Living,34.27,4,0.185,1.6,0.413,True,Bank Transfer,Sur,7.4,164.22
19,0.8,Electronics,73.28,2,0.217,15.0,0.271,True,Bank Transfer,Sur,3.0,71.64
35,3.4,Fashion,58.86,3,0.202,1.7,0.627,False,Credit Card,Oeste,8.5,207.78
34,1.5,Fashion,85.13,1,0.197,2.8,0.48,False,Digital Wallet,Norte,2.9,47.29
18,6.5,Home & Living,48.76,2,0.169,3.4,0.228,False,Credit Card,Central,8.0,96.56
37,2.1,Home & Living,97.76,3,0.127,4.6,0.423,False,Credit Card,Central,8.1,472.93
35,4.5,Home & Living,91.06,2,0.0,7.0,0.198,True,Credit Card,Norte,9.1,484.84
46,0.5,Home & Living,22.71,3,0.0,10.8,0.501,True,Digital Wallet,Oeste,6.6,118.39
60,1.8,Fashion,91.74,10,0.079,6.9,0.148,True,Digital Wallet,Norte,3.8,970.17
51,14.3,Home & Living,85.23,4,0.004,5.1,0.387,True,Digital Wallet,Sur,9.9,712.5
34,5.8,Home & Living,87.22,3,0.125,7.4,0.212,True,Credit Card,Oeste,6.8,452.97
24,0.6,Electronics,222.91,2,0.022,2.4,0.296,True,Credit Card,Este,1.7,293.43
68,1.1,Fashion,70.1,5,0.09,3.8,0.329,False,Credit Card,Este,9.2,413.21
38,1.4,Electronics,276.88,1,0.002,4.0,0.206,True,Credit Card,Oeste,5.6,573.53
38,3.7,Fashion,87.05,10,0.009,5.8,0.449,False,Credit Card,Sur,1.8,632.85
37,5.0,Fashion,64.25,2,0.024,5.0,0.433,False,Credit Card,Oeste,5.3,248.92
40,4.8,Fashion,62.01,6,0.169,3.6,0.099,False,Bank Transfer,Central,7.9,442.07
36,2.5,Fashion,36.57,2,0.312,2.2,0.428,True,Bank Transfer,Norte,6.2,50.1
31,5.8,Home & Living,138.35,4,0.037,4.8,0.107,False,Credit Card,Sur,8.1,887.3
31,2.0,Fashion,68.54,4,0.329,2.3,0.414,False,Digital Wallet,Norte,8.8,129.35
37,0.5,Home & Living,84.48,2,0.0,1.0,0.369,True,Digital Wallet,Sur,8.3,257.5
31,2.9,Electronics,199.68,3,0.048,13.6,0.397,False,Credit Card,Sur,8.5,725.68
29,10.6,Fashion,33.74,2,0.031,2.9,0.303,True,Credit Card,Central,7.9,190.88
39,5.5,Fashion,61.71,4,0.1,9.0,0.615,False,Digital Wallet,Norte,9.0,437.5
34,3.0,Electronics,201.86,0,0.012,1.5,0.268,False,Credit Card,Central,7.9,5.0
56,3.6,Fashion,82.32,5,0.158,4.3,0.081,True,Credit Card,Este,8.4,607.5
18,9.3,Fashion,66.12,2,0.326,4.8,0.382,True,Credit Card,Este,3.8,70.11
51,2.0,Fashion,57.04,8,0.008,2.7,0.117,False,Credit Card,Sur,6.7,635.15
52,1.4,Fashion,37.42,4,0.289,8.1,0.187,False,Credit Card,Norte,2.5,40.71
18,13.2,Fashion,76.21,6,0.125,4.7,0.516,False,Bank Transfer,Norte,8.1,655.37
33,7.0,Electronics,196.66,0,0.104,5.3,0.595,False,Credit Card,Este,8.2,5.0
33,1.4,Fashion,108.02,3,0.088,4.4,0.037,True,Credit Card,Este,8.3,582.66
21,2.2,Electronics,91.29,2,0.187,7.6,0.344,False,Bank Transfer,Oeste,7.7,162.12
28,1.9,Electronics,290.71,0,0.001,1.6,0.537,False,Digital Wallet,Sur,7.1,5.0
24,0.6,Electronics,213.31,0,0.037,5.6,0.434,True,Bank Transfer,Oeste,3.8,5.0
59,11.1,Electronics,177.27,2,0.031,4.0,0.389,True,Credit Card,Norte,2.3,353.39
49,1.8,Electronics,170.94,2,0.001,2.6,0.501,False,Credit Card,Oeste,6.5,467.88
53,7.3,Electronics,119.1,2,0.009,8.7,0.139,True,Bank Transfer,Oeste,1.9,189.74
46,0.7,Electronics,134.83,0,0.183,2.2,0.384,True,Digital Wallet,Oeste,8.4,5.0
24,2.8,Fashion,89.26,4,0.099,2.5,0.309,True,Credit Card,Sur,6.4,615.8
31,0.5,Electronics,125.6,0,0.081,13.6,0.374,False,Digital Wallet,Central,5.0,5.0
43,5.1,Fashion,62.52,4,0.351,15.2,0.14,True,Credit Card,Norte,6.5,166.03
23,3.0,Home & Living,67.94,5,0.078,2.6,0.212,True,Digital Wallet,Central,7.6,489.26
46,3.4,Home & Living,94.73,4,0.13,3.8,0.208,False,Digital Wallet,Oeste,4.1,254.2
35,0.5,Electronics,180.84,2,0.023,6.2,0.231,True,Digital Wallet,Central,9.6,516.23
33,0.8,Home & Living,86.05,3,0.145,8.1,0.23,True,Bank Transfer,Central,10.0,383.54
46,0.5,Electronics,146.42,2,0.016,2.6,0.206,False,Credit Card,Central,6.5,446.99
43,1.2,Electronics,104.47,1,0.005,3.7,0.199,True,Digital Wallet,Norte,5.6,159.62
33,3.5,Home & Living,71.87,3,0.267,4.2,0.437,False,Credit Card,Este,2.2,82.97
51,2.9,Home & Living,49.25,2,0.065,1.3,0.354,True,Credit Card,Este,2.1,62.38
25,3.3,Fashion,43.44,0,0.062,1.2,0.558,False,Credit Card,Norte,10.0,5.0
45,2.8,Fashion,103.92,4,0.166,11.5,0.068,False,Credit Card,Oeste,6.3,471.82
45,1.1,Fashion,137.76,2,0.025,3.5,0.533,False,Bank Transfer,Norte,7.8,349.73
34,1.0,Electronics,171.78,2,0.035,3.8,0.128,False,Digital Wallet,Sur,4.0,295.39
41,0.5,Electronics,184.9,1,0.19,1.4,0.653,False,Credit Card,Sur,8.9,195.66
22,6.6,Fashion,63.29,5,0.307,6.7,0.073,False,Digital Wallet,Sur,6.8,151.78
49,3.4,Home & Living,162.36,3,0.005,1.1,0.332,False,Digital Wallet,Central,7.8,744.57
35,0.7,Electronics,78.23,0,0.101,1.7,0.114,False,Credit Card,Oeste,2.5,5.0
31,0.7,Home & Living,45.6,6,0.064,6.1,0.341,True,Credit Card,Este,6.5,485.92
50,7.2,Electronics,219.34,1,0.213,3.5,0.12,False,Credit Card,Central,7.6,214.24
29,4.8,Fashion,34.72,5,0.033,3.3,0.273,True,Credit Card,Central,8.6,366.27
21,3.8,Fashion,86.9,7,0.218,8.6,0.555,True,Digital Wallet,Sur,4.0,453.19
19,1.8,Fashion,130.84,5,0.276,8.4,0.155,True,Digital Wallet,Oeste,9.7,692.36
45,1.1,Electronics,178.42,2,0.011,2.3,0.287,True,Digital Wallet,Central,8.6,630.71
22,13.6,Fashion,70.78,9,0.065,11.3,0.234,True,Credit Card,Sur,2.3,772.45
59,5.6,Fashion,72.01,5,0.043,11.0,0.259,False,Credit Card,Este,7.5,596.97
18,1.3,Electronics,247.0,3,0.045,4.4,0.52,True,Bank Transfer,Central,10.0,828.5
58,6.6,Electronics,159.48,1,0.027,13.0,0.318,True,Digital Wallet,Central,2.8,154.92
40,5.0,Fashion,98.01,3,0.013,4.6,0.733,True,Credit Card,Oeste,7.9,683.25
36,1.2,Fashion,62.34,4,0.225,3.3,0.458,False,Digital Wallet,Este,6.0,271.28
31,1.9,Electronics,158.24,2,0.286,1.9,0.116,False,Digital Wallet,Oeste,9.2,200.73
42,0.7,Fashion,15.0,4,0.095,2.9,0.302,False,Digital Wallet,Norte,7.2,57.3
37,0.5,Home & Living,111.79,3,0.046,3.0,0.226,False,Bank Transfer,Central,3.7,232.32
51,4.5,Electronics,122.07,0,0.348,6.5,0.202,True,Credit Card,Norte,6.6,5.0
39,1.1,Fashion,66.81,3,0.6,5.5,0.449,True,Credit Card,Central,5.0,18.96
39,6.0,Electronics,248.38,0,0.031,9.0,0.311,False,Digital Wallet,Este,9.4,5.0
33,15.0,Electronics,103.39,1,0.003,6.6,0.182,True,Digital Wallet,Oeste,8.0,189.89
37,0.5,Electronics,144.71,0,0.136,2.3,0.139,False,Bank Transfer,Sur,9.4,5.0
41,2.2,Fashion,71.89,2,0.001,9.1,0.121,False,Credit Card,Central,8.6,260.16
18,5.7,Home & Living,64.77,4,0.033,4.0,0.675,False,Credit Card,Este,2.8,223.59
21,5.4,Electronics,189.85,2,0.31,2.2,0.329,False,Credit Card,Norte,7.3,220.96
46,5.0,Fashion,29.68,5,0.456,6.6,0.743,False,Credit Card,Sur,7.7,12.08
40,1.5,Fashion,74.28,10,0.066,5.9,0.519,False,Digital Wallet,Central,2.8,691.94
35,2.1,Electronics,150.42,2,0.359,7.9,0.191,False,Credit Card,Este,6.7,97.77
38,3.2,Fashion,91.77,5,0.224,7.6,0.069,False,Bank Transfer,Sur,8.6,527.14
42,12.8,Home & Living,136.12,5,0.138,6.1,0.083,False,Digital Wallet,Sur,6.3,776.44
31,1.4,Home & Living,111.07,3,0.107,1.9,0.369,False,Credit Card,Sur,9.8,481.52
28,9.0,Home & Living,48.86,1,0.319,8.3,0.355,False,Digital Wallet,Norte,8.2,34.75
40,1.1,Electronics,197.3,0,0.011,4.0,0.381,True,Credit Card,Sur,6.0,5.0
26,15.0,Home & Living,68.11,3,0.008,7.1,0.245,True,Credit Card,Central,7.7,459.26
42,3.9,Electronics,204.25,0,0.118,6.1,0.574,False,Digital Wallet,Norte,8.6,5.0
18,2.2,Fashion,65.66,4,0.145,5.6,0.185,False,Credit Card,Central,2.8,147.42
50,3.3,Home & Living,90.42,3,0.293,2.8,0.211,True,Credit Card,Sur,7.8,212.24
43,1.1,Electronics,135.16,0,0.016,11.5,0.601,False,Digital Wallet,Oeste,6.6,5.0
41,1.1,Fashion,79.88,3,0.03,3.3,0.338,False,Credit Card,Este,5.1,344.75
49,0.5,Fashion,82.05,3,0.033,1.7,0.164,False,Digital Wallet,Central,8.7,279.34
57,0.5,Fashion,94.18,3,0.6,3.7,0.139,False,Credit Card,Norte,7.5,20.35
50,1.5,Electronics,91.83,0,0.05,4.8,0.096,False,Digital Wallet,Central,7.8,5.0
18,5.0,Home & Living,97.95,7,0.002,4.4,0.127,False,Credit Card,Central,2.5,513.38
22,3.3,Fashion,104.41,10,0.6,7.4,0.552,False,Credit Card,Central,7.3,94.89
30,0.5,Electronics,192.33,5,0.002,4.5,0.504,False,Credit Card,Este,2.8,747.63
38,6.7,Electronics,155.15,2,0.006,3.0,0.222,True,Digital Wallet,Sur,7.6,700.93
44,3.2,Home & Living,93.57,0,0.12,3.5,0.132,False,Digital Wallet,Oeste,7.5,5.0
29,11.3,Electronics,89.35,1,0.034,1.0,0.27,False,Credit Card,Oeste,3.7,100.9
40,3.9,Electronics,233.66,0,0.008,3.6,0.525,False,Credit Card,Norte,8.7,5.0
28,0.7,Fashion,97.16,6,0.039,1.8,0.556,True,Credit Card,Norte,3.7,744.21
30,2.2,Fashion,78.95,7,0.254,6.6,0.366,True,Digital Wallet,Norte,7.8,666.99
21,3.7,Fashion,84.54,4,0.33,2.2,0.32,True,Credit Card,Central,8.3,216.2
26,0.5,Fashion,111.01,3,0.162,2.2,0.748,True,Credit Card,Oeste,9.5,477.58
21,0.5,Home & Living,97.82,1,0.001,6.7,0.425,False,Digital Wallet,Este,9.0,139.32
26,0.5,Home & Living,120.18,4,0.0,8.7,0.317,True,Bank Transfer,Norte,8.4,851.68
50,1.0,Electronics,59.44,1,0.034,6.5,0.738,True,Credit Card,Norte,5.9,108.2
26,2.0,Fashion,71.63,6,0.071,3.5,0.358,False,Credit Card,Norte,7.6,611.16
69,2.3,Home & Living,57.55,3,0.043,7.0,0.243,True,Credit Card,Sur,6.2,288.19
43,0.5,Fashion,109.08,5,0.389,15.3,0.164,False,Bank Transfer,Sur,6.1,101.76
40,3.9,Fashion,59.71,0,0.077,3.1,0.67,True,Digital Wallet,Norte,9.7,5.0
27,3.2,Electronics,217.98,3,0.008,7.8,0.519,False,Digital Wallet,Norte,6.5,1151.15
46,1.2,Fashion,107.13,3,0.281,4.9,0.469,True,Credit Card,Central,5.5,258.99
31,0.5,Fashion,60.85,3,0.081,12.0,0.581,True,Digital Wallet,Norte,8.3,417.2
39,0.5,Fashion,80.4,5,0.02,7.3,0.284,False,Credit Card,Oeste,2.9,393.7
68,1.7,Home & Living,101.97,0,0.003,9.3,0.357,True,Credit Card,Este,7.5,5.0
36,0.6,Electronics,168.11,3,0.216,5.9,0.167,True,Digital Wallet,Oeste,4.7,370.91
51,1.7,Electronics,151.84,2,0.111,3.8,0.299,False,Digital Wallet,Norte,7.8,338.0
29,3.5,Electronics,211.46,1,0.339,7.7,0.482,True,Bank Transfer,Central,9.4,119.25
37,2.8,Fashion,73.45,5,0.097,4.4,0.123,False,Digital Wallet,Este,7.1,592.42
59,0.9,Electronics,211.06,0,0.008,4.6,0.551,True,Bank Transfer,Sur,4.1,5.0
30,1.5,Fashion,77.73,6,0.174,1.6,0.429,False,Credit Card,Norte,3.7,348.44
59,3.3,Electronics,165.57,2,0.029,1.8,0.081,False,Credit Card,Este,7.7,471.77
46,6.9,Fashion,15.0,4,0.042,4.0,0.202,True,Credit Card,Sur,8.9,135.48
31,4.9,Electronics,141.29,0,0.348,5.3,0.195,False,Credit Card,Sur,7.8,5.0
45,2.8,Home & Living,111.44,1,0.093,4.2,0.345,False,Digital Wallet,Central,9.5,132.01
49,1.6,Fashion,104.44,7,0.107,7.4,0.305,True,Credit Card,Central,8.3,943.3
45,1.6,Home & Living,80.71,1,0.029,6.6,0.235,False,Digital Wallet,Norte,9.2,114.65
19,7.4,Fashion,91.27,6,0.208,5.5,0.517,False,Credit Card,Este,6.4,628.91
29,0.5,Electronics,184.28,3,0.128,9.5,0.37,True,Digital Wallet,Sur,6.6,703.57
35,15.0,Electronics,240.63,2,0.045,5.5,0.074,False,Credit Card,Oeste,8.3,825.22
37,3.8,Home & Living,147.36,2,0.006,2.2,0.227,False,Credit Card,Este,6.9,430.58
45,4.0,Fashion,106.68,5,0.11,6.0,0.099,True,Digital Wallet,Este,8.4,745.7
40,0.5,Electronics,215.47,4,0.126,4.6,0.29,True,Digital Wallet,Este,8.5,1141.81
21,3.3,Fashion,92.04,6,0.04,1.7,0.579,True,Bank Transfer,Sur,9.7,907.78
42,2.3,Fashion,89.53,5,0.341,3.9,0.753,True,Credit Card,Oeste,6.0,256.64
45,0.5,Electronics,169.25,0,0.011,1.0,0.447,True,Digital Wallet,Norte,3.4,5.0
44,1.1,Electronics,105.06,2,0.0,5.2,0.149,False,Credit Card,Central,8.7,336.2
50,7.7,Home & Living,142.22,4,0.023,2.4,0.369,True,Credit Card,Sur,2.9,554.14
48,2.8,Electronics,212.53,2,0.011,1.9,0.105,False,Digital Wallet,Oeste,10.0,623.77
43,1.9,Electronics,151.75,1,0.155,2.7,0.604,True,Credit Card,Norte,9.6,272.5
37,0.5,Electronics,219.08,2,0.018,8.8,0.784,True,Credit Card,Central,7.5,904.53
18,4.4,Electronics,196.47,3,0.001,2.3,0.07,True,Bank Transfer,Sur,9.9,1262.57
43,4.2,Fashion,97.36,5,0.372,3.2,0.376,True,Digital Wallet,Este,9.1,229.85
40,3.3,Electronics,208.84,0,0.313,3.7,0.415,False,Digital Wallet,Este,10.0,5.0
41,2.5,Electronics,241.28,1,0.013,4.6,0.435,False,Credit Card,Este,6.9,401.41
22,2.0,Home & Living,145.0,3,0.008,2.9,0.208,True,Digital Wallet,Sur,3.2,366.99
25,3.1,Electronics,197.13,2,0.006,5.8,0.114,True,Credit Card,Norte,7.4,850.02
50,0.9,Fashion,59.14,5,0.054,5.1,0.413,False,Credit Card,Este,7.8,342.5
37,9.9,Fashion,84.04,7,0.005,9.4,0.436,True,Credit Card,Este,8.7,2082.79
46,3.1,Fashion,60.36,3,0.027,3.8,0.637,False,Bank Transfer,Sur,9.6,263.04
38,1.3,Home & Living,99.05,5,0.0,10.1,0.31,False,Digital Wallet,Este,6.8,694.3
38,2.1,Electronics,209.6,2,0.006,3.5,0.269,False,Credit Card,Norte,7.6,751.32
49,5.7,Home & Living,81.13,3,0.457,9.4,0.449,True,Credit Card,Central,8.1,21.11
31,0.6,Home & Living,121.04,2,0.001,3.0,0.355,False,Digital Wallet,Sur,6.8,336.12
39,1.2,Fashion,65.58,2,0.008,3.1,0.11,True,Digital Wallet,Norte,9.4,234.61
32,4.0,Electronics,282.54,1,0.512,0.6,0.639,False,Digital Wallet,Central,5.0,19.14
32,1.3,Electronics,128.91,4,0.158,2.3,0.424,False,Digital Wallet,Sur,9.8,732.04
34,5.5,Fashion,54.28,3,0.161,3.6,0.385,True,Credit Card,Norte,5.0,241.2
40,0.5,Home & Living,89.86,2,0.008,7.0,0.194,False,Credit Card,Central,10.0,323.87
32,5.0,Fashion,87.09,8,0.082,3.8,0.236,False,Credit Card,Sur,8.6,1235.99
53,0.5,Electronics,217.2,0,0.101,4.1,0.073,False,Bank Transfer,Central,9.5,5.0
27,0.5,Electronics,229.31,1,0.057,3.2,0.275,False,Credit Card,Oeste,8.3,252.14
35,8.0,Fashion,69.96,3,0.004,3.1,0.194,True,Digital Wallet,Central,7.2,405.17
32,3.0,Fashion,114.9,4,0.14,2.0,0.094,False,Credit Card,Sur,7.6,695.39
55,1.5,Electronics,193.87,0,0.028,8.7,0.209,False,Digital Wallet,Sur,4.6,5.0
40,0.9,Electronics,132.78,1,0.024,1.7,0.448,True,Credit Card,Norte,9.6,258.39
50,3.4,Fashion,77.49,3,0.6,3.8,0.602,True,Bank Transfer,Sur,7.0,19.24
20,2.5,Fashion,70.5,5,0.216,5.6,0.026,False,Digital Wallet,Central,8.5,315.95
41,15.0,Fashion,98.83,3,0.407,2.0,0.009,True,Digital Wallet,Norte,7.8,61.16
48,14.3,Home & Living,82.89,5,0.0,1.1,0.077,False,Bank Transfer,Central,6.6,493.54
38,3.5,Fashion,109.51,5,0.444,9.0,0.51,False,Digital Wallet,Central,9.5,64.61
50,2.0,Electronics,164.34,1,0.093,4.8,0.128,False,Credit Card,Norte,6.9,186.55
31,2.4,Fashion,102.2,8,0.091,5.6,0.369,False,Bank Transfer,Central,6.5,1266.7
54,4.0,Home & Living,74.02,4,0.001,1.6,0.385,False,Digital Wallet,Central,8.2,368.24
65,0.5,Home & Living,111.11,1,0.318,7.3,0.167,True,Bank Transfer,Sur,3.1,29.65
33,1.4,Home & Living,91.66,4,0.064,4.9,0.554,True,Credit Card,Norte,6.6,617.86
32,0.5,Electronics,128.48,2,0.172,2.2,0.337,True,Credit Card,Norte,9.2,380.19
55,0.5,Home & Living,106.04,3,0.105,6.3,0.407,True,Credit Card,Sur,6.9,408.26
56,0.8,Home & Living,32.48,4,0.036,12.0,0.219,False,Digital Wallet,Norte,5.8,151.16
31,2.3,Fashion,119.89,3,0.004,2.8,0.509,True,Credit Card,Este,6.9,737.97
32,5.4,Electronics,240.75,2,0.007,4.6,0.338,True,Credit Card,Central,7.2,885.74
34,2.3,Home & Living,79.87,4,0.001,1.8,0.124,True,Credit Card,Sur,9.2,678.67
21,1.4,Fashion,95.72,5,0.076,2.5,0.516,False,Credit Card,Central,8.9,583.53
26,0.5,Electronics,151.09,2,0.073,0.6,0.139,False,Digital Wallet,Central,7.1,363.09
25,2.8,Electronics,195.35,2,0.011,2.1,0.25,False,Digital Wallet,Central,6.7,588.91
28,1.1,Fashion,45.23,6,0.077,5.1,0.087,True,Bank Transfer,Central,8.1,478.59
37,3.3,Fashion,99.55,6,0.021,4.4,0.135,True,Digital Wallet,Norte,8.1,1189.66
40,13.2,Electronics,188.69,0,0.004,0.8,0.116,True,Digital Wallet,Sur,7.9,5.0
56,0.5,Fashion,84.93,3,0.117,4.9,0.353,False,Credit Card,Central,6.7,242.33
26,0.8,Home & Living,105.87,2,0.055,5.9,0.238,True,Credit Card,Oeste,10.0,328.57
49,2.2,Fashion,33.53,4,0.382,5.0,0.134,False,Credit Card,Este,8.4,42.38
35,12.1,Electronics,114.48,0,0.055,1.6,0.136,True,Credit Card,Sur,9.6,5.0
37,5.2,Fashion,69.84,5,0.055,2.5,0.094,False,Digital Wallet,Este,8.3,650.36
46,8.0,Electronics,226.08,0,0.007,5.5,0.104,True,Credit Card,Este,7.8,5.0
24,1.4,Electronics,164.06,3,0.115,5.3,0.102,False,Credit Card,Norte,7.9,550.17
42,15.0,Fashion,55.72,2,0.25,4.0,0.658,True,Credit Card,Norte,8.7,163.03
39,0.5,Home & Living,58.81,3,0.229,2.2,0.312,False,Credit Card,Este,8.2,153.23
43,0.5,Fashion,30.4,3,0.253,6.1,0.411,True,Digital Wallet,Sur,8.8,84.39
41,6.8,Electronics,73.8,3,0.108,3.5,0.253,True,Digital Wallet,Central,2.7,219.87
67,9.2,Fashion,65.71,3,0.045,11.3,0.213,True,Digital Wallet,Sur,6.9,354.85
30,0.5,Fashion,89.25,6,0.049,7.1,0.319,False,Credit Card,Central,6.5,896.63
31,0.5,Home & Living,119.31,2,0.004,0.4,0.094,False,Digital Wallet,Central,2.7,152.41
30,0.5,Home & Living,94.69,7,0.006,5.8,0.084,True,Bank Transfer,Norte,2.3,429.98
31,0.5,Electronics,172.63,3,0.0,2.9,0.616,False,Digital Wallet,Norte,8.8,899.68
30,0.8,Electronics,180.1,0,0.017,16.7,0.609,False,Digital Wallet,Sur,6.1,5.0
52,12.3,Electronics,208.03,1,0.089,4.0,0.508,True,Credit Card,Norte,9.6,396.93
55,3.9,Home & Living,112.8,5,0.001,1.8,0.161,False,Credit Card,Central,6.9,499.89
31,5.3,Electronics,129.44,0,0.057,2.7,0.541,True,Credit Card,Sur,8.1,5.0
28,5.2,Electronics,176.68,0,0.033,6.2,0.557,True,Bank Transfer,Central,7.3,5.0
43,2.7,Fashion,107.31,1,0.018,5.0,0.368,True,Credit Card,Oeste,7.6,215.62
31,5.6,Electronics,194.96,2,0.001,6.1,0.46,True,Bank Transfer,Este,7.4,882.08
45,3.2,Electronics,195.91,5,0.042,7.3,0.183,False,Credit Card,Central,8.1,1748.26
40,1.3,Fashion,76.48,3,0.175,6.6,0.108,False,Digital Wallet,Sur,5.8,231.66
19,2.9,Electronics,115.33,3,0.348,2.6,0.374,True,Credit Card,Sur,5.8,134.25
56,2.7,Fashion,107.03,5,0.21,2.9,0.549,False,Credit Card,Sur,8.8,560.93
59,6.1,Home & Living,110.77,7,0.062,4.3,0.242,True,Credit Card,Norte,9.4,1455.04
30,14.0,Electronics,207.1,4,0.001,7.1,0.294,True,Credit Card,Central,6.9,2232.82
33,1.9,Fashion,53.24,5,0.03,6.1,0.135,False,Credit Card,Norte,8.0,453.42
41,5.0,Home & Living,79.89,2,0.003,5.2,0.613,True,Credit Card,Este,9.0,323.04
42,0.5,Home & Living,88.71,4,0.061,9.1,0.663,True,Credit Card,Oeste,7.0,618.47
45,5.2,Fashion,71.44,7,0.201,4.4,0.218,False,Credit Card,Oeste,9.5,640.21
62,1.6,Fashion,65.26,6,0.113,8.6,0.093,False,Digital Wallet,Este,2.5,237.05
35,0.5,Electronics,159.64,0,0.092,5.3,0.363,False,Credit Card,Oeste,7.3,5.0
28,1.6,Fashion,72.73,0,0.078,6.0,0.167,True,Credit Card,Central,7.8,5.0
21,3.3,Home & Living,56.04,2,0.108,9.9,0.23,False,Credit Card,Norte,9.4,169.29
29,0.5,Fashion,47.51,7,0.079,4.4,0.338,True,Bank Transfer,Central,3.7,308.87
37,9.0,Fashion,81.18,4,0.149,7.8,0.193,True,Credit Card,Sur,1.4,260.97
59,0.5,Electronics,202.96,1,0.264,4.9,0.105,False,Digital Wallet,Norte,9.2,119.76
31,9.3,Fashion,50.6,6,0.089,10.8,0.195,False,Credit Card,Oeste,6.1,478.56
40,4.3,Fashion,67.13,4,0.142,1.8,0.098,False,Digital Wallet,Oeste,7.7,367.42
37,1.4,Fashion,135.12,4,0.29,1.1,0.397,True,Credit Card,Central,8.2,503.38
52,1.7,Electronics,263.24,2,0.006,3.1,0.684,False,Digital Wallet,Central,6.9,535.46
68,4.7,Fashion,86.39,2,0.214,6.3,0.555,False,Bank Transfer,Sur,6.2,105.21
31,3.2,Fashion,121.9,5,0.151,1.1,0.152,False,Credit Card,Sur,9.2,920.75
32,3.9,Electronics,61.34,1,0.006,5.6,0.127,True,Credit Card,Norte,6.0,129.63
50,1.7,Electronics,193.16,1,0.021,5.7,0.495,False,Digital Wallet,Central,7.7,243.03
46,2.3,Electronics,216.08,2,0.029,0.8,0.346,False,Bank Transfer,Central,3.4,372.0
60,15.0,Fashion,37.05,4,0.159,5.0,0.311,True,Digital Wallet,Central,10.0,255.66
45,0.8,Fashion,114.23,5,0.018,1.8,0.355,False,Bank Transfer,Oeste,7.3,780.27
33,1.9,Home & Living,92.37,3,0.001,4.2,0.413,True,Digital Wallet,Norte,8.5,506.51
45,1.2,Electronics,216.02,0,0.531,5.2,0.3,True,Credit Card,Sur,8.6,5.0
51,5.1,Home & Living,54.67,0,0.143,1.4,0.16,False,Credit Card,Este,7.8,5.0
47,5.1,Fashion,98.22,6,0.128,3.1,0.273,True,Credit Card,Norte,3.8,531.5
44,1.2,Fashion,77.82,5,0.497,3.7,0.386,False,Credit Card,Oeste,4.2,15.45
50,0.5,Electronics,126.63,0,0.191,8.5,0.243,False,Credit Card,Norte,7.9,5.0
52,0.5,Electronics,98.02,0,0.403,4.7,0.32,False,Credit Card,Norte,9.6,5.0
54,2.0,Home & Living,75.08,3,0.138,7.1,0.317,False,Credit Card,Central,5.1,198.46
45,1.8,Electronics,200.88,1,0.212,12.7,0.261,True,Digital Wallet,Norte,6.5,195.96
35,15.0,Electronics,202.27,1,0.065,1.6,0.263,True,Credit Card,Norte,4.7,288.69
39,2.2,Electronics,260.32,3,0.044,3.7,0.15,True,Credit Card,Este,7.0,1303.2
52,1.0,Home & Living,41.64,6,0.004,11.9,0.486,True,Credit Card,Sur,2.7,253.24
28,7.8,Electronics,83.3,1,0.018,7.5,0.331,True,Digital Wallet,Este,6.7,194.2
42,2.4,Electronics,166.9,2,0.245,4.5,0.038,False,Digital Wallet,Norte,7.3,286.85
33,3.2,Fashion,55.48,5,0.482,9.2,0.581,False,Digital Wallet,Central,7.3,30.83
38,0.5,Fashion,52.41,5,0.007,3.4,0.402,False,Bank Transfer,Central,8.0,311.38
53,1.7,Fashion,69.03,5,0.6,4.1,0.521,False,Bank Transfer,Este,3.4,12.23
40,10.1,Fashion,75.06,5,0.033,4.4,0.106,False,Credit Card,Norte,7.0,694.0
38,3.1,Home & Living,117.41,4,0.0,8.9,0.281,False,Credit Card,Central,7.8,918.79
21,1.5,Home & Living,69.45,5,0.017,3.5,0.5,False,Credit Card,Norte,8.1,506.12
46,3.4,Home & Living,53.3,2,0.024,8.9,0.42,False,Digital Wallet,Sur,8.4,179.34
45,8.4,Electronics,157.26,2,0.046,2.3,0.124,True,Credit Card,Norte,7.8,620.93
63,1.1,Home & Living,87.07,1,0.0,4.4,0.274,False,Digital Wallet,Central,7.6,105.85
34,2.5,Electronics,198.96,1,0.07,3.3,0.303,False,Credit Card,Este,1.0,113.54
40,11.2,Electronics,168.62,1,0.383,7.9,0.277,True,Digital Wallet,Central,6.6,64.32
40,0.7,Home & Living,145.79,4,0.019,7.1,0.272,True,Digital Wallet,Central,8.4,1314.91
56,4.5,Home & Living,44.01,8,0.01,9.5,0.251,True,Credit Card,Norte,7.1,656.62
36,3.3,Fashion,119.88,7,0.038,3.0,0.477,False,Bank Transfer,Central,3.1,818.63
41,4.0,Home & Living,82.44,0,0.0,10.0,0.158,False,Credit Card,Norte,7.9,5.0
45,1.5,Home & Living,95.72,5,0.014,1.9,0.543,False,Bank Transfer,Este,6.2,693.33
40,1.3,Fashion,62.47,7,0.485,4.1,0.255,True,Digital Wallet,Central,5.6,32.81
32,4.0,Fashion,97.77,3,0.088,8.3,0.484,False,Credit Card,Este,7.6,640.07
40,0.8,Home & Living,127.3,4,0.029,4.9,0.176,True,Digital Wallet,Norte,7.2,727.02
50,1.9,Electronics,164.94,3,0.593,2.8,0.087,False,Bank Transfer,Sur,9.7,28.67
25,0.7,Electronics,116.44,1,0.051,9.5,0.255,False,Credit Card,Norte,3.4,94.79
39,0.5,Home & Living,45.07,6,0.039,3.6,0.283,True,Credit Card,Oeste,2.9,255.08
29,12.3,Electronics,169.87,3,0.027,6.3,0.412,True,Credit Card,Norte,8.1,1400.78
52,2.0,Electronics,254.19,2,0.0,4.4,0.267,False,Digital Wallet,Central,6.7,543.77
19,12.2,Electronics,166.24,0,0.003,2.3,0.153,True,Digital Wallet,Norte,8.6,5.0
31,0.5,Fashion,82.74,5,0.106,2.9,0.201,False,Digital Wallet,Este,9.1,463.31
42,3.1,Home & Living,85.32,2,0.012,2.7,0.193,False,Credit Card,Sur,5.5,259.78
56,0.8,Fashion,83.81,5,0.443,10.8,0.154,True,Credit Card,Sur,8.1,40.8
37,5.5,Fashion,86.69,3,0.079,3.7,0.274,False,Digital Wallet,Este,5.9,383.4
31,5.4,Home & Living,102.77,5,0.016,2.8,0.081,True,Credit Card,Sur,5.7,756.53
60,0.5,Home & Living,159.66,3,0.182,2.6,0.421,False,Credit Card,Central,8.7,398.57
20,8.5,Fashion,58.51,2,0.154,5.7,0.206,True,Credit Card,Central,7.7,163.44
18,0.8,Home & Living,133.9,5,0.0,2.4,0.446,False,Credit Card,Norte,7.6,859.97
43,3.3,Fashion,96.42,0,0.054,4.1,0.267,False,Credit Card,Central,9.7,5.0
31,14.9,Electronics,189.88,1,0.026,5.7,0.261,True,Digital Wallet,Sur,4.6,297.17
25,7.5,Electronics,212.31,2,0.002,13.3,0.344,False,Credit Card,Norte,6.9,676.37
46,11.0,Fashion,86.62,4,0.016,2.3,0.625,True,Credit Card,Norte,7.2,776.33
40,1.5,Fashion,104.34,5,0.015,5.4,0.558,False,Credit Card,Oeste,8.3,930.49
31,0.5,Fashion,18.21,5,0.114,6.1,0.383,False,Credit Card,Central,6.5,133.97
22,0.7,Fashion,96.34,7,0.171,10.3,0.323,False,Digital Wallet,Norte,7.5,711.14
48,2.4,Electronics,222.77,3,0.094,10.7,0.051,True,Digital Wallet,Este,9.0,1359.97
45,5.5,Electronics,222.68,3,0.29,2.4,0.237,True,Credit Card,Central,2.0,263.76
36,0.6,Fashion,56.66,3,0.475,1.9,0.729,False,Credit Card,Norte,5.8,12.45
60,3.8,Electronics,210.31,0,0.264,0.6,0.385,True,Credit Card,Norte,7.4,5.0
25,1.4,Fashion,51.83,0,0.076,3.4,0.058,True,Credit Card,Este,8.6,5.0
19,1.5,Fashion,58.33,3,0.044,5.8,0.363,True,Credit Card,Central,9.6,293.36
29,3.8,Fashion,79.25,4,0.233,1.3,0.252,False,Bank Transfer,Oeste,6.9,231.98
37,2.2,Electronics,222.93,1,0.041,3.5,0.603,True,Bank Transfer,Oeste,2.0,169.73
40,5.9,Fashion,96.88,4,0.087,1.1,0.449,False,Credit Card,Norte,8.1,650.37
35,0.6,Home & Living,125.28,2,0.0,1.1,0.255,False,Digital Wallet,Norte,8.2,326.72
42,5.5,Home & Living,61.31,3,0.209,3.1,0.131,False,Credit Card,Central,7.0,181.56
22,0.5,Home & Living,74.98,3,0.107,5.3,0.023,True,Credit Card,Sur,8.5,255.07
55,0.8,Fashion,116.6,2,0.131,6.2,0.639,False,Digital Wallet,Sur,7.1,209.43
37,3.7,Electronics,163.71,2,0.1,5.9,0.396,True,Credit Card,Norte,7.6,650.18
51,6.8,Fashion,61.76,3,0.241,4.7,0.55,False,Credit Card,Oeste,7.1,135.86
42,1.0,Home & Living,150.87,8,0.081,3.1,0.416,False,Credit Card,Este,3.7,794.03
43,1.4,Electronics,177.99,5,0.208,8.7,0.306,True,Bank Transfer,Este,9.2,785.85
44,2.7,Electronics,149.29,1,0.01,2.6,0.324,False,Credit Card,Norte,7.7,207.62
43,0.8,Electronics,246.87,3,0.077,3.7,0.065,False,Credit Card,Central,7.0,1162.56
45,5.8,Fashion,48.5,7,0.097,4.5,0.246,True,Credit Card,Sur,9.3,719.81
53,5.2,Fashion,91.98,4,0.245,3.5,0.388,False,Bank Transfer,Central,5.9,266.46
40,0.5,Electronics,206.34,3,0.049,1.0,0.434,True,Credit Card,Norte,9.2,1081.22
46,2.2,Home & Living,97.95,2,0.028,1.1,0.621,False,Credit Card,Este,8.8,276.18
36,5.2,Fashion,74.51,2,0.314,3.9,0.351,False,Digital Wallet,Sur,7.4,88.05
55,1.4,Electronics,168.98,4,0.027,3.4,0.179,False,Digital Wallet,Sur,6.1,697.82
29,3.5,Electronics,166.43,2,0.083,7.9,0.297,False,Credit Card,Este,6.6,501.13
59,0.5,Electronics,204.88,1,0.26,6.7,0.011,True,Credit Card,Norte,8.4,138.75
37,3.3,Fashion,56.46,0,0.269,4.0,0.143,False,Digital Wallet,Oeste,7.2,5.0
20,0.6,Electronics,149.67,2,0.158,9.3,0.369,False,Credit Card,Central,8.2,306.47
39,6.2,Fashion,77.57,4,0.118,11.4,0.448,False,Credit Card,Central,6.7,486.61
29,1.5,Home & Living,94.01,1,0.093,6.5,0.608,False,Digital Wallet,Sur,6.4,136.62
48,1.2,Fashion,57.24,7,0.223,10.7,0.198,False,Digital Wallet,Norte,6.8,373.65
30,6.4,Electronics,194.92,1,0.485,11.7,0.19,True,Credit Card,Este,7.1,23.42
32,0.5,Fashion,96.4,5,0.133,5.4,0.185,False,Credit Card,Sur,8.4,662.77
18,1.8,Home & Living,70.02,2,0.195,3.7,0.097,True,Digital Wallet,Central,9.5,132.89
32,1.6,Electronics,270.82,2,0.381,9.3,0.343,True,Credit Card,Norte,6.4,210.13
18,1.2,Electronics,347.11,2,0.001,8.8,0.063,False,Digital Wallet,Norte,7.4,746.06
18,8.5,Fashion,99.03,7,0.227,4.5,0.228,True,Digital Wallet,Central,10.0,759.24
47,4.9,Fashion,114.9,1,0.087,2.2,0.314,True,Bank Transfer,Sur,7.7,158.54
47,0.5,Electronics,171.41,4,0.056,3.7,0.498,True,Bank Transfer,Este,2.0,504.93
43,4.4,Fashion,109.46,1,0.008,4.5,0.779,False,Credit Card,Este,6.2,175.9
26,2.6,Fashion,41.25,3,0.102,7.4,0.294,False,Credit Card,Oeste,1.9,89.37
37,8.1,Home & Living,117.29,1,0.003,10.6,0.147,False,Credit Card,Sur,9.1,189.59
37,1.3,Electronics,195.67,1,0.288,7.7,0.592,True,Digital Wallet,Central,6.8,175.89
24,3.0,Home & Living,15.0,8,0.003,6.8,0.352,False,Digital Wallet,Norte,10.0,174.66
56,2.4,Electronics,231.02,3,0.36,8.9,0.203,True,Credit Card,Oeste,8.9,328.25
48,2.4,Fashion,67.25,3,0.504,4.4,0.387,False,Credit Card,Central,4.9,11.16
35,2.1,Fashion,71.67,6,0.105,3.2,0.051,True,Credit Card,Este,8.4,819.0
38,0.8,Fashion,36.57,6,0.02,2.6,0.037,True,Credit Card,Central,8.9,401.24
40,4.9,Home & Living,37.78,3,0.004,3.8,0.105,False,Digital Wallet,Este,10.0,197.66
18,2.1,Electronics,268.19,2,0.006,6.6,0.499,False,Credit Card,Sur,7.9,701.86
35,11.1,Fashion,99.71,1,0.401,2.5,0.251,False,Digital Wallet,Oeste,7.1,22.0
29,1.1,Electronics,214.21,0,0.034,3.2,0.23,False,Credit Card,Sur,7.0,5.0
25,4.0,Fashion,43.65,6,0.6,5.5,0.248,False,Bank Transfer,Central,2.4,9.84
34,9.9,Electronics,99.3,7,0.0,10.7,0.155,True,Digital Wallet,Oeste,5.3,1525.97
59,3.8,Home & Living,125.23,4,0.0,2.5,0.129,True,Credit Card,Norte,6.5,813.54
45,7.2,Home & Living,71.02,6,0.03,10.3,0.227,False,Digital Wallet,Norte,8.3,780.94
31,6.2,Home & Living,110.01,2,0.022,6.9,0.606,True,Credit Card,Sur,3.3,318.83
44,1.6,Electronics,137.0,1,0.131,1.4,0.096,False,Credit Card,Este,6.9,150.06
54,3.2,Fashion,111.71,4,0.286,1.9,0.242,False,Digital Wallet,Norte,7.8,253.45
49,0.6,Electronics,144.43,2,0.296,1.8,0.69,False,Credit Card,Este,9.5,152.99
38,2.7,Home & Living,157.21,5,0.005,0.7,0.764,False,Credit Card,Sur,9.3,1223.47
30,0.9,Fashion,76.68,4,0.008,1.2,0.695,False,Credit Card,Norte,10.0,505.28
46,4.8,Fashion,41.43,5,0.599,3.2,0.148,False,Credit Card,Este,3.4,9.98
42,2.6,Fashion,64.93,1,0.092,6.6,0.258,True,Credit Card,Sur,7.6,124.73
48,1.9,Electronics,212.64,2,0.096,2.1,0.426,False,Digital Wallet,Este,7.6,434.37
45,1.1,Fashion,67.9,8,0.161,4.4,0.523,False,Credit Card,Norte,6.6,517.95
50,15.0,Electronics,167.05,0,0.18,3.4,0.114,True,Credit Card,Sur,6.3,5.0
31,0.5,Home & Living,76.38,2,0.031,8.4,0.566,False,Credit Card,Sur,3.2,128.8
53,0.5,Home & Living,76.87,5,0.002,5.6,0.609,True,Credit Card,Norte,6.4,516.66
40,0.9,Fashion,103.3,2,0.056,6.3,0.346,False,Credit Card,Sur,7.8,298.61
62,12.4,Home & Living,35.9,1,0.025,2.3,0.482,False,Digital Wallet,Sur,7.5,54.65
29,13.6,Electronics,83.22,0,0.049,2.0,0.125,True,Digital Wallet,Central,7.0,5.0
58,3.7,Home & Living,110.73,2,0.314,4.3,0.305,True,Credit Card,Este,8.0,115.22
40,7.4,Electronics,162.21,2,0.007,4.2,0.637,True,Digital Wallet,Oeste,7.5,696.59
30,0.8,Fashion,113.95,6,0.21,4.7,0.584,True,Bank Transfer,Norte,8.7,647.05
32,12.5,Fashion,71.72,12,0.183,1.5,0.426,True,Credit Card,Norte,7.7,1276.21
34,0.5,Electronics,180.69,1,0.0,3.2,0.234,False,Credit Card,Este,3.2,118.13
43,0.5,Fashion,76.46,4,0.01,6.4,0.098,False,Credit Card,Central,7.4,594.82
44,0.5,Electronics,75.24,1,0.07,7.3,0.167,False,Credit Card,Este,6.6,100.12
31,3.0,Home & Living,175.93,2,0.533,5.4,0.305,True,Credit Card,Norte,8.5,38.64
37,5.3,Electronics,174.95,2,0.373,2.0,0.451,False,Digital Wallet,Norte,7.6,144.32
63,1.6,Fashion,56.71,4,0.119,4.0,0.501,True,Digital Wallet,Sur,7.5,342.42
58,13.3,Home & Living,153.34,3,0.273,11.2,0.393,True,Digital Wallet,Norte,7.1,516.17
43,2.0,Electronics,210.82,5,0.004,3.9,0.371,False,Credit Card,Norte,7.8,1761.28
38,0.6,Fashion,79.82,4,0.15,2.0,0.658,False,Digital Wallet,Norte,7.4,361.74
39,2.2,Fashion,29.4,2,0.509,4.0,0.158,True,Credit Card,Norte,7.4,6.45
45,4.0,Electronics,184.65,0,0.088,9.1,0.376,False,Bank Transfer,Sur,7.3,5.0
25,6.2,Home & Living,61.41,3,0.144,8.8,0.57,True,Credit Card,Sur,9.1,321.23
34,2.1,Electronics,132.41,3,0.164,3.2,0.418,False,Credit Card,Norte,8.1,589.76
18,3.2,Electronics,231.28,2,0.171,15.7,0.42,True,Digital Wallet,Central,7.1,546.07
42,1.1,Fashion,123.13,5,0.04,5.0,0.316,True,Credit Card,Norte,3.6,922.43
45,3.6,Fashion,66.55,6,0.003,3.9,0.132,False,Credit Card,Central,5.0,789.49
32,14.9,Home & Living,102.98,2,0.165,4.6,0.082,True,Bank Transfer,Norte,6.7,298.58
56,0.5,Home & Living,79.69,2,0.015,4.3,0.44,False,Credit Card,Norte,10.0,216.74
23,7.6,Fashion,88.91,3,0.022,1.9,0.255,False,Credit Card,Central,5.5,464.67
20,2.9,Fashion,97.26,6,0.069,8.0,0.248,True,Credit Card,Central,8.1,1206.74
40,1.0,Electronics,72.87,1,0.412,3.4,0.507,False,Credit Card,Sur,8.3,8.75
50,10.8,Electronics,283.5,0,0.071,6.6,0.38,True,Digital Wallet,Central,4.0,5.0
58,2.3,Fashion,44.69,5,0.059,8.3,0.529,True,Credit Card,Este,6.8,395.47
32,1.4,Home & Living,111.99,4,0.093,4.5,0.594,False,Credit Card,Norte,5.6,547.37
50,0.7,Electronics,263.09,2,0.332,6.5,0.434,True,Digital Wallet,Sur,10.0,289.5
37,1.0,Electronics,188.12,3,0.193,2.5,0.167,True,Credit Card,Este,6.6,666.84
35,6.3,Fashion,79.2,8,0.005,8.5,0.242,True,Digital Wallet,Este,3.2,963.41
48,3.3,Electronics,101.57,0,0.535,7.0,0.278,False,Credit Card,Central,8.7,5.0
45,8.6,Fashion,122.81,4,0.05,5.9,0.213,True,Credit Card,Norte,8.7,1100.64
19,0.9,Fashion,104.76,4,0.152,6.2,0.64,False,Credit Card,Norte,5.9,324.58
55,0.5,Fashion,98.05,4,0.284,12.0,0.032,False,Digital Wallet,Central,6.0,227.03
54,0.5,Electronics,158.25,3,0.0,12.9,0.076,True,Credit Card,Central,7.2,667.82
30,2.5,Home & Living,74.19,2,0.022,3.1,0.703,False,Digital Wallet,Este,7.1,212.01
42,15.0,Electronics,218.36,2,0.078,3.7,0.279,True,Digital Wallet,Norte,3.2,532.48
43,4.2,Home & Living,95.9,4,0.406,3.4,0.22,False,Credit Card,Norte,4.4,34.84
41,1.3,Fashion,106.53,4,0.6,3.2,0.455,False,Credit Card,Sur,7.3,38.16
31,7.3,Home & Living,92.75,3,0.077,6.9,0.027,False,Digital Wallet,Central,10.0,549.71
29,5.3,Fashion,72.44,3,0.308,5.1,0.259,True,Credit Card,Norte,7.5,179.95
37,0.5,Electronics,179.15,3,0.398,5.2,0.249,False,Credit Card,Este,9.7,109.9
52,5.9,Home & Living,125.35,2,0.041,3.1,0.283,True,Credit Card,Norte,6.7,482.08
44,1.3,Fashion,80.32,4,0.132,5.6,0.797,True,Digital Wallet,Oeste,7.1,524.42
33,0.6,Electronics,240.09,5,0.046,1.1,0.873,False,Bank Transfer,Norte,2.8,769.04
47,0.9,Electronics,129.47,0,0.14,0.8,0.226,True,Credit Card,Oeste,7.4,5.0
18,2.2,Fashion,98.99,3,0.283,6.5,0.482,False,Digital Wallet,Central,3.0,83.6
51,1.9,Fashion,96.63,6,0.35,2.3,0.418,False,Digital Wallet,Este,2.2,105.7
18,1.2,Fashion,73.45,6,0.087,5.7,0.385,False,Digital Wallet,Sur,8.5,634.56
33,0.7,Fashion,53.82,5,0.021,2.3,0.218,False,Credit Card,Central,5.1,402.27
24,5.0,Fashion,84.58,6,0.136,4.3,0.1,False,Bank Transfer,Central,4.9,457.87
22,15.0,Home & Living,63.6,6,0.012,3.1,0.206,True,Bank Transfer,Central,7.1,608.05
51,5.3,Fashion,83.03,2,0.096,3.0,0.257,True,Digital Wallet,Sur,2.8,125.02
32,1.2,Electronics,209.65,2,0.066,4.9,0.05,False,Credit Card,Norte,6.6,674.56
42,1.0,Home & Living,133.08,3,0.036,4.1,0.773,True,Digital Wallet,Oeste,6.2,677.62
37,0.9,Electronics,174.0,1,0.021,12.2,0.198,True,Bank Transfer,Norte,9.3,335.45
43,0.5,Fashion,89.62,7,0.188,5.0,0.692,True,Credit Card,Oeste,7.0,757.75
38,2.8,Fashion,109.32,6,0.394,2.4,0.433,True,Digital Wallet,Oeste,8.5,179.21
22,3.3,Fashion,84.65,4,0.027,0.2,0.181,True,Credit Card,Norte,6.1,506.61
49,4.3,Electronics,228.01,0,0.025,2.9,0.312,False,Bank Transfer,Norte,3.1,5.0
32,4.0,Electronics,180.85,1,0.14,9.0,0.307,True,Digital Wallet,Norte,8.0,334.4
19,1.2,Fashion,112.81,6,0.309,5.0,0.258,False,Digital Wallet,Central,5.3,318.04
32,1.4,Home & Living,97.18,1,0.054,2.4,0.421,False,Digital Wallet,Central,1.6,59.01
56,4.0,Fashion,98.04,6,0.375,1.0,0.132,True,Credit Card,Central,2.8,93.15
48,1.5,Fashion,94.73,6,0.308,1.8,0.607,False,Credit Card,Sur,6.9,246.99
33,0.8,Electronics,177.42,1,0.019,4.5,0.282,True,Credit Card,Oeste,9.8,328.83
33,1.6,Electronics,94.69,5,0.444,2.0,0.263,True,Credit Card,Central,8.5,52.16
34,1.1,Electronics,207.85,0,0.15,3.1,0.102,True,Credit Card,Norte,6.8,5.0
62,0.5,Electronics,126.99,2,0.092,0.6,0.507,False,Digital Wallet,Este,8.5,245.47
42,6.2,Fashion,68.38,5,0.117,6.9,0.457,False,Credit Card,Central,7.9,559.34
43,6.7,Electronics,120.58,3,0.6,2.6,0.264,False,Digital Wallet,Sur,8.0,31.02
50,0.9,Electronics,299.68,0,0.001,6.3,0.099,False,Credit Card,Norte,6.7,5.0
40,0.5,Fashion,125.8,3,0.098,4.4,0.203,False,Credit Card,Norte,6.3,398.28
34,4.7,Home & Living,96.62,6,0.004,5.3,0.345,True,Credit Card,Central,2.7,763.23
35,0.8,Home & Living,82.72,6,0.002,7.0,0.189,False,Digital Wallet,Este,6.6,596.08
37,1.7,Fashion,40.89,5,0.402,4.9,0.348,False,Credit Card,Norte,7.0,35.77
37,0.5,Electronics,213.22,4,0.005,2.7,0.291,False,Credit Card,Oeste,6.8,852.68
46,0.9,Fashion,65.08,4,0.034,4.4,0.53,False,Bank Transfer,Central,8.7,415.9
38,5.5,Electronics,142.56,1,0.001,0.6,0.398,True,Credit Card,Sur,7.1,314.38
46,5.7,Fashion,50.18,4,0.159,3.8,0.262,False,Credit Card,Central,6.7,237.46
37,0.8,Home & Living,59.22,1,0.206,10.4,0.45,False,Digital Wallet,Central,9.7,52.53
38,1.4,Fashion,104.72,3,0.6,4.7,0.241,True,Bank Transfer,Norte,8.3,25.89
18,0.5,Home & Living,73.15,4,0.001,4.0,0.253,False,Bank Transfer,Central,7.7,334.24
48,0.5,Fashion,130.4,5,0.571,3.0,0.612,True,Credit Card,Este,10.0,61.41
42,15.0,Fashion,75.08,1,0.46,4.8,0.222,True,Credit Card,Oeste,8.8,9.69
49,3.7,Electronics,134.51,0,0.153,7.1,0.408,False,Bank Transfer,Norte,8.3,5.0
18,2.7,Home & Living,82.59,3,0.014,0.8,0.085,True,Credit Card,Este,8.4,391.52
63,5.1,Electronics,208.55,3,0.024,9.3,0.249,True,Credit Card,Oeste,3.4,607.87
36,6.4,Home & Living,63.94,2,0.004,6.1,0.755,False,Credit Card,Central,8.3,263.17
51,5.8,Electronics,208.0,4,0.292,1.7,0.272,False,Digital Wallet,Norte,7.4,400.69
25,0.5,Electronics,138.17,1,0.185,4.1,0.439,True,Bank Transfer,Norte,7.9,133.89
45,0.7,Home & Living,97.24,2,0.027,4.6,0.501,True,Credit Card,Sur,3.5,213.39
25,3.7,Electronics,161.17,1,0.075,4.7,0.52,False,Credit Card,Este,7.1,236.21
30,1.6,Home & Living,131.18,1,0.024,6.0,0.092,False,Digital Wallet,Norte,7.1,176.27
60,14.2,Electronics,107.47,2,0.034,3.5,0.428,True,Digital Wallet,Sur,7.5,351.47
35,3.8,Home & Living,94.51,6,0.061,6.4,0.189,False,Credit Card,Este,8.9,783.04
40,11.0,Fashion,58.98,9,0.0,4.1,0.647,True,Credit Card,Norte,10.0,1596.09
48,0.8,Fashion,96.84,7,0.31,1.4,0.818,True,Credit Card,Oeste,3.1,228.22
43,7.0,Fashion,89.16,2,0.363,2.6,0.526,True,Bank Transfer,Norte,7.5,96.65
39,1.4,Electronics,208.61,0,0.109,4.9,0.184,False,Credit Card,Norte,3.3,5.0
42,15.0,Home & Living,125.03,4,0.012,6.6,0.482,True,Credit Card,Norte,6.6,1135.24
66,0.6,Electronics,155.45,1,0.096,2.6,0.501,False,Credit Card,Norte,7.1,174.49
37,2.5,Fashion,49.79,4,0.316,5.1,0.309,False,Credit Card,Norte,6.3,123.35
40,5.5,Fashion,61.9,4,0.266,3.1,0.748,False,Bank Transfer,Sur,7.4,171.1
50,2.0,Fashion,78.04,2,0.119,8.4,0.309,True,Bank Transfer,Oeste,3.3,127.52
51,2.2,Electronics,120.76,2,0.132,4.3,0.157,True,Digital Wallet,Norte,9.1,290.85
52,15.0,Electronics,219.77,0,0.052,9.7,0.112,False,Digital Wallet,Sur,7.8,5.0
45,1.9,Electronics,215.77,3,0.001,6.7,0.251,False,Digital Wallet,Norte,7.1,930.98
24,3.2,Home & Living,65.12,5,0.001,3.2,0.055,False,Digital Wallet,Este,8.6,476.92
57,0.5,Electronics,209.73,2,0.036,3.5,0.281,False,Credit Card,Central,6.1,432.73
24,6.5,Home & Living,109.9,3,0.0,1.5,0.103,True,Credit Card,Norte,7.6,602.43
41,3.7,Electronics,46.39,2,0.599,4.7,0.345,False,Digital Wallet,Sur,8.4,8.66
28,1.8,Electronics,171.19,2,0.221,8.0,0.532,True,Digital Wallet,Sur,2.6,247.74
37,0.5,Fashion,56.09,2,0.008,6.8,0.478,False,Credit Card,Este,6.4,176.04
41,3.1,Electronics,173.67,0,0.367,5.6,0.394,True,Bank Transfer,Oeste,7.7,5.0
41,0.5,Fashion,67.01,4,0.194,5.7,0.427,True,Credit Card,Sur,5.0,311.41
43,0.5,Home & Living,82.59,6,0.006,8.8,0.233,False,Digital Wallet,Este,1.9,316.18
57,3.4,Electronics,188.09,0,0.214,5.1,0.212,False,Credit Card,Sur,6.1,5.0
43,0.7,Home & Living,98.44,0,0.011,5.9,0.194,True,Credit Card,Norte,3.1,5.0
35,0.7,Fashion,44.08,7,0.138,6.6,0.148,False,Digital Wallet,Oeste,7.9,375.91
49,3.7,Electronics,231.12,2,0.107,13.2,0.431,False,Digital Wallet,Norte,8.8,700.95
52,0.5,Electronics,199.86,1,0.116,7.1,0.332,False,Digital Wallet,Este,6.2,206.44
23,1.3,Home & Living,73.95,5,0.179,13.8,0.369,False,Digital Wallet,Central,6.4,362.08
45,0.6,Electronics,145.67,4,0.044,1.6,0.207,False,Credit Card,Sur,8.1,855.29
46,3.0,Home & Living,63.8,4,0.018,6.6,0.13,False,Credit Card,Sur,3.7,255.11
34,3.8,Fashion,46.84,2,0.016,2.3,0.065,False,Credit Card,Este,7.5,173.5
54,4.5,Electronics,195.54,2,0.015,3.8,0.067,False,Credit Card,Este,8.8,625.28
36,1.0,Fashion,81.46,2,0.036,7.1,0.341,False,Bank Transfer,Central,6.7,186.33
39,0.5,Home & Living,44.28,2,0.033,3.1,0.238,True,Digital Wallet,Norte,7.1,130.33
35,0.5,Fashion,45.86,5,0.332,3.2,0.419,False,Credit Card,Norte,6.8,99.13
38,1.9,Fashion,29.69,6,0.08,2.5,0.049,True,Digital Wallet,Norte,6.9,288.14
24,10.2,Home & Living,89.46,3,0.047,7.5,0.179,True,Credit Card,Norte,6.5,479.96
20,0.9,Electronics,190.61,1,0.0,3.9,0.712,False,Credit Card,Central,2.8,140.88
57,1.0,Home & Living,118.87,5,0.001,11.7,0.42,False,Credit Card,Central,7.6,754.86
27,0.5,Home & Living,100.0,3,0.001,7.7,0.283,False,Credit Card,Central,7.3,392.58
26,3.3,Fashion,72.53,6,0.002,5.5,0.093,False,Credit Card,Norte,8.7,765.01
18,4.0,Home & Living,59.96,3,0.064,6.3,0.103,False,Credit Card,Norte,9.2,238.52
30,3.6,Fashion,74.57,5,0.102,6.9,0.125,False,Digital Wallet,Este,8.5,553.79
22,6.9,Fashion,26.73,6,0.345,1.4,0.553,True,Credit Card,Central,7.5,99.0
57,2.3,Fashion,112.45,9,0.013,3.6,0.265,False,Digital Wallet,Norte,9.1,1618.51
50,0.5,Fashion,75.6,2,0.045,11.6,0.455,False,Digital Wallet,Central,6.3,160.67
29,1.2,Fashion,97.93,2,0.249,3.7,0.612,False,Credit Card,Norte,5.0,152.92
65,3.8,Electronics,145.24,3,0.058,5.5,0.174,False,Credit Card,Oeste,7.3,650.36
49,3.3,Fashion,79.77,8,0.121,6.5,0.311,False,Credit Card,Central,5.4,890.74
34,2.7,Electronics,242.73,2,0.208,3.5,0.755,True,Credit Card,Central,7.2,793.05
18,4.0,Electronics,132.29,0,0.17,11.5,0.184,False,Credit Card,Sur,8.7,5.0
65,3.6,Electronics,159.62,0,0.042,2.2,0.112,True,Credit Card,Central,8.0,5.0
21,7.5,Home & Living,89.49,6,0.265,4.4,0.324,False,Bank Transfer,Norte,8.5,370.96
18,3.1,Fashion,61.64,9,0.405,8.0,0.124,False,Credit Card,Sur,6.4,79.03
50,5.3,Fashion,49.68,7,0.318,3.3,0.019,True,Bank Transfer,Norte,7.9,216.28
67,1.0,Electronics,226.52,2,0.237,2.8,0.536,False,Credit Card,Central,8.2,299.03
54,4.0,Fashion,106.28,6,0.166,10.4,0.251,True,Digital Wallet,Norte,2.9,564.95
44,8.1,Electronics,213.39,2,0.146,8.2,0.322,False,Bank Transfer,Sur,6.2,572.66
45,1.7,Electronics,88.0,0,0.079,7.5,0.349,False,Bank Transfer,Oeste,6.2,5.0
48,5.3,Fashion,84.88,9,0.099,4.1,0.761,False,Credit Card,Este,9.0,1356.15
47,4.5,Fashion,67.06,5,0.043,3.3,0.16,False,Credit Card,Central,8.1,541.13
41,0.5,Electronics,197.06,1,0.098,2.6,0.281,False,Credit Card,Sur,7.7,270.24
39,3.0,Fashion,78.37,1,0.21,7.1,0.395,False,Credit Card,Sur,8.4,94.05
37,0.5,Home & Living,59.36,0,0.014,4.0,0.053,True,Credit Card,Central,6.8,5.0
28,12.0,Electronics,72.07,2,0.074,10.6,0.126,False,Digital Wallet,Sur,6.2,212.4
34,5.8,Electronics,209.43,0,0.017,5.0,0.344,True,Bank Transfer,Sur,7.6,5.0
18,0.5,Fashion,94.02,3,0.071,1.7,0.231,True,Bank Transfer,Central,9.0,326.7
36,0.5,Electronics,130.36,0,0.031,10.1,0.56,False,Bank Transfer,Norte,8.2,5.0
26,3.2,Home & Living,83.99,7,0.029,2.3,0.569,True,Bank Transfer,Norte,6.3,955.26
24,1.5,Fashion,60.02,4,0.325,7.2,0.239,False,Credit Card,Sur,2.0,67.02
40,0.5,Fashion,71.36,5,0.197,3.2,0.282,False,Digital Wallet,Central,8.7,357.72
54,2.7,Fashion,94.78,3,0.391,7.0,0.156,False,Credit Card,Oeste,7.9,55.72
49,1.7,Fashion,99.55,4,0.182,4.6,0.191,False,Credit Card,Central,7.2,387.16
19,0.5,Electronics,41.57,3,0.041,4.1,0.121,False,Digital Wallet,Norte,3.6,89.87
26,5.7,Home & Living,15.0,3,0.001,5.9,0.042,True,Credit Card,Central,8.1,93.81
49,8.6,Fashion,40.25,7,0.431,3.0,0.063,True,Digital Wallet,Central,6.2,25.23
26,4.9,Electronics,159.39,3,0.09,1.3,0.252,False,Digital Wallet,Central,8.5,836.94
35,6.0,Fashion,97.11,7,0.084,2.4,0.15,False,Credit Card,Norte,7.7,1317.26
44,0.9,Electronics,226.64,1,0.031,13.4,0.133,False,Credit Card,Oeste,2.9,188.62
26,1.1,Electronics,189.69,1,0.106,3.9,0.456,False,Credit Card,Central,7.5,199.89
39,0.8,Fashion,66.62,3,0.269,13.6,0.039,False,Bank Transfer,Oeste,7.0,142.34
21,5.1,Fashion,132.66,3,0.051,3.7,0.052,True,Digital Wallet,Norte,9.3,694.48
30,10.3,Fashion,104.8,8,0.043,12.6,0.022,True,Credit Card,Este,9.2,2287.29
41,4.4,Electronics,132.84,2,0.024,3.2,0.127,True,Credit Card,Sur,8.6,522.47
18,7.5,Fashion,83.0,5,0.451,1.8,0.232,False,Bank Transfer,Central,10.0,31.64
43,3.6,Electronics,129.37,0,0.159,6.2,0.505,False,Credit Card,Sur,9.9,5.0
37,1.7,Fashion,52.33,2,0.155,11.2,0.407,False,Digital Wallet,Este,7.1,155.71
44,1.9,Fashion,48.46,6,0.6,5.8,0.51,False,Credit Card,Central,8.2,24.18
40,0.5,Fashion,60.8,7,0.21,7.2,0.22,False,Bank Transfer,Sur,7.3,402.99
54,0.5,Home & Living,71.86,3,0.001,10.4,0.688,False,Credit Card,Sur,6.7,260.26
39,4.2,Home & Living,63.68,4,0.004,3.7,0.519,True,Credit Card,Central,7.8,445.8
32,2.0,Home & Living,112.06,1,0.049,4.0,0.574,True,Digital Wallet,Sur,8.5,198.0
39,2.8,Home & Living,122.07,0,0.073,3.4,0.43,True,Credit Card,Sur,9.0,5.0
44,2.9,Home & Living,131.82,4,0.024,3.3,0.453,False,Bank Transfer,Central,7.3,543.08
38,1.1,Home & Living,86.94,1,0.066,3.9,0.369,True,Credit Card,Norte,7.1,168.01
38,2.3,Home & Living,109.09,8,0.12,0.9,0.263,True,Credit Card,Norte,7.6,1600.54
29,2.2,Fashion,80.37,3,0.234,9.7,0.723,False,Digital Wallet,Sur,6.5,210.03
30,1.7,Electronics,247.36,2,0.056,4.5,0.465,False,Digital Wallet,Sur,8.2,615.94
21,6.0,Electronics,179.68,3,0.001,1.9,0.773,False,Credit Card,Sur,7.8,852.12
58,2.1,Home & Living,122.13,4,0.009,6.2,0.214,True,Credit Card,Norte,6.7,566.43
23,3.2,Fashion,115.21,5,0.334,7.0,0.282,True,Credit Card,Norte,8.6,409.13
29,7.9,Home & Living,92.58,3,0.007,4.2,0.512,False,Credit Card,Este,7.0,453.96
29,7.0,Electronics,138.45,1,0.055,1.2,0.313,True,Digital Wallet,Este,8.1,255.5
48,7.7,Fashion,89.84,8,0.466,1.9,0.385,True,Credit Card,Sur,7.4,73.13
34,1.1,Fashion,95.3,2,0.138,0.8,0.132,False,Credit Card,Norte,9.0,224.9
52,0.5,Home & Living,89.31,1,0.016,6.7,0.33,True,Credit Card,Central,4.6,74.52
29,1.1,Electronics,125.49,3,0.012,12.2,0.211,True,Bank Transfer,Sur,7.3,502.05
41,1.1,Home & Living,93.27,1,0.0,5.6,0.063,False,Digital Wallet,Oeste,6.4,137.11
27,8.4,Home & Living,133.15,3,0.146,4.5,0.724,True,Credit Card,Norte,7.6,697.07
63,3.7,Electronics,225.12,1,0.051,5.8,0.493,False,Credit Card,Sur,6.6,313.07
23,0.5,Fashion,71.65,5,0.286,3.3,0.178,False,Bank Transfer,Este,6.4,193.58
41,0.5,Electronics,207.98,1,0.007,4.5,0.398,True,Digital Wallet,Sur,8.3,347.89
45,0.6,Electronics,214.79,0,0.031,3.8,0.207,False,Digital Wallet,Norte,8.5,5.0
42,3.5,Fashion,54.52,4,0.002,12.2,0.308,False,Credit Card,Central,7.9,464.93
35,4.7,Electronics,42.67,3,0.027,0.5,0.201,True,Credit Card,Central,7.3,229.76
36,6.9,Electronics,180.56,1,0.098,6.3,0.582,True,Credit Card,Norte,6.6,381.97
38,9.9,Home & Living,68.8,3,0.017,6.2,0.242,False,Credit Card,Este,7.6,438.22
36,0.8,Fashion,120.16,2,0.013,5.2,0.154,False,Credit Card,Central,7.3,342.14
49,1.3,Fashion,67.55,2,0.02,9.3,0.074,True,Bank Transfer,Central,8.5,259.07
64,1.0,Electronics,170.08,2,0.094,1.4,0.494,False,Digital Wallet,Central,10.0,396.33
31,1.6,Home & Living,90.39,2,0.031,4.6,0.238,False,Credit Card,Norte,7.2,249.72
21,8.6,Home & Living,95.78,2,0.149,5.2,0.534,True,Digital Wallet,Sur,8.7,250.7
36,3.0,Fashion,98.32,1,0.187,2.8,0.185,True,Bank Transfer,Oeste,7.2,123.17
68,4.7,Home & Living,63.73,6,0.329,2.5,0.228,True,Credit Card,Oeste,6.8,182.14
28,2.4,Home & Living,37.09,0,0.0,6.8,0.407,False,Digital Wallet,Oeste,4.5,5.0
57,0.5,Fashion,67.35,3,0.214,3.0,0.073,False,Digital Wallet,Oeste,8.8,148.12
58,0.5,Fashion,87.4,7,0.09,2.1,0.409,True,Credit Card,Sur,5.9,630.65
31,2.7,Electronics,188.36,0,0.11,4.0,0.265,False,Credit Card,Sur,8.3,5.0
44,4.4,Electronics,180.55,3,0.255,6.3,0.523,True,Credit Card,Sur,8.2,539.49
57,0.8,Electronics,179.31,1,0.053,3.1,0.223,True,Digital Wallet,Central,8.3,182.62
33,4.5,Electronics,143.04,2,0.032,6.9,0.767,False,Credit Card,Norte,7.8,481.1
35,5.8,Electronics,111.66,3,0.113,1.3,0.455,False,Credit Card,Norte,6.5,445.98
31,1.9,Home & Living,102.77,4,0.377,4.4,0.238,False,Credit Card,Norte,7.7,110.2
25,4.8,Electronics,158.44,2,0.001,7.3,0.518,True,Credit Card,Norte,5.6,499.86
30,1.8,Home & Living,77.8,3,0.009,3.6,0.155,False,Bank Transfer,Norte,7.8,314.84
23,4.0,Fashion,65.61,8,0.017,5.3,0.039,True,Bank Transfer,Oeste,7.7,979.83
38,5.1,Electronics,115.53,1,0.238,5.1,0.682,True,Digital Wallet,Central,6.5,161.81
28,15.0,Fashion,74.39,7,0.042,4.8,0.394,True,Credit Card,Norte,7.2,1632.32
40,1.5,Electronics,244.15,2,0.309,7.4,0.717,True,Bank Transfer,Norte,6.0,322.23
19,1.9,Home & Living,99.82,3,0.017,3.9,0.649,True,Credit Card,Norte,1.8,202.41
41,0.6,Home & Living,101.8,1,0.03,4.3,0.519,False,Credit Card,Central,9.5,153.32
48,0.8,Electronics,147.51,6,0.039,6.5,0.13,False,Credit Card,Este,8.4,1324.19
18,4.1,Home & Living,90.54,3,0.0,8.3,0.405,True,Credit Card,Sur,9.4,454.3
42,8.7,Fashion,15.0,10,0.263,3.2,0.034,True,Digital Wallet,Este,7.8,186.52
52,1.8,Electronics,164.83,1,0.159,8.1,0.402,False,Credit Card,Norte,2.0,92.64
23,0.7,Fashion,49.8,6,0.001,2.5,0.199,True,Bank Transfer,Oeste,6.7,412.87
58,1.2,Fashion,59.67,1,0.12,5.5,0.145,True,Credit Card,Central,8.7,80.98
43,2.1,Electronics,160.1,0,0.207,2.9,0.191,False,Credit Card,Sur,7.4,5.0
29,1.2,Home & Living,122.22,2,0.033,12.6,0.576,False,Digital Wallet,Norte,7.6,342.6
37,0.9,Electronics,125.97,1,0.07,2.0,0.126,False,Digital Wallet,Central,8.2,138.34
44,4.7,Fashion,101.9,3,0.33,4.4,0.173,False,Digital Wallet,Sur,7.9,196.38
38,0.5,Electronics,169.97,1,0.055,8.9,0.362,False,Credit Card,Oeste,1.0,108.42
44,2.7,Home & Living,96.32,6,0.0,4.7,0.373,False,Digital Wallet,Sur,7.8,973.63
26,5.5,Home & Living,108.4,7,0.056,7.7,0.083,True,Credit Card,Central,10.0,1551.7
40,1.1,Electronics,183.01,0,0.35,5.6,0.337,False,Digital Wallet,Este,8.6,5.0
21,3.2,Electronics,185.1,3,0.041,3.9,0.463,False,Credit Card,Central,7.3,774.73
36,3.9,Electronics,163.2,2,0.026,4.3,0.745,False,Credit Card,Norte,7.5,618.41
27,3.7,Home & Living,133.34,1,0.148,5.3,0.037,False,Digital Wallet,Central,9.3,165.72
29,2.1,Electronics,221.84,1,0.069,6.2,0.252,False,Credit Card,Norte,5.2,291.48
52,1.5,Home & Living,96.73,2,0.091,3.2,0.481,False,Digital Wallet,Este,3.4,137.11
51,6.3,Home & Living,76.98,2,0.18,12.0,0.57,False,Credit Card,Este,7.8,139.4
45,5.0,Fashion,130.71,3,0.18,2.5,0.069,False,Digital Wallet,Norte,2.4,211.92
24,1.4,Electronics,202.97,1,0.076,8.1,0.307,False,Credit Card,Central,9.6,324.16
34,0.5,Fashion,34.01,8,0.144,5.2,0.276,False,Credit Card,Sur,9.2,303.71
52,0.5,Fashion,83.91,3,0.207,4.1,0.547,True,Digital Wallet,Este,9.9,291.06
39,0.5,Fashion,70.75,2,0.071,6.9,0.105,False,Digital Wallet,Central,7.8,199.98
65,3.1,Fashion,88.87,5,0.032,6.8,0.44,False,Bank Transfer,Central,10.0,583.07
42,0.5,Fashion,97.05,2,0.41,1.8,0.216,False,Bank Transfer,Oeste,7.9,22.96
40,1.4,Fashion,74.16,6,0.092,1.7,0.334,True,Digital Wallet,Norte,2.1,404.33
34,4.9,Home & Living,96.77,4,0.092,4.1,0.398,False,Credit Card,Sur,3.6,340.52
39,1.2,Electronics,203.68,4,0.073,8.6,0.297,False,Digital Wallet,Central,8.5,1239.24
36,5.0,Fashion,119.8,5,0.142,4.2,0.257,True,Credit Card,Central,9.6,1044.98
46,4.8,Home & Living,34.19,2,0.092,1.5,0.581,True,Credit Card,Sur,5.5,91.18
49,1.0,Electronics,157.39,2,0.169,4.3,0.261,True,Credit Card,Norte,6.4,354.28
28,4.6,Fashion,97.02,4,0.364,7.9,0.183,True,Bank Transfer,Central,8.7,190.46
22,4.8,Home & Living,107.48,4,0.187,4.2,0.412,True,Digital Wallet,Central,6.8,529.03
18,1.8,Fashion,84.8,5,0.006,6.6,0.766,False,Bank Transfer,Central,6.9,532.88
44,0.8,Electronics,188.83,1,0.011,3.8,0.235,False,Digital Wallet,Norte,9.0,264.95
24,2.6,Electronics,211.49,2,0.379,6.6,0.225,True,Credit Card,Norte,7.6,158.29
18,8.9,Electronics,165.59,2,0.186,4.0,0.249,True,Digital Wallet,Este,6.5,473.4
42,3.6,Electronics,273.54,1,0.021,5.0,0.07,True,Credit Card,Sur,5.0,468.08
67,0.7,Home & Living,42.75,1,0.001,4.2,0.309,True,Digital Wallet,Central,8.9,66.0
37,4.0,Fashion,88.26,8,0.142,2.2,0.174,False,Digital Wallet,Este,8.5,1110.38
48,2.0,Electronics,80.52,1,0.126,3.3,0.098,False,Bank Transfer,Central,9.3,90.93
38,3.1,Home & Living,104.46,1,0.085,7.0,0.485,False,Credit Card,Norte,9.0,148.36
36,4.6,Fashion,89.58,7,0.23,5.4,0.186,True,Credit Card,Norte,6.3,700.28
49,2.5,Electronics,210.33,2,0.114,2.1,0.107,False,Bank Transfer,Sur,8.4,417.49
34,5.9,Fashion,77.37,6,0.407,1.2,0.223,True,Credit Card,Central,9.0,107.04
41,4.5,Electronics,121.88,3,0.001,12.8,0.275,False,Credit Card,Central,6.3,615.98
41,3.3,Home & Living,82.04,8,0.001,5.9,0.329,False,Credit Card,Oeste,8.1,1075.25
29,0.6,Fashion,61.86,4,0.199,1.9,0.618,False,Bank Transfer,Este,4.6,140.26
49,6.3,Home & Living,101.97,2,0.064,4.8,0.327,False,Credit Card,Central,6.4,256.18
35,9.6,Electronics,214.41,0,0.051,5.2,0.831,True,Digital Wallet,Sur,7.1,5.0
28,0.5,Home & Living,71.82,5,0.219,3.1,0.654,False,Credit Card,Oeste,7.2,322.43
44,2.3,Electronics,322.3,2,0.4,1.2,0.22,False,Credit Card,Este,7.4,102.03
27,1.0,Home & Living,111.96,4,0.005,0.6,0.471,False,Credit Card,Central,8.1,578.24
38,4.9,Home & Living,131.07,3,0.007,6.2,0.151,True,Credit Card,Oeste,6.8,700.56
37,4.5,Fashion,88.5,5,0.181,8.9,0.562,False,Credit Card,Oeste,7.4,600.92
51,0.5,Home & Living,63.3,5,0.479,3.3,0.062,False,Credit Card,Sur,9.6,19.28
43,7.3,Home & Living,156.78,4,0.118,1.5,0.151,True,Credit Card,Sur,5.8,1038.32
37,0.7,Home & Living,129.41,3,0.046,3.7,0.261,True,Credit Card,Central,7.4,660.83
47,5.6,Electronics,115.72,3,0.0,4.2,0.168,False,Credit Card,Sur,2.4,252.08
54,2.1,Fashion,114.76,7,0.328,6.8,0.244,False,Digital Wallet,Norte,8.6,394.32
44,1.4,Home & Living,81.03,3,0.0,5.1,0.207,False,Digital Wallet,Central,6.7,345.66
38,0.6,Home & Living,44.04,7,0.097,2.0,0.132,False,Credit Card,Sur,8.8,400.82
22,0.6,Fashion,88.57,4,0.249,10.7,0.11,False,Digital Wallet,Norte,6.9,256.4
25,3.8,Home & Living,94.34,4,0.032,7.6,0.512,False,Digital Wallet,Central,10.0,568.65
34,2.8,Electronics,94.97,2,0.189,8.5,0.275,True,Digital Wallet,Central,5.4,284.64
30,0.5,Home & Living,140.64,3,0.0,4.4,0.293,False,Digital Wallet,Central,7.9,663.14
35,0.5,Electronics,86.29,1,0.069,5.1,0.147,False,Credit Card,Central,3.0,63.31
38,0.5,Electronics,107.0,1,0.281,2.0,0.235,False,Bank Transfer,Este,8.3,67.21
44,4.8,Fashion,82.94,5,0.356,8.2,0.44,False,Digital Wallet,Norte,8.1,180.26
37,4.4,Fashion,105.03,11,0.434,3.3,0.335,False,Credit Card,Central,8.8,109.28
43,0.5,Fashion,80.5,5,0.028,6.5,0.131,False,Credit Card,Norte,8.9,642.73
38,2.9,Fashion,87.56,7,0.132,6.6,0.133,False,Credit Card,Central,7.6,873.71
18,0.5,Electronics,191.15,0,0.004,6.5,0.274,False,Credit Card,Central,8.4,5.0
26,8.2,Electronics,204.85,3,0.032,3.0,0.503,True,Credit Card,Norte,7.5,1394.49
36,8.3,Home & Living,115.88,4,0.047,1.7,0.536,True,Credit Card,Central,6.8,948.86
23,4.2,Fashion,88.49,5,0.053,8.8,0.293,True,Credit Card,Central,7.9,1158.89
45,9.1,Fashion,26.03,3,0.098,8.9,0.353,True,Bank Transfer,Norte,5.9,151.02
56,5.8,Fashion,77.85,3,0.027,5.3,0.259,True,Credit Card,Oeste,5.0,402.63
52,6.2,Home & Living,111.89,3,0.439,3.7,0.21,True,Credit Card,Oeste,8.8,31.3
35,3.0,Fashion,74.05,5,0.005,6.3,0.639,False,Credit Card,Oeste,8.3,858.68
55,1.3,Electronics,119.62,3,0.38,3.4,0.496,False,Digital Wallet,Central,7.3,77.23
39,0.9,Home & Living,157.43,3,0.012,5.2,0.089,False,Credit Card,Este,8.3,781.28
33,1.4,Home & Living,86.55,2,0.049,4.2,0.371,True,Credit Card,Sur,3.2,160.91
30,3.5,Fashion,86.83,3,0.067,8.2,0.181,True,Digital Wallet,Este,7.4,558.54
34,0.7,Home & Living,99.5,3,0.0,5.0,0.257,True,Credit Card,Este,9.0,578.16
33,1.0,Fashion,101.3,3,0.004,0.6,0.324,False,Credit Card,Sur,3.6,272.07
40,2.2,Fashion,35.07,4,0.081,7.2,0.508,False,Credit Card,Central,8.6,201.82
39,0.9,Electronics,230.02,2,0.089,5.9,0.208,False,Credit Card,Oeste,7.7,514.85
38,3.1,Fashion,107.16,2,0.058,3.1,0.187,False,Credit Card,Sur,7.5,303.59
43,9.0,Electronics,146.1,2,0.01,2.9,0.359,False,Credit Card,Sur,8.9,511.81
52,4.8,Electronics,189.15,2,0.01,1.8,0.354,True,Bank Transfer,Sur,5.0,579.76
49,3.8,Electronics,158.79,3,0.188,7.3,0.708,False,Digital Wallet,Sur,8.8,356.16
20,3.1,Electronics,202.97,5,0.136,4.1,0.248,True,Credit Card,Sur,5.5,1347.43
18,2.3,Fashion,92.77,8,0.08,1.8,0.16,True,Credit Card,Norte,8.9,1107.62
49,0.7,Fashion,77.36,6,0.026,2.8,0.216,False,Digital Wallet,Sur,9.5,700.19
21,7.9,Electronics,141.4,4,0.088,7.2,0.367,False,Credit Card,Oeste,10.0,1003.13
35,1.0,Home & Living,138.03,9,0.0,2.4,0.233,False,Digital Wallet,Sur,7.1,1658.2
23,0.5,Electronics,240.78,2,0.084,2.1,0.406,False,Credit Card,Central,6.1,528.94
18,4.9,Fashion,92.39,3,0.191,2.8,0.32,True,Bank Transfer,Sur,10.0,400.08
44,0.7,Electronics,230.34,4,0.258,4.3,0.515,True,Digital Wallet,Oeste,7.1,816.54
47,1.6,Electronics,177.16,1,0.251,4.6,0.212,False,Digital Wallet,Este,8.2,123.47
31,0.5,Electronics,220.4,1,0.136,4.9,0.167,False,Bank Transfer,Central,7.7,222.0
18,0.5,Fashion,87.55,5,0.111,3.2,0.611,False,Credit Card,Norte,3.8,279.65
31,0.7,Home & Living,80.3,1,0.018,2.4,0.328,True,Digital Wallet,Central,1.6,55.88
42,0.5,Electronics,199.24,1,0.22,7.4,0.108,False,Bank Transfer,Sur,9.2,185.15
20,3.7,Fashion,90.34,3,0.15,0.9,0.412,True,Digital Wallet,Norte,8.5,285.1
40,6.3,Electronics,192.99,5,0.124,2.8,0.293,True,Credit Card,Central,7.2,2016.7
37,1.6,Home & Living,129.33,7,0.306,1.2,0.46,False,Bank Transfer,Central,7.3,490.73
44,7.3,Home & Living,77.74,5,0.036,7.6,0.208,True,Credit Card,Norte,7.0,786.2
39,0.8,Electronics,266.4,2,0.014,2.0,0.266,False,Bank Transfer,Este,8.7,627.66
26,1.4,Fashion,68.99,3,0.24,2.6,0.296,True,Credit Card,Este,4.0,113.72
52,0.6,Home & Living,15.0,3,0.26,2.4,0.432,False,Credit Card,Este,9.1,29.73
36,3.4,Fashion,46.03,5,0.249,4.2,0.226,False,Credit Card,Central,7.6,241.63
37,1.9,Fashion,101.24,1,0.03,3.6,0.138,True,Bank Transfer,Central,8.4,191.35
26,3.3,Fashion,33.94,8,0.309,9.0,0.422,True,Credit Card,Central,8.4,275.56
32,5.0,Fashion,68.83,4,0.009,6.0,0.133,True,Bank Transfer,Norte,7.6,621.61
27,2.8,Home & Living,73.77,1,0.001,2.2,0.35,False,Bank Transfer,Central,7.9,116.41
35,3.5,Home & Living,65.38,5,0.162,8.6,0.546,True,Digital Wallet,Este,5.2,324.87
58,9.6,Home & Living,68.1,2,0.105,6.6,0.336,True,Credit Card,Oeste,6.5,216.83
21,1.2,Fashion,70.55,6,0.175,5.4,0.462,False,Bank Transfer,Este,8.3,398.54
18,1.6,Fashion,40.07,2,0.06,3.9,0.663,True,Credit Card,Norte,8.0,115.8
55,4.4,Fashion,62.08,5,0.6,3.9,0.285,False,Digital Wallet,Norte,7.2,19.11
35,3.3,Home & Living,168.83,3,0.137,7.8,0.383,False,Credit Card,Central,7.6,655.71
29,0.7,Fashion,65.8,2,0.026,13.9,0.247,False,Digital Wallet,Central,9.8,223.64
50,1.7,Fashion,70.03,2,0.129,1.6,0.356,False,Credit Card,Sur,7.3,138.65
30,2.2,Electronics,235.63,1,0.497,14.9,0.353,False,Bank Transfer,Central,4.8,15.11
59,1.9,Fashion,60.44,2,0.13,2.4,0.793,False,Credit Card,Sur,8.6,160.41
46,0.7,Home & Living,104.2,2,0.044,10.7,0.217,False,Credit Card,Central,9.6,259.22
32,9.0,Fashion,59.38,10,0.064,5.5,0.27,False,Credit Card,Oeste,6.0,1110.43
63,5.0,Electronics,285.93,2,0.011,4.8,0.396,True,Credit Card,Norte,2.9,721.32
30,2.3,Electronics,206.62,2,0.099,1.3,0.349,False,Credit Card,Norte,9.0,577.32
46,4.0,Fashion,65.51,3,0.266,4.0,0.229,True,Credit Card,Central,8.7,195.34
41,8.0,Home & Living,36.99,3,0.01,8.3,0.261,True,Credit Card,Oeste,5.5,263.57
53,0.5,Home & Living,133.92,3,0.0,1.9,0.556,False,Credit Card,Este,3.8,261.55
56,1.0,Home & Living,126.88,1,0.19,5.7,0.131,False,Credit Card,Norte,4.5,68.05
38,2.7,Fashion,105.82,3,0.373,4.7,0.309,False,Credit Card,Sur,9.2,116.99
28,5.6,Fashion,75.0,7,0.421,8.5,0.089,True,Digital Wallet,Norte,8.2,68.93
43,0.5,Fashion,76.66,8,0.242,6.9,0.174,False,Credit Card,Oeste,7.7,389.02
29,14.5,Fashion,57.69,9,0.07,2.5,0.506,False,Bank Transfer,Oeste,8.0,935.37
62,2.1,Fashion,101.68,5,0.002,3.5,0.513,False,Digital Wallet,Central,6.5,629.28
39,1.6,Fashion,118.45,3,0.017,3.6,0.065,False,Credit Card,Oeste,1.6,266.1
33,1.2,Fashion,70.91,5,0.008,2.5,0.179,False,Digital Wallet,Central,7.7,459.5
40,0.7,Electronics,178.85,1,0.132,6.6,0.287,False,Digital Wallet,Oeste,9.2,212.13
21,5.5,Electronics,236.94,2,0.351,6.9,0.658,True,Bank Transfer,Oeste,3.4,140.66
26,10.9,Home & Living,111.85,4,0.017,2.8,0.518,True,Bank Transfer,Central,6.8,888.82
52,1.9,Home & Living,104.32,2,0.0,2.5,0.575,False,Credit Card,Sur,6.2,249.0
30,10.7,Fashion,86.78,5,0.333,8.3,0.549,False,Credit Card,Central,6.7,285.91
25,6.1,Electronics,161.0,2,0.004,4.1,0.353,False,Credit Card,Central,6.8,589.83
44,2.3,Home & Living,102.42,10,0.463,8.2,0.495,False,Credit Card,Sur,7.6,91.04
52,3.9,Fashion,138.55,5,0.195,5.0,0.284,True,Credit Card,Sur,9.1,1144.58
46,2.0,Fashion,36.68,4,0.008,1.6,0.033,False,Credit Card,Norte,7.8,225.72
49,2.9,Fashion,53.71,2,0.156,6.3,0.303,False,Credit Card,Sur,6.9,113.31
28,0.5,Fashion,80.85,4,0.053,3.0,0.177,True,Credit Card,Central,7.2,571.97
20,4.2,Fashion,131.17,9,0.077,8.2,0.376,True,Digital Wallet,Sur,8.1,2292.14
56,0.5,Home & Living,46.83,5,0.054,2.0,0.189,False,Digital Wallet,Este,7.7,218.99
34,5.9,Electronics,124.08,2,0.021,10.7,0.123,False,Credit Card,Norte,7.2,467.85
34,6.1,Electronics,261.13,2,0.063,2.7,0.096,True,Credit Card,Central,8.0,1077.06
53,0.9,Electronics,97.71,6,0.006,2.7,0.454,True,Bank Transfer,Central,6.2,831.49
44,1.4,Electronics,15.0,4,0.032,7.4,0.105,False,Credit Card,Oeste,2.7,50.37
43,2.3,Electronics,222.32,4,0.087,7.6,0.39,False,Credit Card,Sur,7.5,1070.42
63,3.2,Electronics,230.09,1,0.327,1.6,0.203,True,Bank Transfer,Central,9.9,134.21
30,1.2,Electronics,202.77,0,0.109,7.6,0.319,False,Digital Wallet,Central,5.0,5.0
49,3.1,Electronics,108.36,1,0.129,4.1,0.107,False,Credit Card,Este,10.0,93.23
38,1.2,Electronics,176.76,2,0.122,4.1,0.305,True,Digital Wallet,Sur,4.1,333.05
41,0.5,Electronics,164.7,1,0.04,1.0,0.112,True,Credit Card,Norte,8.0,272.47
56,0.5,Fashion,56.36,4,0.184,13.0,0.205,False,Credit Card,Este,5.0,182.79
44,0.5,Fashion,121.81,3,0.251,2.5,0.284,False,Credit Card,Sur,10.0,305.24
44,5.5,Electronics,122.43,2,0.019,4.8,0.283,False,Digital Wallet,Sur,6.8,385.81
50,11.4,Fashion,100.2,6,0.182,2.9,0.263,False,Digital Wallet,Central,7.8,611.79
33,1.9,Home & Living,151.1,3,0.012,3.8,0.255,False,Bank Transfer,Central,8.1,819.05
27,2.5,Home & Living,119.43,3,0.273,2.7,0.277,False,Credit Card,Este,7.9,234.26
25,0.6,Electronics,248.26,0,0.052,3.0,0.422,False,Credit Card,Central,8.3,5.0
18,2.8,Home & Living,152.8,4,0.006,12.3,0.483,False,Credit Card,Central,8.3,866.54
62,0.5,Fashion,75.29,6,0.155,4.7,0.035,False,Digital Wallet,Central,7.1,387.97
24,3.3,Electronics,200.18,1,0.114,1.2,0.143,True,Credit Card,Este,6.6,315.48
35,9.5,Electronics,213.74,2,0.123,2.8,0.415,True,Credit Card,Oeste,6.5,772.5
34,0.8,Electronics,158.8,3,0.003,3.4,0.139,False,Digital Wallet,Norte,1.7,262.78
41,5.1,Fashion,76.22,4,0.125,4.7,0.429,True,Digital Wallet,Sur,6.2,471.75
47,0.5,Fashion,85.22,3,0.31,2.7,0.606,False,Credit Card,Este,6.7,126.7
48,1.6,Fashion,79.3,2,0.356,7.8,0.296,False,Digital Wallet,Oeste,10.0,66.68
31,0.5,Electronics,193.86,3,0.089,3.8,0.444,False,Digital Wallet,Sur,5.6,680.5
35,1.5,Electronics,149.84,1,0.032,8.6,0.606,False,Credit Card,Oeste,6.1,242.68
41,0.7,Electronics,94.33,3,0.19,7.4,0.107,True,Credit Card,Sur,10.0,440.83
35,1.6,Fashion,55.61,2,0.072,4.6,0.268,False,Bank Transfer,Central,7.9,170.39
57,1.9,Home & Living,68.8,3,0.028,9.6,0.835,True,Credit Card,Sur,7.8,373.5
43,1.3,Home & Living,80.57,5,0.113,10.8,0.082,False,Digital Wallet,Sur,5.2,392.49
46,3.7,Home & Living,55.15,3,0.03,7.2,0.142,True,Credit Card,Sur,6.2,302.12
45,8.8,Fashion,89.34,4,0.004,10.8,0.227,True,Credit Card,Central,9.3,917.38
52,1.8,Fashion,52.77,2,0.422,15.7,0.511,False,Credit Card,Central,5.4,10.07
40,0.7,Fashion,50.76,3,0.212,7.4,0.794,True,Credit Card,Norte,8.4,275.83
22,1.1,Fashion,108.2,8,0.005,5.0,0.34,False,Bank Transfer,Oeste,8.1,1312.73
42,6.7,Fashion,106.82,4,0.236,5.0,0.321,True,Digital Wallet,Norte,8.0,625.78
30,3.0,Home & Living,131.0,0,0.241,2.4,0.089,False,Credit Card,Central,9.2,5.0
31,2.1,Fashion,133.55,6,0.204,5.5,0.461,True,Digital Wallet,Sur,7.3,1222.6
45,0.6,Electronics,112.61,1,0.01,4.6,0.502,False,Credit Card,Central,2.0,81.76
52,2.1,Home & Living,107.07,2,0.108,4.9,0.375,False,Credit Card,Este,9.4,230.95
38,1.1,Home & Living,128.06,4,0.001,9.5,0.25,True,Digital Wallet,Sur,7.9,1039.1
41,10.0,Fashion,75.14,6,0.133,4.4,0.539,True,Credit Card,Central,7.9,954.83
58,7.5,Fashion,77.16,2,0.017,5.7,0.004,True,Credit Card,Sur,9.0,312.13
40,0.5,Electronics,134.56,1,0.073,0.8,0.297,False,Digital Wallet,Este,8.2,171.89
69,2.5,Fashion,51.09,6,0.195,1.7,0.357,True,Digital Wallet,Sur,7.4,366.27
44,0.9,Electronics,105.13,0,0.026,2.8,0.122,False,Digital Wallet,Norte,9.2,5.0
18,1.9,Electronics,118.83,2,0.058,3.6,0.264,False,Bank Transfer,Oeste,7.2,262.52
47,7.3,Fashion,62.33,8,0.008,3.9,0.37,False,Credit Card,Central,7.2,685.61
42,2.6,Electronics,217.79,0,0.036,5.7,0.104,True,Credit Card,Central,6.5,5.0
53,1.4,Fashion,98.58,7,0.047,3.9,0.57,False,Credit Card,Central,9.6,931.07
46,0.8,Home & Living,82.7,1,0.083,2.8,0.229,False,Bank Transfer,Norte,7.6,79.53
36,5.6,Electronics,159.29,0,0.013,2.4,0.527,True,Credit Card,Sur,8.3,5.0
23,3.4,Fashion,93.26,2,0.471,3.9,0.191,True,Credit Card,Norte,8.6,24.32
35,2.2,Fashion,90.84,5,0.371,8.5,0.06,False,Digital Wallet,Sur,6.5,164.41
27,0.9,Electronics,111.04,3,0.033,2.6,0.511,False,Digital Wallet,Central,7.2,417.07
31,1.4,Fashion,85.51,4,0.033,1.3,0.192,False,Bank Transfer,Central,6.1,399.47
45,11.3,Fashion,22.43,3,0.119,6.7,0.672,True,Bank Transfer,Sur,8.7,130.43
58,2.6,Fashion,107.93,5,0.014,12.2,0.41,False,Bank Transfer,Central,4.5,495.54
42,1.8,Home & Living,36.32,3,0.122,11.8,0.565,False,Credit Card,Norte,6.7,142.98
23,2.6,Fashion,63.95,7,0.087,5.2,0.478,False,Credit Card,Central,3.0,329.93
43,5.3,Home & Living,92.75,4,0.043,1.5,0.456,True,Digital Wallet,Este,9.5,620.09
52,1.5,Fashion,62.48,5,0.29,7.6,0.239,False,Credit Card,Central,6.5,203.26
30,0.7,Electronics,209.65,3,0.001,4.4,0.479,True,Digital Wallet,Este,7.5,1335.61
36,3.1,Fashion,45.08,6,0.01,8.2,0.558,True,Digital Wallet,Central,6.9,628.86
38,3.8,Electronics,151.63,2,0.14,14.5,0.292,False,Credit Card,Norte,7.5,511.46
28,4.4,Fashion,80.18,5,0.284,9.8,0.519,False,Credit Card,Norte,6.2,302.01
45,7.5,Fashion,127.16,5,0.285,6.2,0.327,False,Credit Card,Sur,6.9,532.07
36,1.6,Fashion,66.22,4,0.136,2.9,0.127,False,Digital Wallet,Central,5.0,316.23
43,0.5,Electronics,182.84,0,0.287,2.0,0.609,True,Digital Wallet,Sur,8.1,5.0
27,11.1,Fashion,112.61,2,0.004,2.9,0.738,True,Credit Card,Central,5.7,533.79
32,2.0,Electronics,192.18,0,0.061,3.4,0.566,True,Credit Card,Oeste,7.7,5.0
46,3.4,Fashion,63.57,3,0.449,1.0,0.382,False,Credit Card,Sur,5.3,14.67
33,3.8,Home & Living,94.03,1,0.001,4.6,0.388,False,Credit Card,Este,9.0,151.78
58,2.8,Home & Living,130.85,2,0.001,3.5,0.374,True,Digital Wallet,Central,8.1,463.85
33,0.8,Electronics,132.53,1,0.291,2.6,0.22,True,Credit Card,Sur,8.4,96.18
40,4.9,Fashion,80.59,3,0.115,4.2,0.339,False,Credit Card,Central,7.7,337.61
49,5.7,Fashion,94.72,3,0.064,3.9,0.059,True,Digital Wallet,Central,6.6,460.99
20,2.8,Home & Living,99.95,4,0.003,0.5,0.297,False,Digital Wallet,Central,8.3,497.28
18,2.3,Fashion,44.74,8,0.024,1.6,0.334,False,Credit Card,Norte,4.6,319.5
19,0.5,Electronics,15.52,3,0.002,2.9,0.738,False,Credit Card,Central,9.7,58.04
53,0.5,Fashion,106.31,6,0.273,4.2,0.22,True,Credit Card,Central,5.0,401.07
31,1.5,Fashion,82.93,3,0.539,4.4,0.605,False,Digital Wallet,Norte,7.2,17.53
68,1.3,Fashion,87.23,2,0.6,2.6,0.524,False,Digital Wallet,Central,6.7,10.55
31,10.8,Home & Living,127.19,4,0.294,3.5,0.654,False,Credit Card,Central,7.1,394.32
40,5.4,Electronics,207.15,5,0.035,12.3,0.212,False,Credit Card,Central,2.9,1330.04
56,3.8,Home & Living,78.24,1,0.007,1.2,0.528,False,Digital Wallet,Norte,8.3,82.14
62,2.6,Electronics,186.51,0,0.295,2.1,0.529,False,Credit Card,Central,6.8,5.0
62,0.6,Home & Living,105.68,4,0.019,5.4,0.106,True,Bank Transfer,Norte,7.1,484.13
52,13.4,Home & Living,85.93,4,0.0,4.6,0.387,True,Credit Card,Norte,9.8,683.11
50,1.6,Fashion,51.38,6,0.35,7.8,0.306,False,Credit Card,Central,2.6,68.39
45,0.5,Fashion,84.69,3,0.095,1.5,0.236,False,Credit Card,Norte,8.0,329.84
47,2.4,Electronics,213.02,2,0.087,3.6,0.4,False,Credit Card,Central,6.6,609.96
31,7.3,Electronics,108.24,4,0.018,10.1,0.513,True,Credit Card,Central,8.8,1454.17
28,7.6,Electronics,236.71,3,0.081,23.0,0.335,False,Credit Card,Sur,9.2,1284.52
37,0.5,Electronics,228.18,0,0.005,3.1,0.714,False,Bank Transfer,Central,6.5,5.0
35,7.6,Fashion,76.28,5,0.105,6.0,0.097,True,Digital Wallet,Central,3.9,489.81
32,1.1,Electronics,158.37,2,0.008,2.4,0.129,True,Credit Card,Este,8.5,547.54
46,0.5,Home & Living,94.07,2,0.064,4.2,0.523,False,Credit Card,Norte,7.3,240.23
49,6.6,Fashion,111.2,6,0.013,5.8,0.249,False,Credit Card,Norte,7.3,1124.7
39,7.0,Fashion,88.5,0,0.026,4.3,0.352,False,Credit Card,Oeste,6.8,5.0
55,3.2,Fashion,73.15,4,0.127,3.6,0.545,False,Digital Wallet,Norte,7.3,365.66
24,3.0,Electronics,94.58,2,0.125,3.3,0.416,True,Digital Wallet,Norte,6.8,212.24
35,5.9,Electronics,118.14,3,0.148,7.2,0.269,True,Digital Wallet,Norte,7.5,600.11
29,5.4,Electronics,248.92,0,0.054,4.3,0.383,False,Credit Card,Sur,10.0,5.0
18,7.7,Home & Living,82.35,2,0.029,3.1,0.237,False,Credit Card,Sur,8.5,222.25
37,2.8,Fashion,59.31,2,0.041,5.0,0.35,False,Digital Wallet,Sur,6.4,194.9
36,12.0,Electronics,82.88,4,0.013,5.1,0.136,True,Digital Wallet,Sur,7.1,608.35
56,15.0,Home & Living,15.0,2,0.264,1.2,0.669,False,Credit Card,Norte,7.9,22.03
45,0.5,Electronics,78.18,2,0.007,0.9,0.297,False,Credit Card,Oeste,7.1,217.92
25,6.6,Fashion,84.43,4,0.356,6.1,0.308,True,Bank Transfer,Norte,7.8,172.12
60,2.4,Fashion,62.78,3,0.6,0.5,0.509,True,Credit Card,Norte,6.5,15.75
52,1.7,Fashion,16.08,5,0.219,7.8,0.209,False,Credit Card,Central,7.6,67.27
44,3.3,Home & Living,97.68,3,0.007,12.3,0.327,True,Credit Card,Oeste,7.5,631.63
35,0.5,Home & Living,131.23,2,0.005,3.7,0.334,False,Digital Wallet,Sur,9.6,307.71
26,2.5,Fashion,27.25,3,0.322,1.9,0.394,True,Digital Wallet,Norte,8.8,57.46
33,7.2,Electronics,171.82,1,0.028,4.5,0.592,True,Credit Card,Este,7.6,430.75
51,0.8,Home & Living,153.43,3,0.068,7.7,0.686,False,Credit Card,Central,8.2,519.85
60,1.9,Fashion,93.29,5,0.282,4.3,0.409,False,Credit Card,Este,8.8,325.89
56,9.8,Electronics,165.28,3,0.094,1.9,0.487,True,Digital Wallet,Central,7.2,666.55
32,2.0,Fashion,96.24,9,0.292,5.6,0.114,True,Credit Card,Este,7.8,838.63
24,1.6,Electronics,240.78,0,0.033,4.5,0.338,False,Credit Card,Norte,7.6,5.0
39,2.0,Electronics,145.89,1,0.029,3.3,0.16,True,Credit Card,Este,10.0,319.64
18,2.6,Home & Living,106.53,6,0.007,5.6,0.353,False,Credit Card,Central,7.2,916.16
41,3.5,Fashion,74.77,5,0.168,4.6,0.662,False,Bank Transfer,Norte,7.4,426.13
36,5.6,Electronics,192.39,1,0.045,1.1,0.325,True,Credit Card,Norte,8.1,427.9
32,2.1,Fashion,98.94,3,0.009,3.2,0.727,False,Digital Wallet,Norte,7.5,487.32
18,6.0,Home & Living,113.52,4,0.196,2.8,0.37,False,Credit Card,Norte,8.5,410.67
44,2.7,Electronics,115.64,0,0.197,3.1,0.054,True,Bank Transfer,Norte,8.2,5.0
31,1.4,Fashion,39.81,4,0.007,6.3,0.472,False,Credit Card,Norte,7.7,262.3
23,3.8,Home & Living,88.68,3,0.38,1.4,0.35,False,Credit Card,Central,6.7,59.35
18,4.4,Electronics,235.61,0,0.254,3.4,0.303,True,Credit Card,Sur,5.9,5.0
37,2.9,Fashion,82.11,3,0.131,7.3,0.441,False,Bank Transfer,Central,9.0,305.46
59,0.5,Electronics,96.43,2,0.263,12.4,0.5,True,Credit Card,Este,9.0,123.28
57,0.7,Fashion,27.14,7,0.427,8.3,0.223,True,Credit Card,Sur,8.5,19.25
32,1.2,Home & Living,39.71,3,0.229,4.4,0.569,False,Bank Transfer,Norte,8.9,112.16
30,1.2,Electronics,193.42,1,0.046,4.5,0.248,False,Bank Transfer,Central,8.9,298.24
43,3.9,Home & Living,113.18,2,0.003,8.3,0.611,False,Credit Card,Sur,8.1,380.9
26,0.5,Home & Living,85.91,1,0.178,8.9,0.618,True,Digital Wallet,Oeste,3.0,49.27
41,4.9,Electronics,125.69,3,0.02,6.2,0.132,True,Digital Wallet,Sur,8.5,933.16
47,1.1,Fashion,88.46,6,0.6,2.9,0.399,True,Credit Card,Central,8.7,50.45
52,1.3,Electronics,132.94,1,0.552,6.8,0.167,True,Digital Wallet,Central,7.6,10.07
36,2.6,Home & Living,102.92,5,0.157,2.2,0.28,True,Credit Card,Norte,2.9,397.76
35,0.9,Fashion,120.35,6,0.154,1.7,0.167,False,Credit Card,Sur,7.8,870.65
27,7.6,Fashion,119.66,4,0.031,2.9,0.245,False,Bank Transfer,Norte,7.3,605.45
28,0.5,Fashion,64.82,5,0.178,6.5,0.407,False,Credit Card,Este,7.9,275.6
35,2.1,Fashion,70.44,12,0.288,6.1,0.526,False,Digital Wallet,Central,6.7,643.26
42,6.6,Home & Living,94.87,0,0.226,4.3,0.622,False,Credit Card,Sur,8.1,5.0
48,3.3,Fashion,26.85,3,0.34,3.0,0.454,False,Digital Wallet,Oeste,6.7,40.17
28,1.2,Home & Living,100.71,5,0.004,0.5,0.308,False,Credit Card,Norte,6.3,638.03
55,1.9,Fashion,135.53,5,0.6,6.9,0.283,True,Digital Wallet,Norte,2.9,32.16
34,4.3,Electronics,121.21,2,0.055,11.1,0.336,False,Credit Card,Central,6.2,413.77
37,12.7,Home & Living,152.38,1,0.355,7.0,0.615,True,Digital Wallet,Este,4.4,61.97
29,7.8,Fashion,68.18,3,0.04,3.0,0.171,True,Credit Card,Central,7.4,427.26
18,1.5,Fashion,77.13,5,0.038,2.0,0.342,False,Credit Card,Norte,5.6,334.67
48,15.0,Home & Living,65.28,1,0.005,5.1,0.491,False,Credit Card,Sur,3.8,73.46
46,0.5,Electronics,235.15,1,0.573,4.8,0.465,False,Digital Wallet,Norte,7.3,14.12
34,0.5,Fashion,100.37,5,0.096,3.5,0.426,True,Credit Card,Sur,6.9,1024.24
38,6.1,Electronics,181.76,1,0.362,0.4,0.151,False,Credit Card,Central,5.5,74.05
44,0.8,Fashion,106.76,6,0.059,3.2,0.553,False,Credit Card,Norte,6.8,794.53
19,0.5,Home & Living,118.64,0,0.0,8.8,0.279,True,Digital Wallet,Norte,4.1,5.0
31,0.9,Home & Living,126.4,2,0.281,1.0,0.14,False,Digital Wallet,Sur,8.7,144.5
47,1.9,Fashion,60.6,0,0.254,3.5,0.284,True,Bank Transfer,Central,7.9,5.0
22,4.6,Home & Living,66.35,0,0.003,12.0,0.384,True,Credit Card,Norte,9.4,5.0
41,3.4,Home & Living,108.1,5,0.111,2.9,0.5,True,Credit Card,Norte,8.2,979.09
21,0.9,Fashion,43.69,3,0.205,2.3,0.091,True,Digital Wallet,Central,8.4,159.24
43,2.4,Electronics,217.14,1,0.006,2.5,0.466,True,Credit Card,Central,6.6,416.61
37,9.1,Fashion,87.9,10,0.489,3.6,0.196,True,Credit Card,Sur,7.7,110.23
18,5.9,Home & Living,113.59,1,0.08,5.7,0.204,False,Bank Transfer,Sur,6.7,129.64
51,1.4,Home & Living,113.09,3,0.042,4.3,0.578,True,Credit Card,Sur,2.2,291.08
29,14.1,Fashion,52.59,5,0.106,2.2,0.41,True,Digital Wallet,Este,5.7,590.58
28,4.3,Home & Living,65.97,1,0.151,10.9,0.061,False,Bank Transfer,Oeste,6.8,77.45
40,0.5,Electronics,190.21,0,0.147,7.6,0.287,False,Digital Wallet,Central,7.7,5.0
51,0.5,Electronics,177.84,1,0.008,5.5,0.185,False,Credit Card,Central,7.8,190.03
25,0.6,Home & Living,138.72,2,0.015,1.7,0.111,False,Digital Wallet,Central,8.0,292.51
38,4.6,Electronics,183.4,3,0.07,6.0,0.527,False,Bank Transfer,Norte,5.0,714.33
43,0.7,Electronics,187.15,1,0.0,4.9,0.781,True,Bank Transfer,Este,7.0,295.42
46,2.5,Fashion,104.95,2,0.251,4.9,0.224,False,Credit Card,Oeste,8.2,227.17
40,0.5,Fashion,54.81,8,0.056,4.6,0.336,True,Credit Card,Central,7.5,878.16
33,8.9,Fashion,113.54,3,0.187,9.2,0.269,True,Credit Card,Central,8.9,782.12
28,1.5,Electronics,194.57,1,0.443,9.7,0.032,False,Credit Card,Central,6.6,15.72
39,8.4,Home & Living,131.26,3,0.123,11.1,0.377,True,Bank Transfer,Norte,8.5,711.8
25,10.1,Home & Living,190.79,3,0.001,11.6,0.832,True,Digital Wallet,Central,7.5,1309.38
18,0.5,Fashion,51.9,3,0.27,2.8,0.263,True,Credit Card,Sur,5.0,102.59
43,2.2,Fashion,38.82,2,0.047,4.6,0.795,False,Credit Card,Sur,10.0,136.28
48,0.5,Fashion,53.33,5,0.235,4.8,0.147,False,Credit Card,Norte,3.5,126.02
18,8.4,Fashion,94.22,5,0.475,4.9,0.124,False,Bank Transfer,Este,4.7,24.93
25,2.6,Fashion,103.45,1,0.428,3.6,0.44,False,Digital Wallet,Oeste,9.8,9.82
45,0.5,Fashion,65.1,3,0.14,3.9,0.139,False,Credit Card,Norte,6.9,239.41
62,0.5,Electronics,213.63,1,0.095,4.2,0.615,False,Credit Card,Este,8.8,225.02
38,1.7,Electronics,189.75,1,0.221,3.7,0.303,False,Credit Card,Norte,1.8,66.34
29,9.9,Fashion,48.31,9,0.349,4.0,0.354,False,Bank Transfer,Norte,7.8,172.74
35,4.1,Fashion,42.65,9,0.481,2.7,0.243,False,Credit Card,Central,7.7,38.83
54,7.1,Fashion,81.64,8,0.005,4.2,0.014,False,Digital Wallet,Norte,3.2,468.01
30,1.6,Home & Living,89.32,1,0.004,1.5,0.503,False,Bank Transfer,Central,9.2,143.94
28,0.5,Fashion,94.89,7,0.329,4.3,0.107,False,Digital Wallet,Central,10.0,353.68
32,12.8,Home & Living,110.6,4,0.008,9.9,0.267,True,Digital Wallet,Central,8.2,930.64
26,0.5,Electronics,105.98,5,0.158,6.6,0.292,False,Digital Wallet,Este,9.5,533.36
39,10.3,Fashion,62.52,9,0.003,3.9,0.158,True,Credit Card,Este,8.9,1135.45
57,1.6,Home & Living,48.07,2,0.02,5.6,0.294,False,Digital Wallet,Oeste,5.0,97.46
41,0.5,Fashion,114.28,3,0.087,12.6,0.387,True,Digital Wallet,Central,7.6,510.24
34,4.1,Fashion,63.31,4,0.232,2.7,0.452,False,Digital Wallet,Este,6.3,197.38
34,13.8,Fashion,113.47,6,0.234,10.7,0.445,True,Credit Card,Norte,6.4,1170.01
19,11.8,Home & Living,116.85,0,0.105,8.0,0.224,True,Digital Wallet,Este,6.6,5.0
48,0.6,Fashion,66.25,5,0.393,4.7,0.594,True,Credit Card,Sur,8.2,78.43
37,0.7,Home & Living,165.62,4,0.135,8.2,0.297,False,Credit Card,Sur,6.8,853.81
35,2.9,Home & Living,109.53,3,0.021,2.6,0.773,True,Credit Card,Norte,8.7,587.35
75,3.5,Fashion,76.56,4,0.111,2.8,0.15,True,Credit Card,Central,8.3,369.26
41,4.7,Fashion,66.05,6,0.283,11.1,0.739,False,Bank Transfer,Este,8.5,366.69
28,0.7,Electronics,109.71,2,0.06,2.4,0.774,False,Credit Card,Central,7.9,353.6
32,11.2,Fashion,36.28,7,0.026,12.6,0.218,True,Bank Transfer,Norte,6.6,569.58
51,3.6,Fashion,61.63,3,0.287,7.1,0.217,True,Credit Card,Oeste,7.2,148.82
39,6.6,Home & Living,104.96,1,0.184,1.4,0.329,False,Credit Card,Este,9.9,145.13
20,2.7,Fashion,96.75,9,0.005,8.6,0.061,True,Digital Wallet,Central,8.7,1733.79
49,1.9,Home & Living,118.37,4,0.137,5.6,0.389,False,Credit Card,Oeste,8.7,562.73
29,13.2,Electronics,121.86,1,0.19,11.9,0.404,True,Digital Wallet,Oeste,8.9,263.51
60,3.1,Fashion,58.7,3,0.035,3.6,0.022,True,Credit Card,Sur,3.5,173.78
50,7.1,Fashion,18.34,6,0.152,4.1,0.107,True,Credit Card,Este,8.7,177.95
32,10.7,Fashion,47.25,4,0.099,5.4,0.448,True,Credit Card,Norte,5.9,330.27
53,3.9,Home & Living,71.23,4,0.099,6.3,0.212,False,Credit Card,Este,7.4,271.25
38,2.8,Electronics,234.71,1,0.079,2.7,0.179,True,Bank Transfer,Central,9.1,395.57
48,0.5,Electronics,179.93,4,0.13,6.1,0.264,False,Credit Card,Norte,8.0,790.06
43,0.5,Fashion,86.74,5,0.248,1.2,0.227,True,Digital Wallet,Sur,2.7,181.86
27,0.8,Fashion,67.54,7,0.057,3.9,0.525,False,Credit Card,Central,2.1,376.14
30,0.7,Home & Living,109.59,4,0.111,8.0,0.056,True,Credit Card,Central,6.7,618.8
50,1.0,Home & Living,80.73,1,0.204,2.8,0.344,True,Credit Card,Oeste,7.2,72.18
33,1.3,Electronics,213.33,1,0.192,14.4,0.725,False,Credit Card,Central,8.1,243.55
33,1.6,Fashion,32.84,3,0.027,9.1,0.359,False,Digital Wallet,Sur,7.9,169.17
26,1.9,Fashion,89.59,4,0.007,5.3,0.433,False,Credit Card,Central,7.1,573.95
43,0.5,Home & Living,120.24,3,0.353,13.3,0.394,False,Credit Card,Central,7.2,138.42
62,0.5,Home & Living,92.29,3,0.023,2.8,0.571,True,Digital Wallet,Norte,7.8,442.72
25,3.9,Fashion,98.39,3,0.049,4.2,0.066,True,Credit Card,Sur,1.5,274.78
38,2.7,Fashion,111.44,4,0.427,4.5,0.609,False,Digital Wallet,Norte,8.7,35.17
54,2.1,Electronics,231.15,2,0.047,1.6,0.437,False,Bank Transfer,Norte,10.0,625.29
37,3.5,Fashion,82.55,9,0.387,8.4,0.206,False,Digital Wallet,Central,7.9,200.08
43,6.2,Fashion,77.78,3,0.089,2.1,0.475,True,Bank Transfer,Este,7.4,419.99
25,2.0,Fashion,72.35,5,0.118,6.3,0.167,False,Digital Wallet,Sur,7.4,426.6
43,3.6,Fashion,90.18,4,0.112,2.9,0.518,False,Credit Card,Central,7.3,572.41
35,10.7,Fashion,61.99,8,0.427,3.1,0.262,True,Credit Card,Central,6.4,73.1
49,6.4,Fashion,71.31,5,0.024,6.1,0.429,False,Digital Wallet,Central,10.0,526.12
52,1.9,Fashion,45.55,4,0.275,4.9,0.312,False,Bank Transfer,Central,7.9,108.71
69,3.6,Electronics,179.63,1,0.01,5.8,0.026,True,Credit Card,Central,8.5,300.71
44,0.7,Electronics,150.46,0,0.017,8.0,0.387,False,Credit Card,Oeste,6.2,5.0
41,2.9,Electronics,123.51,1,0.38,5.3,0.343,False,Credit Card,Norte,9.2,37.88
40,13.9,Home & Living,47.57,0,0.193,11.6,0.516,True,Digital Wallet,Norte,8.7,5.0
33,2.6,Electronics,224.39,4,0.064,2.9,0.52,False,Bank Transfer,Este,8.0,1464.69
42,9.2,Home & Living,128.85,5,0.082,7.2,0.166,True,Credit Card,Norte,9.2,1269.61
34,1.8,Electronics,176.34,1,0.126,6.0,0.148,False,Credit Card,Este,3.1,140.29
40,15.0,Fashion,87.15,2,0.18,6.2,0.134,True,Digital Wallet,Central,7.1,350.2
53,3.0,Home & Living,135.02,2,0.208,4.9,0.152,False,Credit Card,Central,3.4,125.84
25,0.5,Fashion,25.73,9,0.254,3.9,0.434,False,Credit Card,Central,7.9,165.96
51,3.1,Electronics,232.4,0,0.156,2.8,0.531,True,Digital Wallet,Sur,8.4,5.0
53,1.1,Electronics,121.38,1,0.244,2.0,0.207,False,Digital Wallet,Central,7.8,76.96
36,0.5,Home & Living,99.05,0,0.002,2.0,0.548,True,Credit Card,Norte,7.0,5.0
18,6.0,Fashion,74.37,3,0.315,2.7,0.188,True,Digital Wallet,Este,7.8,155.43
30,1.1,Fashion,34.92,4,0.224,3.2,0.261,False,Digital Wallet,Sur,7.7,132.33
53,5.6,Fashion,72.71,5,0.049,8.2,0.172,True,Credit Card,Sur,7.9,574.22
37,1.2,Fashion,97.16,4,0.104,3.4,0.396,True,Bank Transfer,Central,10.0,672.58
26,0.8,Electronics,157.09,3,0.164,3.3,0.623,False,Credit Card,Central,3.2,220.36
31,12.8,Fashion,71.33,4,0.543,6.5,0.159,True,Bank Transfer,Central,9.4,37.38
48,1.6,Fashion,33.41,7,0.184,5.2,0.581,True,Bank Transfer,Norte,8.7,347.84
44,3.2,Electronics,164.68,2,0.167,1.7,0.064,True,Digital Wallet,Sur,10.0,383.81
35,3.3,Home & Living,90.44,0,0.01,13.7,0.448,False,Credit Card,Central,7.9,5.0
33,2.9,Home & Living,132.7,2,0.0,4.7,0.441,False,Bank Transfer,Este,8.8,400.15
33,8.6,Home & Living,68.35,4,0.0,2.3,0.476,True,Credit Card,Central,3.9,412.14
26,3.9,Electronics,167.2,0,0.576,4.5,0.113,True,Credit Card,Norte,8.3,5.0
57,1.8,Electronics,155.72,6,0.009,8.2,0.392,True,Credit Card,Central,7.0,1627.59
34,6.9,Home & Living,74.96,3,0.036,4.9,0.274,False,Credit Card,Central,7.6,417.07
52,0.7,Electronics,149.24,2,0.07,4.9,0.7,False,Credit Card,Este,3.2,179.63
56,2.8,Electronics,97.08,4,0.208,2.8,0.461,False,Credit Card,Norte,8.8,333.77
49,10.5,Home & Living,59.42,4,0.003,1.0,0.679,True,Credit Card,Central,8.9,542.85
32,3.4,Electronics,231.2,4,0.035,3.3,0.721,True,Digital Wallet,Sur,5.4,2007.53
42,5.9,Fashion,51.68,5,0.093,6.7,0.657,True,Digital Wallet,Central,9.3,556.9
37,3.7,Fashion,89.77,5,0.113,2.1,0.562,False,Bank Transfer,Sur,6.2,707.62
27,6.4,Home & Living,121.72,2,0.076,2.9,0.234,True,Credit Card,Central,8.5,566.82
41,10.1,Electronics,114.17,1,0.008,1.2,0.281,True,Digital Wallet,Sur,6.1,248.6
23,1.1,Home & Living,96.63,5,0.175,6.4,0.201,False,Digital Wallet,Norte,2.7,258.35
52,0.7,Fashion,116.03,5,0.131,7.3,0.365,False,Digital Wallet,Central,7.6,588.46
32,2.3,Fashion,91.43,6,0.476,9.0,0.04,True,Credit Card,Central,6.3,56.54
40,4.2,Electronics,183.82,0,0.002,8.4,0.514,False,Bank Transfer,Este,8.1,5.0
41,0.9,Electronics,312.42,2,0.013,11.8,0.46,False,Digital Wallet,Sur,4.8,718.91
34,0.5,Fashion,116.28,3,0.363,11.1,0.39,True,Credit Card,Norte,6.8,170.32
45,1.5,Fashion,90.38,7,0.029,3.4,0.173,False,Bank Transfer,Central,6.2,728.22
32,12.1,Home & Living,66.14,1,0.085,7.4,0.477,False,Bank Transfer,Sur,7.0,110.57
48,4.2,Fashion,52.12,4,0.051,3.8,0.125,False,Credit Card,Sur,8.8,285.7
21,1.8,Fashion,50.2,3,0.317,10.6,0.491,False,Digital Wallet,Este,8.3,92.09
39,0.7,Fashion,111.02,1,0.257,1.5,0.234,True,Credit Card,Norte,8.3,103.51
61,1.5,Home & Living,65.43,3,0.0,4.8,0.502,False,Credit Card,Este,8.8,239.06
25,0.7,Fashion,59.37,2,0.367,1.8,0.37,True,Bank Transfer,Norte,7.1,44.89
29,0.5,Electronics,231.62,1,0.45,3.2,0.246,False,Digital Wallet,Sur,5.7,14.06
44,8.3,Home & Living,90.52,4,0.033,4.2,0.345,True,Digital Wallet,Norte,5.9,552.28
40,15.0,Fashion,76.87,1,0.327,9.6,0.609,True,Credit Card,Central,6.3,71.09
42,0.6,Fashion,50.94,4,0.023,6.7,0.227,False,Digital Wallet,Central,7.8,334.96
43,0.5,Fashion,68.77,5,0.6,4.8,0.402,False,Digital Wallet,Central,7.6,25.08
45,1.4,Fashion,38.66,9,0.054,2.6,0.433,False,Credit Card,Central,9.1,587.3
51,2.2,Electronics,196.69,1,0.537,2.0,0.408,False,Digital Wallet,Central,7.0,11.51
42,0.8,Electronics,188.42,2,0.139,5.8,0.069,True,Credit Card,Sur,7.6,541.85
35,1.3,Home & Living,101.08,4,0.026,5.4,0.192,False,Credit Card,Central,6.9,650.46
46,0.8,Electronics,109.24,0,0.105,2.9,0.87,False,Digital Wallet,Central,7.4,5.0
60,5.2,Fashion,44.08,6,0.052,10.1,0.493,False,Credit Card,Sur,7.7,432.52
36,4.4,Electronics,224.41,1,0.264,1.2,0.471,True,Credit Card,Sur,4.7,163.22
26,3.5,Fashion,76.58,4,0.344,9.9,0.179,True,Digital Wallet,Norte,8.9,197.87
51,1.7,Electronics,223.36,1,0.002,6.8,0.079,False,Bank Transfer,Central,7.0,289.97
36,8.4,Fashion,69.47,4,0.021,4.8,0.152,True,Credit Card,Norte,6.2,794.36
18,12.2,Fashion,119.48,9,0.018,3.4,0.432,True,Bank Transfer,Sur,6.6,1681.57
48,0.7,Electronics,193.95,2,0.131,4.1,0.22,False,Credit Card,Norte,6.0,314.75
31,0.9,Fashion,104.77,5,0.15,1.9,0.085,True,Credit Card,Central,9.1,682.87
36,2.6,Home & Living,120.61,5,0.141,1.5,0.505,True,Digital Wallet,Este,9.5,884.94
41,0.5,Fashion,128.28,8,0.032,2.1,0.246,False,Credit Card,Norte,7.7,1561.25
40,2.0,Home & Living,74.26,2,0.029,9.5,0.232,False,Credit Card,Oeste,7.9,218.64
46,3.1,Home & Living,94.37,1,0.181,3.5,0.406,False,Bank Transfer,Este,5.0,81.46
32,2.6,Home & Living,147.69,4,0.005,4.9,0.281,True,Credit Card,Norte,7.4,1096.48
44,1.4,Home & Living,104.99,4,0.102,3.6,0.726,True,Credit Card,Central,7.4,651.56
34,2.7,Electronics,79.52,2,0.308,1.9,0.48,True,Digital Wallet,Central,8.8,142.52
46,11.2,Home & Living,79.57,1,0.128,2.0,0.231,True,Credit Card,Sur,7.3,115.42
45,0.8,Home & Living,102.88,3,0.001,2.1,0.587,False,Digital Wallet,Central,2.8,189.58
26,3.7,Home & Living,118.83,5,0.061,0.8,0.056,True,Credit Card,Sur,4.4,771.54
51,0.5,Electronics,188.42,2,0.288,2.8,0.326,False,Credit Card,Sur,9.5,203.61
31,0.5,Home & Living,131.83,2,0.0,6.1,0.704,True,Digital Wallet,Sur,5.9,413.94
47,2.8,Home & Living,61.42,3,0.013,2.7,0.496,False,Credit Card,Sur,5.8,236.74
42,0.5,Home & Living,129.56,1,0.4,5.7,0.181,False,Credit Card,Oeste,7.6,22.41
60,0.5,Electronics,203.51,2,0.0,3.1,0.097,True,Credit Card,Sur,7.5,738.94
35,0.7,Electronics,176.93,2,0.417,3.4,0.121,False,Credit Card,Norte,7.4,28.58
33,2.9,Home & Living,68.17,4,0.022,3.8,0.259,True,Bank Transfer,Central,4.0,342.04
37,4.3,Fashion,103.56,4,0.272,2.4,0.178,True,Bank Transfer,Oeste,7.9,336.78
34,0.8,Fashion,106.67,4,0.075,7.6,0.167,False,Digital Wallet,Este,2.7,276.44
47,3.9,Home & Living,84.5,1,0.042,1.7,0.475,False,Credit Card,Central,9.6,130.91
18,0.7,Electronics,260.04,5,0.298,2.6,0.226,False,Bank Transfer,Norte,9.1,532.62
25,3.3,Fashion,46.35,8,0.009,10.3,0.131,False,Credit Card,Norte,3.4,417.59
25,1.9,Fashion,56.96,6,0.012,4.3,0.287,True,Digital Wallet,Este,7.2,524.4
49,3.7,Electronics,237.0,1,0.04,2.5,0.52,False,Credit Card,Central,4.3,205.0
58,15.0,Electronics,193.68,1,0.014,6.8,0.59,True,Credit Card,Este,7.3,334.13
36,9.7,Electronics,241.45,1,0.307,5.4,0.61,True,Credit Card,Norte,9.0,325.85
35,0.5,Electronics,211.27,4,0.122,4.7,0.559,False,Digital Wallet,Central,1.8,355.14
38,7.6,Fashion,65.35,7,0.412,2.2,0.552,True,Credit Card,Central,9.6,104.7
51,0.5,Home & Living,119.77,7,0.001,5.4,0.458,False,Credit Card,Oeste,7.8,942.81
26,10.7,Fashion,108.18,5,0.01,3.3,0.55,True,Credit Card,Central,3.0,780.03
40,1.2,Electronics,196.19,1,0.001,2.0,0.153,True,Credit Card,Este,5.9,353.09
49,1.7,Electronics,171.26,1,0.022,2.9,0.459,False,Credit Card,Sur,6.3,253.25
44,0.5,Home & Living,118.92,5,0.0,3.8,0.211,False,Credit Card,Central,9.6,588.24
40,0.5,Home & Living,100.73,3,0.018,6.9,0.483,False,Digital Wallet,Sur,6.9,416.59
50,4.5,Electronics,206.26,0,0.0,4.8,0.708,False,Digital Wallet,Central,1.8,5.0
18,10.1,Electronics,148.47,0,0.024,9.1,0.261,True,Bank Transfer,Este,3.9,5.0
46,3.3,Fashion,122.17,5,0.008,2.1,0.244,True,Credit Card,Este,7.7,973.29
30,4.4,Home & Living,121.42,0,0.046,4.8,0.362,True,Digital Wallet,Central,7.1,5.0
18,5.0,Fashion,63.88,6,0.085,4.8,0.317,False,Bank Transfer,Central,8.8,403.16
44,1.1,Fashion,100.12,5,0.023,7.0,0.08,False,Digital Wallet,Central,8.2,723.11
54,0.5,Fashion,100.29,5,0.105,3.1,0.237,True,Digital Wallet,Norte,8.2,675.09
36,0.5,Home & Living,118.2,5,0.009,5.6,0.47,False,Credit Card,Central,8.3,908.46
49,1.5,Electronics,108.57,2,0.357,13.2,0.168,False,Digital Wallet,Central,7.3,73.52
57,1.0,Home & Living,79.32,2,0.061,12.0,0.157,False,Bank Transfer,Norte,8.1,168.31
53,0.5,Fashion,43.26,8,0.022,4.0,0.34,False,Bank Transfer,Sur,5.6,371.25
57,0.7,Fashion,49.94,6,0.21,1.8,0.461,True,Bank Transfer,Norte,6.8,287.52
46,0.5,Fashion,68.13,4,0.117,3.9,0.51,False,Digital Wallet,Sur,10.0,284.37
38,8.6,Fashion,112.97,2,0.093,3.0,0.367,False,Credit Card,Norte,9.9,535.89
18,0.5,Fashion,70.34,4,0.089,6.0,0.187,False,Credit Card,Central,8.0,324.42
35,2.7,Fashion,114.15,3,0.23,7.3,0.15,False,Credit Card,Oeste,7.9,329.97
27,3.1,Electronics,159.68,2,0.06,6.5,0.153,False,Credit Card,Central,8.2,491.76
64,2.7,Fashion,102.08,4,0.016,5.1,0.106,True,Digital Wallet,Este,7.4,674.97
35,0.5,Fashion,84.68,4,0.136,3.8,0.398,True,Credit Card,Este,6.9,358.16
39,1.3,Electronics,168.46,1,0.005,4.5,0.42,True,Credit Card,Sur,7.1,318.98
44,0.5,Home & Living,98.66,4,0.058,10.7,0.107,True,Digital Wallet,Sur,7.2,649.08
38,1.8,Electronics,151.32,2,0.498,3.5,0.421,False,Bank Transfer,Oeste,7.4,21.87
58,0.7,Fashion,61.11,4,0.184,12.4,0.152,True,Credit Card,Central,3.6,200.03
30,2.9,Electronics,273.73,1,0.006,5.9,0.386,False,Credit Card,Norte,8.9,419.23
40,4.1,Fashion,123.53,3,0.091,6.3,0.366,True,Credit Card,Sur,8.1,731.16
29,2.7,Electronics,160.52,2,0.177,1.2,0.676,False,Bank Transfer,Central,8.0,313.74
22,2.0,Fashion,24.27,1,0.015,3.6,0.039,False,Credit Card,Norte,8.1,38.71
30,1.7,Electronics,128.51,0,0.0,7.2,0.594,False,Digital Wallet,Este,6.4,5.0
37,6.5,Electronics,215.78,1,0.202,4.8,0.647,False,Digital Wallet,Oeste,10.0,267.34
32,0.9,Home & Living,85.58,4,0.001,4.1,0.37,False,Credit Card,Este,9.8,712.7
29,4.6,Fashion,45.77,4,0.042,2.7,0.205,False,Bank Transfer,Central,3.9,168.34
21,5.0,Electronics,212.23,0,0.006,4.2,0.09,True,Credit Card,Norte,7.8,5.0
37,1.9,Electronics,166.63,1,0.026,1.2,0.281,True,Bank Transfer,Este,7.5,305.12
19,1.2,Home & Living,73.63,3,0.2,2.3,0.722,True,Digital Wallet,Sur,8.0,201.85
47,2.2,Electronics,143.41,2,0.001,3.3,0.298,False,Digital Wallet,Este,8.3,473.14
38,0.5,Home & Living,57.98,3,0.0,1.8,0.293,True,Digital Wallet,Este,7.1,216.91
20,0.5,Fashion,85.68,6,0.347,4.4,0.297,False,Digital Wallet,Sur,3.3,89.72
34,0.5,Electronics,277.4,2,0.279,4.4,0.875,True,Digital Wallet,Norte,4.2,333.71
28,0.7,Fashion,61.47,2,0.16,1.8,0.624,False,Credit Card,Norte,7.2,131.74
41,2.5,Home & Living,117.34,3,0.16,3.6,0.121,True,Digital Wallet,Central,8.3,483.24
54,6.6,Fashion,94.92,2,0.023,1.6,0.32,True,Credit Card,Este,8.0,304.13
18,0.9,Fashion,30.64,8,0.34,3.5,0.367,False,Credit Card,Sur,6.8,83.91
39,9.6,Fashion,69.24,14,0.105,13.6,0.043,True,Digital Wallet,Norte,8.7,1974.17
36,10.8,Home & Living,70.11,1,0.012,7.5,0.488,True,Credit Card,Este,5.0,170.08
46,11.2,Fashion,43.3,4,0.088,5.4,0.469,True,Bank Transfer,Sur,7.7,424.57
40,6.4,Electronics,208.94,2,0.131,2.7,0.021,True,Digital Wallet,Sur,10.0,908.01
28,1.6,Electronics,146.69,2,0.077,6.4,0.324,True,Credit Card,Norte,7.9,635.42
34,0.5,Electronics,164.19,3,0.078,7.0,0.473,True,Credit Card,Sur,9.3,934.15
28,2.9,Electronics,233.23,1,0.011,3.5,0.28,False,Bank Transfer,Sur,5.7,338.07
50,2.9,Electronics,214.3,1,0.06,0.7,0.146,True,Bank Transfer,Central,10.0,344.18
38,6.6,Fashion,91.96,4,0.049,3.7,0.079,True,Digital Wallet,Sur,7.5,979.6
60,15.0,Electronics,189.4,0,0.304,4.7,0.447,True,Credit Card,Sur,7.6,5.0
37,2.5,Fashion,70.48,6,0.3,4.3,0.269,True,Credit Card,Central,5.0,336.96
29,1.5,Fashion,38.79,10,0.034,4.9,0.666,False,Credit Card,Sur,6.7,645.65
19,0.7,Electronics,179.86,1,0.459,2.1,0.137,False,Credit Card,Este,7.3,11.82
18,0.5,Electronics,207.0,2,0.027,11.5,0.354,True,Digital Wallet,Sur,6.1,559.69
18,2.5,Electronics,173.06,2,0.155,4.8,0.101,False,Credit Card,Central,8.0,309.64
41,2.8,Electronics,203.09,2,0.075,2.4,0.239,True,Credit Card,Central,8.4,726.92
44,6.1,Home & Living,112.99,6,0.013,9.9,0.448,True,Credit Card,Norte,7.2,1689.81
19,2.5,Fashion,61.67,2,0.123,7.8,0.335,True,Credit Card,Sur,6.3,166.39
48,8.7,Electronics,139.61,2,0.022,4.9,0.753,False,Digital Wallet,Norte,7.4,431.57
32,3.5,Fashion,80.44,3,0.009,4.6,0.613,False,Digital Wallet,Sur,8.5,489.5
39,6.4,Electronics,250.79,2,0.012,5.0,0.234,False,Bank Transfer,Sur,6.6,827.87
57,0.6,Fashion,94.74,1,0.072,11.7,0.514,False,Credit Card,Sur,8.2,121.1
48,6.8,Fashion,63.85,2,0.132,4.5,0.101,True,Credit Card,Central,9.2,183.95
34,3.9,Fashion,88.95,3,0.121,5.8,0.155,True,Credit Card,Central,8.0,553.22
27,0.7,Electronics,158.52,2,0.278,4.7,0.541,True,Digital Wallet,Central,2.7,133.35
18,0.7,Electronics,142.47,2,0.042,4.5,0.61,False,Digital Wallet,Central,7.4,300.61
29,9.1,Fashion,61.42,5,0.058,1.3,0.276,True,Credit Card,Este,7.2,629.72
35,0.5,Home & Living,56.71,5,0.337,3.8,0.05,False,Credit Card,Este,8.2,130.82
26,2.2,Home & Living,105.8,1,0.003,1.8,0.286,False,Credit Card,Oeste,8.5,141.51
36,1.3,Electronics,177.14,2,0.045,4.7,0.343,False,Credit Card,Central,5.3,568.05
38,3.8,Fashion,55.11,5,0.285,1.9,0.397,False,Bank Transfer,Oeste,3.6,120.05
35,6.4,Fashion,65.56,2,0.248,2.8,0.1,False,Credit Card,Norte,8.5,137.65
30,1.6,Home & Living,63.29,0,0.176,8.7,0.265,True,Digital Wallet,Norte,10.0,5.0
40,1.9,Electronics,172.6,1,0.227,3.5,0.58,True,Credit Card,Norte,6.1,196.58
43,14.0,Fashion,108.41,3,0.505,6.3,0.172,True,Digital Wallet,Oeste,7.5,46.46
24,5.4,Electronics,196.64,1,0.436,6.7,0.361,True,Credit Card,Central,8.3,21.81
54,8.0,Fashion,82.99,8,0.185,2.5,0.107,True,Bank Transfer,Sur,1.8,378.46
36,2.0,Fashion,43.31,8,0.269,3.7,0.135,True,Digital Wallet,Central,7.6,310.41
38,0.9,Home & Living,79.93,5,0.263,6.1,0.007,False,Credit Card,Oeste,4.3,203.57
46,1.9,Home & Living,155.65,3,0.007,12.3,0.362,False,Digital Wallet,Sur,2.7,401.27
40,4.4,Fashion,70.97,1,0.028,2.9,0.376,False,Digital Wallet,Central,8.1,124.57
49,0.5,Fashion,101.53,5,0.187,3.1,0.206,False,Credit Card,Sur,10.0,569.03
41,1.1,Electronics,163.18,2,0.046,0.9,0.248,False,Bank Transfer,Norte,7.2,400.12
30,0.5,Fashion,83.69,5,0.106,4.4,0.369,True,Bank Transfer,Oeste,7.0,603.82
42,2.0,Fashion,99.47,3,0.211,2.7,0.178,True,Credit Card,Este,6.7,426.01
24,6.1,Electronics,85.42,2,0.028,3.6,0.382,True,Credit Card,Sur,5.0,323.7
39,0.5,Home & Living,138.24,1,0.04,3.9,0.372,True,Bank Transfer,Central,6.7,205.09
37,3.9,Electronics,228.84,0,0.005,3.2,0.203,False,Digital Wallet,Este,8.2,5.0
35,9.4,Fashion,87.85,4,0.225,4.1,0.087,True,Credit Card,Oeste,6.9,552.83
36,0.9,Home & Living,89.56,1,0.293,4.6,0.081,False,Credit Card,Sur,7.6,54.09
18,4.1,Home & Living,99.87,2,0.133,2.7,0.425,False,Digital Wallet,Central,4.9,132.31
31,12.9,Home & Living,116.58,5,0.08,9.0,0.295,True,Bank Transfer,Sur,6.8,1337.06
39,11.5,Electronics,160.65,1,0.192,11.0,0.145,True,Digital Wallet,Sur,8.6,294.14
39,0.9,Home & Living,118.59,4,0.031,5.9,0.516,True,Credit Card,Central,5.8,540.77
25,0.5,Electronics,165.21,4,0.099,6.0,0.456,False,Bank Transfer,Central,7.7,694.81
53,0.6,Home & Living,113.35,2,0.0,0.7,0.4,True,Credit Card,Norte,6.4,297.3
27,4.2,Fashion,15.0,6,0.397,5.3,0.051,False,Bank Transfer,Este,1.6,7.47
49,4.5,Home & Living,94.22,4,0.123,2.9,0.172,False,Bank Transfer,Este,4.4,251.87
43,3.9,Electronics,172.46,2,0.048,1.5,0.437,True,Bank Transfer,Sur,8.2,592.2
30,1.4,Fashion,32.29,4,0.337,3.6,0.398,False,Credit Card,Central,7.7,64.36
59,0.7,Home & Living,100.19,7,0.008,1.7,0.128,False,Bank Transfer,Norte,10.0,783.54
23,3.0,Home & Living,92.03,5,0.045,2.9,0.155,False,Credit Card,Central,9.5,645.85
49,2.3,Electronics,204.25,2,0.23,2.2,0.45,False,Digital Wallet,Este,7.5,382.43
50,4.6,Home & Living,91.97,4,0.018,4.2,0.389,False,Credit Card,Sur,7.2,490.0
29,2.0,Electronics,162.62,2,0.061,3.4,0.076,False,Bank Transfer,Oeste,5.8,378.8
54,1.4,Fashion,102.74,5,0.456,11.5,0.397,False,Credit Card,Este,4.9,26.76
34,1.2,Fashion,64.54,6,0.073,4.4,0.126,True,Digital Wallet,Norte,5.0,546.42
41,0.8,Electronics,223.97,2,0.007,3.9,0.252,False,Bank Transfer,Sur,7.5,629.82
41,1.1,Electronics,178.27,0,0.059,5.5,0.256,False,Bank Transfer,Central,8.4,5.0
36,0.5,Home & Living,124.34,6,0.008,2.9,0.709,False,Credit Card,Sur,9.3,1061.38
47,1.5,Fashion,75.2,1,0.41,1.6,0.274,True,Digital Wallet,Central,9.7,12.6
47,0.5,Electronics,121.72,1,0.037,4.2,0.329,False,Credit Card,Norte,7.0,178.87
18,0.7,Home & Living,90.01,3,0.116,2.4,0.215,True,Digital Wallet,Este,2.2,157.45
53,4.8,Home & Living,125.68,3,0.081,4.1,0.481,False,Bank Transfer,Central,8.9,367.2
18,1.4,Fashion,86.42,6,0.524,1.7,0.172,False,Credit Card,Norte,8.8,36.5
50,3.9,Electronics,246.31,2,0.308,3.6,0.263,True,Digital Wallet,Central,8.0,318.56
51,4.4,Electronics,156.9,0,0.0,2.4,0.527,True,Credit Card,Central,7.4,5.0
24,3.0,Fashion,85.76,8,0.021,4.0,0.475,True,Bank Transfer,Este,7.7,1451.14
33,11.2,Fashion,29.35,3,0.115,4.8,0.258,True,Credit Card,Central,9.5,198.0
24,0.5,Fashion,132.42,6,0.072,6.0,0.09,False,Credit Card,Norte,8.7,1086.04
35,4.7,Home & Living,75.78,4,0.064,5.5,0.169,False,Credit Card,Central,5.5,450.29
34,11.2,Fashion,118.31,8,0.271,2.9,0.41,True,Credit Card,Oeste,1.7,564.52
47,6.9,Electronics,167.03,0,0.095,3.6,0.588,True,Credit Card,Sur,7.0,5.0
53,0.6,Home & Living,95.94,2,0.003,9.2,0.457,True,Digital Wallet,Norte,8.2,208.78
54,1.4,Fashion,67.36,7,0.024,2.4,0.51,False,Bank Transfer,Este,8.1,491.95
31,0.7,Fashion,140.13,4,0.36,4.8,0.542,False,Credit Card,Norte,6.0,224.33
35,3.2,Home & Living,140.75,5,0.084,5.4,0.666,False,Digital Wallet,Sur,5.0,727.33
18,4.4,Home & Living,93.32,3,0.175,6.6,0.193,False,Digital Wallet,Sur,7.5,268.9
28,1.3,Fashion,61.62,4,0.14,1.8,0.655,True,Digital Wallet,Norte,9.8,507.36
49,2.7,Electronics,149.74,1,0.002,6.2,0.179,False,Bank Transfer,Norte,6.2,191.63
57,4.1,Home & Living,128.76,4,0.005,1.4,0.161,True,Credit Card,Central,8.5,787.41
23,1.9,Fashion,51.73,5,0.452,2.2,0.439,False,Credit Card,Oeste,9.1,20.44
30,6.7,Fashion,91.99,6,0.436,6.0,0.104,False,Credit Card,Norte,5.1,58.12
37,5.2,Fashion,58.86,8,0.178,2.7,0.321,True,Bank Transfer,Sur,8.2,759.47
41,0.5,Fashion,100.12,4,0.195,2.8,0.548,False,Credit Card,Central,10.0,466.91
28,3.4,Home & Living,94.43,1,0.005,4.6,0.346,False,Credit Card,Sur,1.4,67.26
43,0.9,Fashion,73.61,2,0.308,4.1,0.829,False,Digital Wallet,Sur,9.7,86.59
32,2.9,Home & Living,69.89,6,0.033,3.1,0.213,False,Digital Wallet,Este,1.9,355.26
37,11.0,Home & Living,120.48,2,0.008,2.4,0.064,False,Credit Card,Este,2.7,241.15
44,7.4,Home & Living,75.58,1,0.086,3.8,0.483,False,Credit Card,Norte,7.7,106.09
38,1.8,Fashion,118.29,4,0.337,2.9,0.74,False,Digital Wallet,Norte,7.8,235.79
32,1.2,Home & Living,67.03,2,0.116,3.0,0.203,False,Digital Wallet,Norte,8.2,136.41
36,0.9,Fashion,92.39,5,0.59,8.5,0.075,True,Credit Card,Este,1.8,26.68
36,2.7,Electronics,152.76,2,0.062,7.9,0.36,False,Digital Wallet,Sur,7.3,505.55
33,0.5,Home & Living,68.66,1,0.022,2.0,0.087,False,Digital Wallet,Oeste,8.9,74.44
34,2.8,Fashion,58.58,3,0.292,10.1,0.192,False,Digital Wallet,Norte,7.9,110.28
57,0.5,Electronics,278.45,3,0.211,6.5,0.622,False,Credit Card,Central,9.4,643.74
44,1.4,Electronics,132.02,2,0.045,3.3,0.348,True,Credit Card,Oeste,8.0,473.96
34,0.9,Electronics,149.42,3,0.082,12.6,0.157,False,Digital Wallet,Sur,7.7,556.34
46,12.4,Home & Living,118.2,2,0.257,1.6,0.193,True,Credit Card,Sur,2.7,143.91
33,4.5,Fashion,105.73,5,0.039,1.0,0.295,False,Digital Wallet,Sur,3.5,465.08
52,1.5,Electronics,174.5,3,0.258,1.5,0.492,False,Digital Wallet,Norte,9.2,340.83
42,0.5,Home & Living,101.08,1,0.027,5.7,0.275,False,Credit Card,Oeste,7.9,139.03
36,2.5,Electronics,24.89,3,0.01,11.4,0.356,True,Digital Wallet,Central,8.5,196.0
43,0.8,Home & Living,111.25,1,0.022,5.8,0.213,False,Digital Wallet,Norte,5.9,139.59
19,2.7,Fashion,60.17,5,0.294,11.8,0.442,False,Credit Card,Norte,6.9,194.92
24,6.3,Fashion,84.72,5,0.437,7.3,0.404,True,Credit Card,Norte,9.6,53.16
23,3.3,Fashion,68.03,4,0.17,5.8,0.335,False,Credit Card,Sur,6.3,224.0
39,3.5,Electronics,212.9,3,0.028,6.3,0.065,False,Digital Wallet,Este,8.5,1276.98
58,2.7,Home & Living,47.91,3,0.316,6.9,0.253,False,Credit Card,Central,7.4,64.4
64,9.2,Electronics,175.57,2,0.126,3.7,0.283,False,Bank Transfer,Oeste,8.9,456.77
45,9.4,Home & Living,129.56,2,0.437,6.5,0.117,True,Digital Wallet,Sur,8.9,27.28
44,2.5,Fashion,24.47,7,0.091,8.1,0.388,False,Credit Card,Central,4.2,156.3
18,1.3,Fashion,17.46,7,0.016,4.7,0.498,False,Credit Card,Norte,8.4,159.76
31,2.2,Fashion,76.48,4,0.285,8.1,0.185,False,Credit Card,Central,6.4,267.15
28,0.7,Electronics,150.78,2,0.021,4.9,0.504,False,Credit Card,Norte,9.1,508.01
30,3.5,Fashion,70.17,0,0.175,2.6,0.574,False,Credit Card,Sur,10.0,5.0
35,2.4,Home & Living,86.14,3,0.057,3.6,0.336,False,Bank Transfer,Central,6.5,361.72
32,0.5,Electronics,184.65,1,0.056,1.7,0.391,False,Credit Card,Central,8.4,292.42
18,0.8,Fashion,58.2,12,0.227,4.4,0.336,False,Credit Card,Norte,7.3,514.52
46,2.3,Fashion,114.24,4,0.213,5.2,0.13,False,Credit Card,Central,8.4,415.3
25,7.6,Fashion,96.2,2,0.007,4.4,0.195,False,Credit Card,Oeste,7.4,372.72
40,2.9,Electronics,150.71,1,0.195,6.4,0.46,False,Credit Card,Sur,8.4,172.08
62,4.0,Fashion,67.89,8,0.148,13.1,0.571,True,Credit Card,Oeste,8.4,1032.29
26,1.4,Home & Living,115.29,2,0.073,9.2,0.095,False,Credit Card,Norte,9.3,302.28
18,3.0,Electronics,180.36,2,0.04,6.1,0.254,False,Bank Transfer,Oeste,9.7,399.25
34,2.1,Fashion,73.68,4,0.438,3.8,0.478,True,Credit Card,Sur,6.2,32.59
51,3.8,Fashion,110.1,4,0.366,5.3,0.429,False,Credit Card,Oeste,7.2,163.68
61,0.5,Fashion,61.49,7,0.099,4.6,0.766,False,Credit Card,Este,7.8,452.72
23,2.4,Fashion,103.07,3,0.335,7.8,0.007,True,Digital Wallet,Central,6.5,155.76
43,1.2,Fashion,52.25,2,0.061,0.8,0.269,False,Credit Card,Norte,7.4,130.21
32,1.4,Electronics,151.01,2,0.27,5.1,0.26,False,Credit Card,Norte,8.0,219.76
36,11.3,Home & Living,15.0,2,0.001,5.2,0.449,True,Credit Card,Sur,5.9,65.37
69,0.7,Home & Living,40.18,2,0.001,1.0,0.165,False,Digital Wallet,Sur,10.0,88.41
19,1.3,Electronics,250.22,4,0.122,5.1,0.272,True,Bank Transfer,Central,9.2,1096.51
41,2.5,Fashion,47.68,2,0.361,5.6,0.019,False,Credit Card,Central,6.3,37.67
43,7.0,Home & Living,67.86,2,0.501,2.7,0.393,True,Credit Card,Oeste,9.3,16.71
51,1.9,Home & Living,116.99,4,0.09,1.9,0.068,False,Digital Wallet,Norte,2.5,266.89
39,4.8,Home & Living,50.12,3,0.158,11.7,0.201,True,Credit Card,Sur,6.7,271.65
41,6.8,Home & Living,102.67,1,0.368,3.6,0.157,False,Credit Card,Central,7.2,36.57
33,1.3,Electronics,241.83,3,0.009,1.9,0.166,False,Credit Card,Central,6.4,737.13
41,1.7,Home & Living,109.06,3,0.173,2.6,0.273,True,Digital Wallet,Norte,7.1,382.63
33,1.5,Home & Living,64.75,3,0.113,4.7,0.549,False,Credit Card,Este,2.7,133.68
45,6.3,Fashion,63.13,3,0.354,4.9,0.167,False,Digital Wallet,Sur,7.3,87.29
33,0.5,Fashion,39.91,4,0.118,6.2,0.551,False,Credit Card,Central,7.9,166.22
42,1.3,Fashion,89.7,7,0.204,3.1,0.313,True,Digital Wallet,Sur,8.1,737.3
37,4.0,Fashion,51.9,6,0.082,1.3,0.114,True,Digital Wallet,Norte,4.2,310.44
51,2.9,Electronics,192.49,4,0.285,2.1,0.474,True,Credit Card,Norte,7.9,593.44
37,2.0,Electronics,147.53,1,0.018,1.7,0.737,False,Digital Wallet,Central,9.8,281.6
18,2.7,Electronics,218.55,2,0.142,7.2,0.425,True,Bank Transfer,Central,8.5,596.78
53,0.8,Fashion,84.64,5,0.428,4.6,0.349,False,Credit Card,Norte,7.5,24.48
27,2.0,Electronics,222.45,1,0.04,2.3,0.385,False,Digital Wallet,Sur,3.5,176.75
30,2.4,Home & Living,94.36,4,0.009,5.8,0.379,False,Digital Wallet,Central,6.7,556.23
30,8.1,Electronics,128.46,3,0.087,3.2,0.364,False,Credit Card,Oeste,7.8,540.04
54,1.1,Home & Living,175.52,3,0.123,4.6,0.339,False,Credit Card,Oeste,7.8,531.82
18,7.1,Home & Living,86.22,4,0.002,3.5,0.368,True,Credit Card,Norte,7.3,720.39
75,3.6,Home & Living,104.93,2,0.0,2.3,0.315,True,Bank Transfer,Sur,6.3,301.53
50,0.5,Fashion,63.04,9,0.342,12.0,0.482,False,Credit Card,Sur,6.9,239.36
40,4.5,Electronics,82.55,3,0.304,6.9,0.222,False,Digital Wallet,Central,6.9,134.22
37,0.5,Fashion,65.36,5,0.122,1.5,0.5,False,Credit Card,Norte,8.1,429.33
41,15.0,Electronics,51.33,2,0.268,7.8,0.167,False,Credit Card,Central,10.0,99.86
44,7.2,Home & Living,72.83,2,0.161,3.7,0.224,False,Credit Card,Este,8.2,170.2
45,1.2,Electronics,175.78,1,0.148,9.3,0.182,False,Digital Wallet,Central,7.6,159.85
44,1.0,Fashion,94.66,8,0.025,5.8,0.044,False,Digital Wallet,Norte,8.5,989.07
39,1.7,Home & Living,88.58,0,0.003,2.2,0.222,True,Digital Wallet,Central,6.8,5.0
35,1.5,Home & Living,92.18,3,0.379,1.1,0.24,False,Credit Card,Central,7.4,73.08
36,1.6,Home & Living,123.71,4,0.063,7.6,0.223,False,Digital Wallet,Central,9.1,704.95
35,1.3,Fashion,73.8,6,0.018,4.6,0.813,True,Digital Wallet,Sur,9.5,993.02
51,3.4,Fashion,45.75,4,0.074,11.3,0.33,False,Credit Card,Sur,8.3,229.3
45,0.6,Fashion,74.41,4,0.319,8.8,0.039,True,Bank Transfer,Norte,5.6,167.18
18,6.5,Electronics,222.53,1,0.032,6.6,0.205,True,Credit Card,Norte,7.4,327.41
45,5.9,Home & Living,101.46,3,0.022,7.0,0.461,True,Bank Transfer,Este,6.1,526.75
40,2.3,Fashion,47.8,5,0.286,4.0,0.435,False,Credit Card,Sur,7.9,160.46
37,6.7,Electronics,161.16,2,0.007,4.7,0.242,True,Bank Transfer,Oeste,7.2,531.75
33,1.0,Home & Living,81.91,2,0.322,3.9,0.518,True,Digital Wallet,Este,2.6,51.84
51,0.5,Fashion,81.84,5,0.054,3.5,0.371,True,Credit Card,Central,8.0,507.79
49,3.4,Home & Living,68.69,2,0.029,2.2,0.03,False,Credit Card,Oeste,9.5,180.06
28,2.1,Home & Living,154.49,2,0.005,3.1,0.148,False,Digital Wallet,Este,8.7,448.9
42,2.9,Home & Living,95.74,4,0.043,0.8,0.353,False,Digital Wallet,Central,9.0,561.73
26,8.0,Electronics,185.78,1,0.029,7.3,0.265,True,Credit Card,Sur,6.7,409.58
21,12.3,Electronics,218.52,4,0.6,7.7,0.368,False,Digital Wallet,Central,6.6,74.84
30,3.5,Home & Living,124.92,4,0.001,11.7,0.183,True,Digital Wallet,Sur,7.0,1046.49
48,5.1,Home & Living,31.98,1,0.174,5.8,0.546,False,Digital Wallet,Sur,5.8,35.02
49,0.5,Fashion,76.62,4,0.106,2.9,0.281,True,Digital Wallet,Oeste,7.5,427.08
44,0.6,Fashion,108.67,4,0.033,6.1,0.349,True,Credit Card,Este,2.6,425.79
46,4.6,Electronics,128.95,0,0.1,4.1,0.247,False,Credit Card,Central,4.0,5.0
44,2.0,Home & Living,110.56,2,0.009,4.1,0.302,False,Digital Wallet,Este,6.8,299.39
30,2.1,Electronics,218.69,5,0.021,14.8,0.475,True,Credit Card,Norte,7.4,1913.34
43,1.3,Electronics,186.25,2,0.258,6.1,0.277,False,Credit Card,Sur,7.5,302.7
47,3.3,Fashion,42.22,5,0.278,5.1,0.779,False,Credit Card,Central,9.3,155.22
47,0.7,Electronics,150.99,2,0.028,7.5,0.597,False,Credit Card,Central,5.4,439.04
52,3.5,Home & Living,104.74,4,0.155,3.3,0.306,False,Digital Wallet,Central,8.3,276.73
46,0.7,Electronics,217.87,3,0.295,7.4,0.282,False,Bank Transfer,Norte,2.3,188.48
42,0.5,Electronics,92.91,1,0.015,3.6,0.307,True,Digital Wallet,Oeste,8.3,161.48
50,1.4,Fashion,65.87,5,0.172,6.8,0.705,False,Digital Wallet,Sur,4.0,171.69
37,0.9,Fashion,52.21,3,0.163,4.2,0.276,False,Digital Wallet,Oeste,8.3,184.21
27,7.7,Electronics,175.42,1,0.002,7.0,0.369,True,Digital Wallet,Central,7.2,383.01
36,0.5,Fashion,62.56,4,0.29,1.6,0.601,False,Credit Card,Norte,7.1,179.54
29,0.7,Fashion,83.84,2,0.005,6.8,0.219,False,Digital Wallet,Sur,7.4,223.13
29,2.8,Home & Living,97.98,1,0.116,2.5,0.095,False,Credit Card,Norte,2.4,59.66
36,2.3,Electronics,122.93,2,0.131,7.5,0.401,False,Digital Wallet,Central,6.3,308.6
28,0.5,Home & Living,141.44,1,0.008,7.7,0.47,False,Digital Wallet,Norte,7.2,175.22
34,0.5,Fashion,90.49,2,0.32,6.7,0.427,True,Digital Wallet,Este,7.4,102.58
18,15.0,Electronics,207.26,3,0.019,4.0,0.262,True,Bank Transfer,Norte,2.6,591.81
40,3.8,Electronics,131.31,3,0.026,7.2,0.534,False,Bank Transfer,Sur,4.5,349.46
38,1.6,Fashion,43.18,3,0.005,2.5,0.601,False,Credit Card,Oeste,6.3,188.22
28,2.2,Electronics,135.54,4,0.001,2.5,0.451,True,Credit Card,Norte,7.3,1274.72
45,1.1,Electronics,147.01,2,0.238,5.7,0.152,True,Credit Card,Central,7.8,285.3
49,1.5,Electronics,196.35,1,0.481,3.4,0.245,True,Bank Transfer,Central,8.2,15.27
18,3.7,Fashion,24.49,3,0.053,1.7,0.503,True,Credit Card,Norte,8.0,124.67
28,7.5,Fashion,48.55,4,0.029,3.4,0.407,True,Credit Card,Sur,5.7,368.97
28,0.7,Electronics,165.18,2,0.091,7.4,0.216,False,Credit Card,Oeste,7.3,463.28
26,6.4,Fashion,15.0,8,0.146,2.2,0.163,False,Credit Card,Central,7.9,169.54
47,0.5,Home & Living,103.68,4,0.142,8.9,0.178,False,Bank Transfer,Central,8.7,368.03
35,0.8,Electronics,217.81,0,0.291,0.7,0.283,False,Digital Wallet,Oeste,3.9,5.0
34,0.5,Home & Living,88.42,2,0.002,11.2,0.631,True,Credit Card,Central,9.5,369.84
18,0.5,Fashion,110.34,0,0.015,4.0,0.508,False,Credit Card,Oeste,4.0,5.0
45,8.7,Home & Living,116.11,2,0.056,5.7,0.121,True,Digital Wallet,Este,3.3,292.53
23,2.2,Electronics,161.6,2,0.016,7.7,0.641,True,Credit Card,Central,3.3,393.19
38,0.5,Home & Living,176.47,5,0.0,2.3,0.569,False,Credit Card,Norte,6.9,860.09
41,11.2,Fashion,66.0,6,0.035,2.2,0.505,True,Credit Card,Central,9.3,1174.47
54,7.4,Fashion,94.67,2,0.43,2.1,0.099,True,Credit Card,Sur,5.7,15.53
22,4.9,Fashion,64.01,3,0.291,12.6,0.32,False,Digital Wallet,Este,9.7,124.05
18,9.5,Electronics,122.48,1,0.11,5.8,0.108,True,Credit Card,Central,7.4,206.1
40,0.9,Home & Living,94.19,1,0.009,3.7,0.254,False,Digital Wallet,Central,5.6,136.08
59,6.3,Fashion,96.71,8,0.016,7.9,0.149,True,Digital Wallet,Sur,6.9,1107.39
52,4.1,Electronics,166.05,0,0.289,4.8,0.48,True,Bank Transfer,Norte,6.4,5.0
40,7.1,Electronics,148.82,1,0.053,3.8,0.214,True,Credit Card,Sur,8.4,329.02
32,5.6,Electronics,77.37,3,0.002,4.3,0.243,False,Bank Transfer,Sur,6.3,301.43
47,1.5,Fashion,68.9,3,0.042,4.6,0.265,True,Digital Wallet,Central,7.2,329.92
26,5.2,Fashion,76.98,3,0.099,5.3,0.145,True,Digital Wallet,Este,9.0,425.71
43,1.1,Fashion,82.38,7,0.383,10.4,0.164,False,Digital Wallet,Central,7.5,171.49
44,1.4,Electronics,195.61,9,0.246,6.8,0.225,False,Digital Wallet,Oeste,8.4,1698.82
50,0.5,Fashion,70.16,4,0.046,7.6,0.453,False,Digital Wallet,Norte,9.5,409.15
71,9.6,Fashion,45.47,2,0.346,7.8,0.294,True,Credit Card,Sur,7.3,51.26
42,1.2,Electronics,168.06,4,0.148,3.5,0.596,False,Digital Wallet,Este,7.6,650.4
31,2.6,Electronics,269.23,2,0.271,11.6,0.558,True,Credit Card,Central,3.3,287.12
37,1.7,Electronics,172.65,3,0.329,9.7,0.163,False,Credit Card,Central,6.7,267.43
18,11.3,Home & Living,47.98,2,0.039,3.5,0.423,True,Bank Transfer,Sur,6.2,133.38
29,1.4,Fashion,52.11,5,0.093,4.6,0.54,False,Credit Card,Central,3.5,205.99
33,5.3,Home & Living,90.09,8,0.046,4.8,0.125,True,Digital Wallet,Central,9.7,1649.01
31,6.8,Electronics,173.77,0,0.247,2.5,0.625,True,Credit Card,Central,9.0,5.0
39,2.0,Home & Living,121.54,5,0.07,4.2,0.458,False,Credit Card,Norte,7.8,842.53
28,1.7,Fashion,59.03,3,0.031,3.9,0.498,True,Credit Card,Central,3.1,231.14
51,4.8,Fashion,64.64,3,0.097,13.7,0.127,False,Digital Wallet,Norte,8.2,254.93
38,8.5,Electronics,126.9,1,0.063,2.7,0.33,False,Digital Wallet,Norte,2.4,105.2
37,4.9,Fashion,66.69,3,0.056,1.8,0.23,True,Bank Transfer,Central,8.5,375.49
34,0.9,Home & Living,67.6,3,0.202,3.6,0.304,True,Digital Wallet,Sur,7.7,211.69
39,7.7,Electronics,176.58,1,0.187,5.5,0.435,False,Credit Card,Norte,9.4,216.81
47,1.7,Electronics,238.15,1,0.276,5.3,0.47,False,Credit Card,Oeste,8.2,158.07
27,3.0,Fashion,41.7,6,0.239,7.5,0.047,False,Credit Card,Sur,7.1,224.07
30,6.2,Home & Living,67.27,3,0.018,5.6,0.13,False,Digital Wallet,Central,7.7,338.46
34,0.7,Fashion,110.96,1,0.371,1.5,0.548,False,Digital Wallet,Este,6.6,34.2
21,5.4,Electronics,210.13,2,0.399,3.9,0.552,True,Credit Card,Norte,7.1,100.7
28,3.2,Fashion,91.39,5,0.062,5.8,0.342,False,Digital Wallet,Este,6.4,665.86
32,7.8,Fashion,64.1,6,0.085,6.7,0.208,True,Digital Wallet,Norte,6.6,867.9
48,0.7,Home & Living,90.38,1,0.0,6.3,0.439,False,Digital Wallet,Sur,9.3,141.29
41,1.9,Home & Living,95.49,4,0.006,2.9,0.18,True,Bank Transfer,Este,2.1,255.88
40,6.3,Fashion,72.67,5,0.062,3.4,0.18,True,Digital Wallet,Central,7.8,723.84
48,0.5,Electronics,99.49,2,0.022,2.0,0.413,False,Digital Wallet,Central,9.4,227.02
36,0.5,Home & Living,120.81,2,0.05,1.6,0.338,False,Credit Card,Central,7.6,327.37
42,15.0,Fashion,31.74,4,0.225,5.2,0.41,True,Credit Card,Sur,5.7,187.65
36,1.2,Home & Living,29.1,2,0.194,10.7,0.621,True,Digital Wallet,Central,8.7,75.14
41,13.0,Fashion,44.87,1,0.068,1.1,0.689,True,Credit Card,Sur,8.3,114.19
31,0.7,Home & Living,89.4,0,0.0,4.4,0.277,True,Credit Card,Oeste,9.3,5.0
18,1.6,Home & Living,124.74,5,0.006,2.2,0.393,True,Bank Transfer,Norte,6.7,972.63
36,4.9,Electronics,153.04,2,0.157,4.1,0.473,False,Credit Card,Norte,6.0,413.23
55,3.8,Home & Living,111.7,2,0.4,5.8,0.326,False,Credit Card,Este,7.2,46.86
49,3.0,Electronics,146.18,0,0.0,4.6,0.569,True,Digital Wallet,Norte,6.3,5.0
49,2.6,Home & Living,123.18,4,0.06,2.9,0.438,False,Bank Transfer,Sur,2.9,364.17
52,6.5,Home & Living,132.01,3,0.001,4.5,0.294,True,Credit Card,Sur,7.8,766.07
39,0.9,Electronics,276.47,1,0.127,19.4,0.364,False,Credit Card,Norte,6.3,314.23
40,2.0,Fashion,99.5,6,0.212,2.3,0.681,False,Credit Card,Central,6.9,621.91
30,0.6,Fashion,64.42,6,0.252,3.7,0.645,False,Credit Card,Este,7.2,236.92
34,3.2,Home & Living,89.83,7,0.012,0.8,0.348,False,Credit Card,Este,7.1,1231.47
45,1.0,Home & Living,125.86,2,0.028,3.8,0.445,False,Credit Card,Central,8.7,363.07
52,1.4,Fashion,81.85,4,0.297,6.0,0.326,True,Credit Card,Norte,8.3,285.28
36,2.2,Home & Living,115.79,4,0.112,2.7,0.519,True,Credit Card,Norte,6.7,616.58
32,0.5,Electronics,243.29,1,0.438,8.4,0.302,False,Credit Card,Norte,6.2,16.42
38,0.5,Electronics,161.87,2,0.05,6.0,0.094,False,Digital Wallet,Oeste,5.0,337.3
45,4.1,Fashion,71.9,2,0.035,2.4,0.528,False,Credit Card,Oeste,8.1,212.4
20,2.0,Fashion,24.84,7,0.16,5.3,0.508,False,Digital Wallet,Oeste,9.4,165.01
18,7.0,Electronics,175.79,2,0.005,5.7,0.314,True,Credit Card,Norte,4.7,509.13
31,4.2,Fashion,74.03,3,0.298,7.5,0.36,False,Bank Transfer,Este,7.7,136.19
23,0.5,Fashion,63.32,4,0.074,5.4,0.67,False,Bank Transfer,Norte,7.1,261.1
31,3.4,Home & Living,56.18,5,0.178,2.8,0.135,True,Digital Wallet,Oeste,7.3,436.71
36,0.5,Electronics,231.02,3,0.008,0.8,0.144,True,Credit Card,Este,7.7,1125.41
32,5.3,Fashion,59.14,6,0.489,4.6,0.559,True,Credit Card,Central,7.3,49.61
55,15.0,Fashion,107.65,2,0.053,2.1,0.186,False,Digital Wallet,Norte,7.9,330.1
41,2.7,Home & Living,60.74,4,0.004,3.0,0.114,False,Digital Wallet,Central,8.2,326.97
41,4.0,Fashion,113.37,4,0.161,2.8,0.53,False,Credit Card,Norte,8.3,538.57
45,0.9,Home & Living,61.68,2,0.018,5.3,0.243,False,Credit Card,Este,9.4,166.68
24,2.0,Home & Living,125.55,6,0.012,4.1,0.075,True,Credit Card,Central,6.5,1156.93
50,6.8,Fashion,86.57,1,0.11,2.9,0.757,True,Bank Transfer,Central,7.6,168.45
37,0.6,Electronics,228.94,0,0.001,7.5,0.774,False,Digital Wallet,Este,7.6,5.0
46,1.1,Home & Living,124.41,0,0.046,3.4,0.068,False,Credit Card,Central,5.8,5.0
25,2.1,Fashion,54.15,9,0.29,6.0,0.418,True,Digital Wallet,Norte,3.8,231.1
19,4.4,Fashion,126.72,3,0.049,2.6,0.306,True,Digital Wallet,Oeste,8.6,638.86
47,1.6,Fashion,72.48,3,0.077,3.7,0.443,False,Digital Wallet,Norte,9.6,298.73
42,9.2,Home & Living,79.3,4,0.0,4.8,0.341,True,Credit Card,Central,9.2,854.98
27,0.5,Home & Living,81.24,3,0.0,2.1,0.194,False,Bank Transfer,Este,7.8,270.05
27,1.6,Home & Living,133.44,1,0.0,3.6,0.599,True,Credit Card,Oeste,7.1,274.0
51,4.3,Electronics,222.98,2,0.104,4.9,0.379,False,Digital Wallet,Norte,7.7,615.0
23,0.9,Fashion,49.37,4,0.182,5.3,0.753,False,Digital Wallet,Central,8.0,197.54
57,3.7,Electronics,162.64,0,0.008,4.4,0.226,False,Bank Transfer,Este,7.3,5.0
27,0.6,Electronics,185.13,0,0.0,3.2,0.196,False,Credit Card,Norte,2.4,5.0
45,0.5,Home & Living,64.09,1,0.193,8.5,0.388,False,Digital Wallet,Oeste,9.5,65.7
34,0.5,Fashion,114.05,3,0.001,2.4,0.223,True,Credit Card,Central,8.4,824.3
45,9.3,Fashion,69.23,3,0.183,4.7,0.198,True,Credit Card,Central,6.4,318.89
31,2.8,Fashion,15.0,4,0.6,6.0,0.204,False,Digital Wallet,Oeste,7.3,5.78
36,5.6,Home & Living,87.74,1,0.017,4.5,0.198,True,Credit Card,Norte,8.1,198.73
38,1.4,Electronics,181.63,1,0.016,2.0,0.39,False,Credit Card,Oeste,9.9,359.41
25,3.1,Electronics,142.02,1,0.009,2.2,0.509,False,Credit Card,Sur,3.3,123.44
46,2.4,Fashion,41.1,8,0.12,6.4,0.21,False,Digital Wallet,Sur,7.5,397.16
31,10.2,Fashion,72.42,5,0.124,4.1,0.106,True,Credit Card,Este,8.6,870.61
35,4.8,Home & Living,120.43,2,0.018,2.4,0.058,False,Bank Transfer,Norte,8.8,299.3
26,4.6,Home & Living,74.69,3,0.01,2.1,0.341,False,Credit Card,Este,7.5,343.06
18,0.5,Fashion,48.4,2,0.062,8.8,0.749,False,Credit Card,Central,6.3,138.79
35,2.8,Home & Living,76.2,5,0.018,7.7,0.468,False,Credit Card,Oeste,7.7,601.68
66,2.2,Electronics,174.05,0,0.304,3.6,0.267,False,Credit Card,Central,5.0,5.0
47,9.2,Home & Living,38.04,3,0.001,12.0,0.346,True,Digital Wallet,Este,7.7,221.57
37,1.0,Electronics,227.58,2,0.062,8.4,0.375,False,Bank Transfer,Sur,5.3,533.85
34,1.1,Home & Living,15.0,1,0.245,3.7,0.385,False,Credit Card,Central,7.8,11.89
38,1.9,Fashion,94.31,4,0.001,5.4,0.232,False,Bank Transfer,Sur,7.1,688.15
44,1.0,Electronics,138.83,1,0.0,3.0,0.327,False,Credit Card,Oeste,7.6,186.9
23,0.5,Electronics,130.18,2,0.226,3.3,0.424,False,Digital Wallet,Central,7.8,218.47
51,6.8,Fashion,73.58,4,0.14,2.3,0.371,True,Bank Transfer,Sur,10.0,387.59
46,2.9,Fashion,89.19,4,0.179,8.6,0.128,False,Credit Card,Central,2.6,218.13
46,6.9,Electronics,122.02,0,0.118,4.1,0.1,False,Credit Card,Norte,9.1,5.0
43,6.2,Fashion,88.8,5,0.277,5.8,0.396,True,Credit Card,Central,5.0,427.44
38,1.2,Fashion,74.4,2,0.094,9.5,0.187,False,Bank Transfer,Sur,7.2,213.08
46,2.8,Fashion,53.84,2,0.005,4.0,0.255,False,Bank Transfer,Central,7.4,184.02
45,0.5,Home & Living,53.22,3,0.0,1.6,0.182,False,Credit Card,Este,3.1,95.36
33,8.6,Electronics,204.58,4,0.035,2.2,0.055,True,Digital Wallet,Central,4.2,999.39
31,1.8,Fashion,50.09,4,0.212,3.9,0.281,False,Credit Card,Central,2.7,117.26
39,1.8,Home & Living,119.41,3,0.002,5.5,0.134,False,Credit Card,Este,5.0,493.38
56,1.3,Fashion,83.61,5,0.009,3.6,0.612,True,Bank Transfer,Norte,6.8,505.01
23,2.2,Fashion,74.24,5,0.11,1.9,0.289,False,Credit Card,Oeste,7.2,412.32
20,1.0,Fashion,42.21,7,0.6,1.3,0.565,False,Digital Wallet,Central,7.9,15.72
39,1.6,Electronics,169.28,1,0.246,7.8,0.169,False,Bank Transfer,Norte,8.2,128.82
38,5.6,Fashion,54.58,2,0.156,2.3,0.258,False,Bank Transfer,Sur,10.0,174.23
40,6.3,Home & Living,93.17,5,0.013,2.2,0.307,False,Digital Wallet,Sur,9.1,573.83
40,1.3,Electronics,177.15,0,0.232,5.8,0.106,False,Digital Wallet,Central,8.7,5.0
35,2.2,Home & Living,71.38,2,0.105,2.1,0.284,False,Credit Card,Sur,5.6,188.6
55,7.2,Electronics,234.15,1,0.129,3.8,0.106,True,Credit Card,Central,1.6,154.84
18,0.5,Fashion,125.54,5,0.101,9.8,0.153,False,Credit Card,Norte,9.4,797.49
28,7.7,Home & Living,116.88,3,0.133,5.8,0.168,True,Digital Wallet,Sur,9.6,666.71
36,0.9,Home & Living,152.26,5,0.0,6.1,0.468,False,Credit Card,Sur,2.7,548.71
18,4.0,Home & Living,54.72,3,0.003,2.0,0.536,False,Credit Card,Sur,6.4,208.04
35,3.1,Home & Living,113.34,3,0.139,4.6,0.647,False,Credit Card,Oeste,7.0,394.91
57,2.8,Fashion,95.41,2,0.049,12.9,0.43,True,Credit Card,Sur,9.6,401.42
38,6.9,Fashion,78.68,9,0.2,3.6,0.614,False,Digital Wallet,Norte,7.7,774.16
40,0.5,Fashion,32.09,1,0.115,1.7,0.386,True,Credit Card,Oeste,7.7,57.8
22,1.5,Fashion,74.5,4,0.13,9.8,0.087,False,Digital Wallet,Central,6.2,369.79
30,2.7,Fashion,118.25,6,0.39,4.6,0.402,False,Credit Card,Norte,2.5,99.48
33,5.8,Fashion,80.51,7,0.243,3.6,0.318,False,Credit Card,Central,9.6,558.33
34,0.9,Fashion,65.59,3,0.413,8.8,0.3,True,Digital Wallet,Central,8.6,32.35
53,5.7,Home & Living,155.85,4,0.025,1.8,0.223,True,Credit Card,Sur,7.4,1087.92
44,1.8,Fashion,71.02,2,0.025,5.2,0.545,False,Digital Wallet,Central,5.0,237.66
24,0.7,Electronics,242.09,0,0.003,5.2,0.35,False,Digital Wallet,Central,7.8,5.0
40,5.0,Fashion,73.97,3,0.348,4.0,0.699,False,Digital Wallet,Central,7.9,118.46
43,0.5,Fashion,111.07,5,0.551,1.1,0.442,False,Credit Card,Sur,2.8,22.98
51,2.5,Fashion,108.24,3,0.396,3.7,0.096,True,Credit Card,Central,8.8,76.31
56,0.5,Home & Living,77.68,2,0.038,7.0,0.633,False,Digital Wallet,Norte,8.3,185.84
25,1.5,Fashion,106.9,5,0.6,2.0,0.46,False,Credit Card,Central,6.8,45.01
28,3.2,Home & Living,93.48,3,0.076,1.4,0.284,False,Credit Card,Sur,5.9,388.18
22,2.8,Fashion,90.83,5,0.444,2.8,0.251,True,Credit Card,Norte,9.5,44.5
35,1.8,Fashion,85.8,5,0.062,1.4,0.638,True,Credit Card,Este,8.5,967.74
43,2.0,Home & Living,133.39,7,0.16,4.6,0.209,False,Credit Card,Este,6.6,1016.94
49,0.9,Electronics,157.66,1,0.059,4.8,0.156,True,Credit Card,Central,6.4,200.24
37,2.1,Electronics,166.82,3,0.023,1.7,0.048,False,Bank Transfer,Central,7.7,673.24
34,10.7,Electronics,156.22,2,0.081,3.2,0.676,True,Credit Card,Sur,8.4,628.19
39,6.7,Fashion,48.98,7,0.288,9.1,0.118,True,Credit Card,Norte,7.0,292.21
27,0.5,Electronics,175.68,2,0.159,6.6,0.056,False,Credit Card,Central,7.8,350.87
63,0.5,Home & Living,80.1,4,0.069,1.7,0.497,False,Credit Card,Norte,8.9,356.66
18,9.5,Fashion,95.6,6,0.061,4.3,0.125,True,Digital Wallet,Central,8.5,1182.82
40,2.6,Fashion,56.14,5,0.034,5.7,0.108,False,Credit Card,Central,7.9,520.03
62,2.7,Electronics,232.5,4,0.028,13.1,0.279,False,Digital Wallet,Central,7.7,1190.4
38,5.3,Electronics,133.37,3,0.002,9.3,0.294,False,Credit Card,Central,6.6,778.16
35,1.3,Electronics,152.03,2,0.026,3.5,0.223,False,Credit Card,Sur,7.2,585.16
33,2.3,Fashion,69.01,4,0.236,5.6,0.164,False,Credit Card,Este,8.5,335.83
35,12.1,Fashion,58.0,4,0.276,8.3,0.121,True,Credit Card,Oeste,5.5,270.08
54,3.9,Fashion,74.53,4,0.6,1.5,0.426,True,Credit Card,Norte,8.9,29.1
18,0.6,Fashion,50.96,8,0.01,5.7,0.325,False,Bank Transfer,Central,8.0,427.42
56,0.5,Home & Living,65.6,7,0.032,3.7,0.323,False,Digital Wallet,Sur,6.4,402.32
20,0.8,Electronics,206.46,1,0.05,2.0,0.25,False,Credit Card,Este,6.5,222.22
34,5.1,Home & Living,113.38,6,0.007,2.3,0.541,True,Digital Wallet,Este,1.9,685.26
32,1.2,Fashion,62.82,9,0.6,2.2,0.149,False,Credit Card,Norte,7.8,50.32
45,0.5,Fashion,87.96,8,0.292,5.1,0.249,False,Digital Wallet,Central,7.9,428.34
18,10.1,Electronics,300.02,3,0.01,3.4,0.382,True,Credit Card,Central,7.7,1919.77
43,0.7,Fashion,121.39,4,0.542,8.3,0.383,False,Digital Wallet,Central,9.2,42.55
62,0.5,Electronics,306.52,2,0.097,6.9,0.221,False,Digital Wallet,Norte,7.8,642.1
21,0.9,Home & Living,147.64,2,0.054,7.0,0.043,True,Credit Card,Norte,8.6,411.75
40,0.9,Fashion,22.4,4,0.025,2.7,0.435,False,Credit Card,Central,9.0,155.12
30,1.9,Home & Living,86.83,3,0.014,4.9,0.372,True,Credit Card,Sur,7.8,536.31
43,8.9,Fashion,46.99,9,0.184,12.3,0.132,False,Digital Wallet,Central,7.5,648.81
38,7.4,Electronics,214.72,3,0.036,1.7,0.304,False,Digital Wallet,Oeste,10.0,1037.61
30,2.1,Fashion,84.85,3,0.147,5.3,0.048,True,Digital Wallet,Este,9.2,480.17
43,1.9,Electronics,136.04,0,0.254,9.9,0.796,False,Credit Card,Central,7.3,5.0
59,2.8,Home & Living,85.34,8,0.085,3.7,0.151,True,Digital Wallet,Sur,8.3,833.76
35,1.0,Home & Living,100.66,5,0.001,3.2,0.309,False,Credit Card,Sur,7.9,803.33
46,0.5,Fashion,93.84,3,0.274,5.9,0.423,True,Credit Card,Sur,8.4,282.66
22,9.8,Fashion,90.08,4,0.337,3.7,0.676,False,Credit Card,Sur,8.3,186.65
26,0.7,Fashion,105.0,7,0.185,1.4,0.039,True,Bank Transfer,Central,5.1,731.7
43,0.8,Home & Living,114.86,1,0.0,5.1,0.167,True,Credit Card,Sur,5.9,175.06
55,2.2,Electronics,182.64,1,0.143,4.3,0.576,False,Digital Wallet,Este,3.3,107.66
42,2.4,Home & Living,125.4,5,0.004,5.0,0.078,True,Digital Wallet,Central,8.4,1411.87
34,0.5,Fashion,83.37,3,0.218,2.4,0.371,False,Bank Transfer,Oeste,7.2,181.43
37,0.6,Home & Living,152.36,5,0.0,4.0,0.239,False,Credit Card,Central,6.9,983.63
22,1.7,Home & Living,41.72,2,0.005,8.3,0.547,False,Credit Card,Oeste,6.3,118.67
45,4.0,Home & Living,104.97,2,0.0,5.7,0.058,False,Credit Card,Norte,5.2,319.19
48,0.9,Fashion,29.39,3,0.001,13.6,0.245,False,Credit Card,Norte,8.5,171.08
32,1.9,Electronics,204.69,0,0.031,4.0,0.151,False,Credit Card,Oeste,7.7,5.0
32,2.9,Fashion,63.68,9,0.144,4.6,0.22,True,Credit Card,Norte,3.6,657.57
41,7.7,Fashion,26.16,2,0.026,7.2,0.092,True,Bank Transfer,Sur,9.7,145.21
32,1.4,Home & Living,132.35,1,0.191,5.5,0.441,False,Bank Transfer,Central,6.7,120.63
37,0.5,Electronics,176.09,2,0.296,1.1,0.117,True,Digital Wallet,Norte,7.5,231.37
63,2.4,Fashion,66.33,4,0.019,3.7,0.176,True,Digital Wallet,Central,6.8,395.63
35,4.8,Electronics,92.99,4,0.006,0.2,0.356,False,Credit Card,Sur,5.8,543.52
33,0.5,Home & Living,85.14,0,0.007,4.2,0.929,False,Credit Card,Este,3.4,5.0
30,1.9,Electronics,166.12,3,0.142,6.4,0.208,False,Credit Card,Norte,9.2,864.37
46,0.5,Fashion,66.87,1,0.352,1.7,0.215,False,Credit Card,Norte,6.5,25.13
35,0.5,Electronics,121.12,1,0.074,5.8,0.169,False,Bank Transfer,Norte,8.1,140.27
30,2.3,Fashion,69.98,4,0.536,12.1,0.346,False,Credit Card,Sur,6.3,25.7
53,1.2,Home & Living,58.8,8,0.146,4.1,0.156,False,Credit Card,Central,6.9,419.59
55,6.5,Electronics,229.84,4,0.036,8.3,0.684,True,Credit Card,Central,8.1,1837.74
30,3.2,Electronics,147.32,1,0.01,0.6,0.597,True,Digital Wallet,Central,4.2,209.12
18,2.1,Electronics,171.25,1,0.002,4.1,0.625,False,Credit Card,Norte,9.4,250.27
50,1.8,Fashion,99.17,2,0.309,8.8,0.176,False,Bank Transfer,Sur,7.8,93.73
29,2.4,Fashion,71.74,3,0.084,2.2,0.907,True,Digital Wallet,Central,6.8,469.5
47,0.5,Electronics,191.23,0,0.123,1.4,0.144,True,Digital Wallet,Central,2.0,5.0
18,7.8,Fashion,22.76,3,0.208,1.8,0.181,True,Bank Transfer,Este,5.9,67.66
48,15.0,Electronics,156.31,3,0.174,2.3,0.198,True,Credit Card,Central,8.6,746.85
23,0.7,Home & Living,96.57,2,0.002,1.1,0.09,False,Digital Wallet,Este,7.5,226.42
46,0.5,Home & Living,95.65,6,0.334,5.2,0.738,False,Digital Wallet,Central,5.0,188.45
38,0.5,Home & Living,121.93,2,0.002,5.4,0.329,False,Credit Card,Oeste,8.5,358.35
26,3.8,Home & Living,106.79,2,0.107,4.2,0.087,True,Credit Card,Central,7.7,385.82
33,3.8,Fashion,70.47,9,0.264,4.2,0.353,False,Credit Card,Norte,8.9,681.84
46,6.6,Fashion,76.92,5,0.498,3.3,0.308,True,Credit Card,Central,5.0,31.17
39,4.9,Fashion,74.33,6,0.224,6.2,0.222,True,Credit Card,Este,5.7,474.94
45,2.1,Electronics,191.0,2,0.059,9.0,0.048,True,Credit Card,Sur,9.0,632.44
61,3.3,Electronics,194.76,3,0.405,4.7,0.175,False,Credit Card,Central,7.4,70.28
19,4.1,Electronics,148.96,3,0.003,7.7,0.223,False,Credit Card,Oeste,4.7,393.47
57,2.5,Fashion,80.8,5,0.12,5.8,0.278,False,Credit Card,Norte,8.9,520.6
39,2.3,Fashion,85.94,6,0.004,2.7,0.232,True,Credit Card,Norte,9.6,986.98
27,3.6,Electronics,183.11,2,0.004,3.4,0.315,True,Credit Card,Norte,3.2,460.7
22,2.9,Electronics,317.02,0,0.034,11.3,0.151,False,Credit Card,Este,7.5,5.0
35,3.6,Fashion,78.78,7,0.41,2.0,0.211,False,Bank Transfer,Norte,8.9,72.41
49,3.3,Electronics,188.96,1,0.127,7.1,0.562,False,Digital Wallet,Este,7.3,232.85
36,4.4,Home & Living,52.86,4,0.105,22.4,0.683,False,Credit Card,Norte,4.9,221.94
56,3.6,Electronics,228.39,2,0.205,2.4,0.262,True,Digital Wallet,Sur,6.0,486.33
20,2.6,Fashion,111.93,2,0.6,4.1,0.689,True,Credit Card,Central,1.0,9.16
37,4.0,Fashion,30.84,5,0.144,2.8,0.127,False,Credit Card,Central,7.9,228.61
22,2.1,Electronics,145.17,3,0.14,6.6,0.092,False,Credit Card,Este,5.6,454.24
42,1.0,Fashion,83.4,5,0.052,7.4,0.081,False,Digital Wallet,Central,6.8,614.41
48,0.5,Fashion,64.99,3,0.228,4.5,0.099,False,Credit Card,Sur,4.7,97.66
32,2.9,Home & Living,77.02,2,0.036,1.4,0.229,False,Bank Transfer,Sur,7.1,210.24
18,3.1,Fashion,21.37,5,0.088,4.2,0.673,False,Credit Card,Sur,9.3,168.91
40,12.5,Electronics,166.68,3,0.002,4.7,0.562,True,Bank Transfer,Central,7.8,1156.11
43,1.6,Electronics,261.81,3,0.006,12.6,0.466,False,Digital Wallet,Sur,10.0,1370.31
42,1.8,Electronics,217.73,1,0.196,1.3,0.226,False,Credit Card,Central,7.0,196.88
52,0.8,Electronics,162.15,2,0.001,2.4,0.779,False,Digital Wallet,Norte,9.7,474.93
25,0.5,Fashion,72.56,2,0.122,4.5,0.456,True,Credit Card,Sur,3.1,102.22
46,5.2,Home & Living,85.17,7,0.012,9.6,0.058,False,Credit Card,Norte,7.4,907.96
52,1.0,Fashion,48.49,3,0.132,3.6,0.382,True,Credit Card,Central,3.4,130.87
18,3.3,Fashion,103.72,5,0.058,6.9,0.189,False,Credit Card,Sur,6.8,804.36
41,4.1,Fashion,72.19,1,0.054,7.4,0.339,False,Bank Transfer,Norte,8.2,116.79
31,2.2,Home & Living,67.61,3,0.026,10.7,0.09,False,Credit Card,Central,8.3,292.03
37,7.3,Electronics,122.11,1,0.057,4.6,0.117,False,Credit Card,Norte,9.5,259.84
42,2.1,Home & Living,105.69,4,0.009,9.5,0.48,False,Credit Card,Sur,9.2,713.91
32,1.2,Home & Living,62.71,4,0.437,7.8,0.509,True,Credit Card,Central,9.7,29.16
29,7.9,Electronics,261.35,6,0.003,2.1,0.712,True,Digital Wallet,Central,7.6,3500.0
38,6.9,Electronics,220.76,1,0.542,7.0,0.358,True,Credit Card,Sur,8.9,33.24
24,0.6,Home & Living,110.16,2,0.019,7.8,0.113,True,Credit Card,Central,1.5,164.0
24,0.5,Home & Living,136.21,2,0.036,4.5,0.631,False,Credit Card,Oeste,7.8,335.96
46,0.5,Electronics,249.69,2,0.003,3.9,0.707,False,Credit Card,Central,9.2,812.06
24,1.2,Fashion,68.57,6,0.178,6.9,0.35,True,Credit Card,Norte,7.4,493.53
45,12.5,Fashion,96.29,4,0.312,7.8,0.343,True,Credit Card,Central,8.9,317.72
43,2.9,Fashion,85.8,5,0.133,9.8,0.216,False,Credit Card,Norte,7.8,708.75
18,1.6,Fashion,67.04,5,0.348,2.8,0.481,False,Digital Wallet,Sur,7.7,123.34
29,7.7,Electronics,177.13,0,0.009,2.3,0.091,False,Credit Card,Central,7.9,5.0
52,2.1,Fashion,108.22,6,0.096,5.7,0.283,False,Credit Card,Sur,7.3,716.82
26,1.3,Home & Living,134.27,2,0.423,3.7,0.54,False,Credit Card,Este,7.6,17.63
32,9.9,Home & Living,91.4,6,0.017,2.3,0.064,False,Digital Wallet,Este,6.3,993.2
43,6.6,Electronics,242.37,0,0.019,3.8,0.437,True,Credit Card,Sur,8.3,5.0
47,6.5,Home & Living,90.6,3,0.003,3.4,0.361,True,Credit Card,Este,9.2,700.45
34,2.5,Electronics,314.11,5,0.051,1.7,0.138,True,Credit Card,Norte,6.0,3500.0
30,5.5,Fashion,27.18,2,0.082,7.0,0.664,False,Bank Transfer,Este,9.7,111.27
55,0.7,Home & Living,84.32,1,0.021,1.4,0.38,False,Credit Card,Sur,8.6,107.86
58,3.0,Fashion,84.16,5,0.039,5.9,0.329,True,Credit Card,Norte,7.3,817.17
49,14.4,Electronics,290.44,2,0.453,1.6,0.336,True,Digital Wallet,Central,6.9,61.63
39,1.2,Electronics,164.04,3,0.054,3.9,0.281,False,Credit Card,Oeste,2.4,382.96
28,5.5,Fashion,50.94,5,0.057,8.6,0.137,True,Bank Transfer,Oeste,7.1,557.71
28,2.4,Home & Living,83.07,1,0.0,2.5,0.18,False,Digital Wallet,Oeste,9.8,139.65
44,0.5,Home & Living,52.18,5,0.019,2.4,0.297,False,Credit Card,Norte,2.7,185.61
43,5.0,Home & Living,110.83,2,0.041,4.5,0.305,False,Credit Card,Central,3.1,197.36
54,0.6,Home & Living,105.84,3,0.036,0.9,0.282,True,Credit Card,Norte,8.0,364.65
45,3.5,Fashion,103.78,9,0.125,6.5,0.238,False,Credit Card,Norte,6.9,1404.33
19,0.5,Home & Living,68.2,0,0.137,4.8,0.265,False,Bank Transfer,Este,1.9,5.0
50,10.3,Electronics,187.32,5,0.028,5.4,0.475,True,Credit Card,Oeste,9.5,1830.5
26,1.2,Home & Living,44.49,3,0.089,4.5,0.378,False,Credit Card,Sur,2.7,76.28
33,0.9,Fashion,84.87,4,0.089,2.6,0.126,False,Credit Card,Norte,9.1,481.42
41,0.5,Home & Living,85.57,1,0.595,10.3,0.443,True,Bank Transfer,Norte,8.5,7.29
61,10.2,Electronics,190.49,0,0.072,1.6,0.152,False,Credit Card,Este,6.9,5.0
75,4.4,Fashion,109.28,3,0.032,2.8,0.229,False,Digital Wallet,Norte,8.5,377.37
45,4.7,Fashion,73.72,3,0.049,10.3,0.355,False,Digital Wallet,Central,2.6,220.53
35,2.4,Home & Living,60.79,3,0.011,6.3,0.426,True,Credit Card,Sur,7.8,348.2
44,2.3,Home & Living,138.99,4,0.024,1.6,0.409,False,Credit Card,Sur,9.8,628.45
48,0.5,Fashion,73.28,8,0.043,1.7,0.422,False,Credit Card,Sur,8.0,706.22
34,2.9,Fashion,86.32,2,0.323,7.3,0.487,True,Digital Wallet,Central,7.9,141.69
59,1.0,Fashion,115.48,4,0.6,1.4,0.123,False,Credit Card,Central,3.9,18.86
40,13.2,Electronics,217.23,2,0.317,2.6,0.139,True,Credit Card,Central,2.8,206.32
43,5.6,Electronics,277.59,2,0.395,11.2,0.224,False,Credit Card,Oeste,8.1,143.67
45,1.9,Electronics,262.54,1,0.166,9.3,0.451,False,Credit Card,Este,1.4,124.75
43,0.6,Fashion,55.82,3,0.138,3.1,0.354,False,Credit Card,Norte,6.6,200.26
48,5.4,Home & Living,138.58,2,0.134,5.6,0.334,False,Digital Wallet,Norte,8.6,421.19
30,0.5,Home & Living,96.9,2,0.264,4.9,0.071,False,Bank Transfer,Norte,7.7,121.66
31,0.7,Electronics,172.44,3,0.255,7.3,0.103,False,Bank Transfer,Sur,6.6,325.29
24,0.8,Electronics,119.83,2,0.159,4.7,0.623,False,Credit Card,Central,6.0,265.68
43,2.8,Electronics,86.88,2,0.127,4.2,0.256,False,Credit Card,Sur,8.3,207.86
47,5.4,Electronics,178.26,1,0.137,6.9,0.146,True,Credit Card,Central,4.3,147.01
43,1.3,Electronics,127.42,2,0.095,4.2,0.221,True,Credit Card,Oeste,9.3,529.36
58,0.5,Fashion,79.12,5,0.089,2.7,0.524,False,Digital Wallet,Norte,7.6,415.77
37,2.2,Fashion,98.27,4,0.212,6.5,0.354,False,Credit Card,Norte,6.5,499.11
46,4.8,Fashion,15.0,5,0.384,5.4,0.175,True,Digital Wallet,Este,6.9,24.6
24,0.9,Fashion,98.16,2,0.348,6.1,0.483,False,Credit Card,Sur,9.9,88.3
33,0.9,Electronics,98.31,0,0.016,2.8,0.594,True,Digital Wallet,Oeste,7.6,5.0
46,10.3,Fashion,64.68,3,0.053,3.9,0.432,True,Credit Card,Norte,6.1,428.83
48,10.8,Home & Living,78.79,2,0.001,6.3,0.523,False,Credit Card,Sur,9.3,257.71
34,15.0,Electronics,197.19,3,0.0,4.3,0.284,True,Credit Card,Central,7.6,1342.33
37,5.8,Electronics,240.69,1,0.428,7.6,0.266,True,Credit Card,Central,3.7,18.51
19,0.7,Electronics,227.69,0,0.021,5.2,0.101,False,Credit Card,Sur,7.4,5.0
33,0.8,Electronics,185.33,0,0.0,2.5,0.626,False,Digital Wallet,Norte,7.2,5.0
48,1.5,Fashion,115.45,6,0.261,2.5,0.256,False,Credit Card,Sur,2.8,263.42
44,1.3,Electronics,198.21,1,0.036,2.2,0.589,False,Credit Card,Este,7.6,256.19
44,11.0,Fashion,102.12,3,0.03,9.3,0.163,True,Digital Wallet,Este,8.6,621.66
38,5.4,Electronics,171.4,3,0.12,5.2,0.05,False,Bank Transfer,Central,6.6,667.63
38,4.5,Fashion,87.53,2,0.088,4.9,0.472,False,Credit Card,Oeste,6.5,257.62
30,0.7,Electronics,205.22,2,0.203,2.0,0.46,False,Credit Card,Oeste,3.9,259.22
46,8.4,Fashion,46.19,9,0.014,1.7,0.197,True,Digital Wallet,Norte,8.2,989.76
43,6.2,Electronics,110.22,0,0.074,2.0,0.627,True,Digital Wallet,Este,7.9,5.0
43,0.6,Electronics,167.1,3,0.13,2.6,0.446,False,Credit Card,Norte,6.3,574.96
31,7.2,Home & Living,146.79,3,0.036,11.2,0.496,True,Credit Card,Este,7.5,812.65
18,1.1,Fashion,84.76,5,0.376,0.8,0.108,False,Digital Wallet,Sur,6.9,100.96
51,0.5,Electronics,244.57,0,0.0,2.4,0.18,False,Credit Card,Sur,9.7,5.0
32,3.7,Fashion,67.04,5,0.144,3.0,0.287,False,Credit Card,Sur,6.4,511.82
27,3.7,Fashion,34.81,7,0.053,2.9,0.267,False,Credit Card,Norte,6.9,336.73
46,0.5,Fashion,75.05,3,0.067,2.4,0.423,False,Credit Card,Central,7.8,287.39
33,1.3,Fashion,37.84,5,0.024,6.1,0.382,False,Digital Wallet,Norte,8.4,313.64
50,15.0,Home & Living,124.35,2,0.014,5.6,0.233,True,Credit Card,Central,6.1,560.19
45,4.0,Electronics,132.75,2,0.258,2.9,0.186,False,Digital Wallet,Sur,6.4,229.53
46,4.6,Fashion,94.45,7,0.028,10.4,0.597,True,Credit Card,Norte,7.1,1264.11
21,0.8,Electronics,204.95,2,0.104,10.9,0.2,True,Bank Transfer,Sur,7.1,510.44
52,0.5,Home & Living,121.06,1,0.026,1.9,0.358,False,Credit Card,Norte,7.9,115.95
41,1.1,Home & Living,105.18,2,0.0,2.5,0.32,False,Credit Card,Norte,4.6,195.24
33,1.0,Home & Living,75.22,2,0.003,3.2,0.19,False,Credit Card,Norte,6.8,188.85
39,0.9,Home & Living,107.82,2,0.04,5.4,0.169,True,Bank Transfer,Central,8.0,343.92
18,0.7,Home & Living,80.79,3,0.06,2.7,0.12,False,Bank Transfer,Norte,4.7,140.43
42,3.0,Fashion,56.79,5,0.026,8.2,0.086,True,Credit Card,Norte,8.7,715.8
25,1.4,Home & Living,53.65,4,0.127,2.7,0.425,False,Credit Card,Central,9.4,205.94
21,6.0,Home & Living,42.11,1,0.08,12.6,0.523,True,Bank Transfer,Norte,8.0,74.44
19,0.7,Electronics,326.79,1,0.036,4.7,0.05,False,Digital Wallet,Este,6.0,361.37
51,2.2,Fashion,15.0,2,0.238,4.5,0.271,False,Digital Wallet,Norte,4.5,13.22
30,0.5,Fashion,29.33,6,0.098,2.4,0.143,False,Credit Card,Sur,5.7,200.25
56,2.3,Home & Living,110.79,2,0.072,3.2,0.386,False,Credit Card,Este,4.9,131.59
31,0.5,Home & Living,96.28,5,0.142,5.0,0.282,False,Credit Card,Central,9.0,649.93
18,13.3,Home & Living,114.51,1,0.007,4.7,0.32,False,Credit Card,Norte,7.2,164.11
24,5.5,Home & Living,123.37,4,0.013,11.3,0.442,False,Bank Transfer,Central,6.6,810.53
52,2.4,Fashion,72.54,7,0.083,6.9,0.094,False,Digital Wallet,Este,7.9,650.11
36,0.5,Electronics,94.64,1,0.43,7.0,0.29,False,Credit Card,Sur,7.4,8.34
31,3.1,Electronics,182.69,2,0.026,7.8,0.461,False,Bank Transfer,Norte,6.8,574.67
39,5.0,Fashion,98.55,4,0.023,14.5,0.127,False,Bank Transfer,Norte,7.3,672.55
44,0.7,Fashion,80.06,4,0.276,7.9,0.029,False,Credit Card,Oeste,6.7,167.12
51,2.9,Fashion,87.95,7,0.209,8.5,0.334,False,Credit Card,Central,6.9,588.84
55,5.9,Fashion,84.27,3,0.18,3.5,0.376,True,Credit Card,Sur,7.5,321.01
33,5.1,Home & Living,90.48,4,0.016,6.3,0.213,True,Credit Card,Oeste,7.2,716.35
22,5.7,Fashion,64.89,1,0.179,2.1,0.529,True,Digital Wallet,Central,8.8,105.88
33,7.4,Home & Living,59.38,3,0.0,3.6,0.031,True,Digital Wallet,Central,3.1,223.74
41,9.7,Home & Living,146.24,2,0.196,3.9,0.065,True,Credit Card,Este,8.6,389.73
26,1.8,Fashion,112.18,6,0.208,9.5,0.405,False,Credit Card,Norte,7.2,712.0
26,2.9,Fashion,68.11,4,0.141,7.3,0.376,False,Bank Transfer,Central,8.5,342.92
42,5.5,Home & Living,91.24,3,0.185,3.6,0.321,True,Digital Wallet,Norte,9.1,436.62
37,4.2,Fashion,61.36,3,0.25,4.7,0.368,True,Credit Card,Oeste,9.2,281.27
38,15.0,Electronics,161.33,1,0.01,4.9,0.382,True,Credit Card,Central,6.8,396.56
28,0.5,Electronics,166.43,0,0.553,4.0,0.35,False,Credit Card,Sur,7.4,5.0
35,1.5,Electronics,269.11,3,0.018,1.2,0.541,True,Credit Card,Central,7.3,1602.52
26,1.2,Electronics,227.04,1,0.003,1.8,0.413,False,Credit Card,Sur,9.6,314.12
48,1.1,Electronics,259.62,3,0.009,7.9,0.435,False,Credit Card,Este,6.7,1165.65
50,0.9,Electronics,197.25,1,0.383,6.3,0.786,True,Bank Transfer,Norte,6.0,47.15
18,4.3,Fashion,94.1,4,0.4,10.7,0.477,False,Credit Card,Este,8.1,74.89
26,0.5,Home & Living,61.25,4,0.206,6.9,0.638,False,Credit Card,Este,9.9,206.22
20,4.7,Fashion,83.15,6,0.092,8.1,0.466,False,Digital Wallet,Norte,9.2,604.12
30,4.1,Home & Living,91.39,1,0.13,2.7,0.021,True,Digital Wallet,Sur,9.6,148.84
36,1.0,Home & Living,117.17,2,0.023,4.9,0.407,True,Bank Transfer,Central,7.5,442.86
20,1.0,Fashion,76.17,2,0.015,2.4,0.54,True,Digital Wallet,Oeste,8.4,220.99
26,3.5,Fashion,58.83,10,0.548,3.4,0.223,True,Digital Wallet,Central,7.0,69.42
25,5.0,Electronics,228.59,1,0.005,5.0,0.421,False,Credit Card,Sur,7.8,428.31
40,7.3,Home & Living,79.81,3,0.0,6.3,0.411,False,Credit Card,Norte,3.5,275.41
38,6.7,Home & Living,191.69,3,0.079,1.8,0.335,False,Credit Card,Norte,9.1,929.82
29,11.7,Fashion,69.27,5,0.018,1.7,0.567,True,Credit Card,Central,8.8,841.53
40,3.0,Electronics,198.14,4,0.053,3.0,0.21,False,Digital Wallet,Sur,3.6,781.41
31,8.4,Home & Living,89.55,2,0.176,1.2,0.452,False,Credit Card,Oeste,3.0,124.18
34,5.8,Electronics,240.44,2,0.046,3.8,0.366,True,Digital Wallet,Sur,5.7,855.59
58,7.9,Electronics,152.74,0,0.007,3.5,0.512,False,Digital Wallet,Central,9.2,5.0
54,0.5,Home & Living,101.31,1,0.149,3.1,0.249,False,Credit Card,Norte,2.8,59.44
22,11.8,Fashion,68.89,5,0.305,0.4,0.021,True,Credit Card,Norte,2.1,159.12
47,2.2,Fashion,80.89,2,0.214,1.4,0.467,True,Credit Card,Sur,8.7,198.23
47,5.6,Home & Living,98.37,0,0.015,3.3,0.261,True,Digital Wallet,Central,6.4,5.0
24,0.5,Fashion,53.04,5,0.179,2.9,0.748,True,Digital Wallet,Oeste,6.0,297.01
47,1.8,Fashion,51.3,6,0.193,11.4,0.307,False,Credit Card,Central,8.3,418.12
56,1.1,Electronics,124.78,1,0.033,1.8,0.213,False,Digital Wallet,Central,8.7,144.33
24,1.2,Electronics,199.75,2,0.099,11.8,0.271,False,Credit Card,Central,3.3,262.13
26,0.5,Home & Living,72.22,2,0.037,3.8,0.722,True,Credit Card,Norte,7.1,198.26
50,5.7,Fashion,41.45,2,0.002,3.8,0.536,False,Credit Card,Sur,7.4,123.76
41,0.5,Electronics,160.96,2,0.184,6.5,0.258,False,Credit Card,Sur,7.8,335.01
44,1.3,Electronics,172.63,0,0.012,4.5,0.326,False,Bank Transfer,Este,7.7,5.0
42,0.7,Fashion,51.78,5,0.097,3.5,0.239,False,Digital Wallet,Oeste,6.1,313.34
42,3.1,Fashion,84.43,3,0.271,1.1,0.121,False,Credit Card,Central,7.9,162.57
22,1.0,Fashion,59.0,3,0.081,2.2,0.256,False,Credit Card,Norte,7.1,178.0
50,1.0,Fashion,63.25,5,0.18,12.5,0.339,False,Credit Card,Norte,9.2,359.31
52,2.3,Electronics,149.81,2,0.143,12.5,0.114,False,Digital Wallet,Este,9.2,382.91
35,3.7,Fashion,52.0,5,0.034,4.4,0.164,False,Credit Card,Sur,6.0,341.33
37,0.5,Home & Living,167.04,2,0.11,6.3,0.731,False,Credit Card,Central,9.5,407.35
19,0.7,Electronics,94.89,0,0.006,9.7,0.061,False,Bank Transfer,Central,3.9,5.0
44,1.0,Fashion,46.6,7,0.01,2.3,0.076,True,Credit Card,Norte,9.4,604.78
44,12.7,Fashion,61.15,5,0.152,3.2,0.105,True,Bank Transfer,Sur,6.0,441.82
37,1.8,Fashion,76.72,5,0.02,18.3,0.15,False,Credit Card,Central,7.6,704.18
51,3.2,Electronics,172.2,2,0.075,1.6,0.321,False,Digital Wallet,Norte,8.7,414.23
33,1.0,Home & Living,154.88,9,0.011,12.9,0.531,True,Credit Card,Norte,8.4,3405.85
44,2.4,Fashion,76.6,4,0.161,3.7,0.264,False,Digital Wallet,Sur,7.7,337.22
25,0.5,Home & Living,77.77,6,0.019,6.3,0.254,False,Digital Wallet,Norte,8.4,643.28
37,0.5,Electronics,131.41,0,0.232,0.5,0.181,False,Digital Wallet,Este,8.7,5.0
35,2.2,Fashion,81.24,5,0.139,3.8,0.176,True,Credit Card,Sur,8.0,728.21
40,1.8,Home & Living,146.38,5,0.095,7.4,0.407,False,Credit Card,Sur,8.6,1121.15
33,0.5,Fashion,83.05,7,0.588,1.0,0.447,False,Digital Wallet,Sur,7.3,40.51
36,4.1,Fashion,34.75,2,0.046,9.6,0.067,True,Credit Card,Sur,3.4,91.02
47,15.0,Fashion,49.58,2,0.534,6.2,0.454,True,Credit Card,Este,8.3,11.48
32,1.8,Electronics,129.83,2,0.014,3.2,0.247,False,Credit Card,Norte,6.7,436.32
18,3.4,Fashion,102.87,11,0.197,2.2,0.238,False,Credit Card,Central,9.6,1077.59
58,11.5,Electronics,173.74,1,0.118,11.9,0.356,False,Digital Wallet,Central,7.7,208.96
54,6.2,Electronics,248.88,0,0.022,0.7,0.312,False,Credit Card,Central,8.6,5.0
22,2.2,Fashion,42.25,3,0.307,6.4,0.228,False,Credit Card,Oeste,3.2,45.67
46,4.7,Electronics,84.98,4,0.132,1.8,0.515,True,Digital Wallet,Sur,4.3,288.03
31,0.5,Home & Living,38.22,3,0.276,4.2,0.356,False,Bank Transfer,Central,8.0,68.33
41,2.5,Home & Living,73.24,1,0.017,4.0,0.094,True,Bank Transfer,Norte,7.6,126.45
41,1.1,Fashion,56.28,5,0.119,4.5,0.235,True,Credit Card,Este,8.8,421.88
35,0.6,Home & Living,145.49,1,0.093,6.3,0.831,True,Credit Card,Este,5.1,214.33
28,1.9,Home & Living,111.37,2,0.002,2.1,0.246,True,Digital Wallet,Oeste,9.9,400.58
29,0.5,Electronics,192.96,0,0.005,1.6,0.16,False,Credit Card,Norte,8.2,5.0
27,4.2,Home & Living,15.0,2,0.535,4.0,0.393,False,Digital Wallet,Oeste,7.5,5.0
28,2.1,Electronics,203.54,1,0.001,8.4,0.458,False,Digital Wallet,Central,7.2,307.31
37,2.7,Fashion,59.47,0,0.146,3.7,0.548,False,Credit Card,Norte,8.5,5.0
29,0.6,Fashion,93.17,8,0.029,4.1,0.563,True,Bank Transfer,Este,9.5,1373.13
46,0.5,Fashion,74.38,7,0.044,4.4,0.085,True,Credit Card,Este,9.9,1032.4
55,3.1,Electronics,176.25,2,0.193,4.7,0.306,True,Digital Wallet,Sur,6.3,383.18
31,14.7,Electronics,170.1,1,0.173,9.4,0.183,True,Digital Wallet,Este,10.0,337.67
40,0.5,Fashion,102.86,3,0.222,1.7,0.526,True,Digital Wallet,Sur,8.9,285.14
43,1.2,Fashion,16.89,8,0.033,2.3,0.217,False,Credit Card,Norte,6.6,202.54
43,7.1,Home & Living,119.46,2,0.254,2.9,0.192,True,Credit Card,Central,7.2,160.28
38,0.5,Fashion,67.74,4,0.291,3.7,0.252,True,Bank Transfer,Central,8.5,197.21
46,7.3,Electronics,223.09,2,0.481,4.2,0.294,True,Credit Card,Norte,8.7,43.07
43,2.6,Electronics,189.72,3,0.036,9.6,0.338,False,Credit Card,Este,6.7,946.58
23,1.8,Fashion,15.0,1,0.48,2.0,0.122,False,Credit Card,Sur,9.0,5.0
48,1.3,Fashion,55.04,2,0.014,2.9,0.548,True,Digital Wallet,Central,10.0,201.35
48,1.2,Electronics,193.38,1,0.013,3.5,0.418,True,Credit Card,Norte,8.2,355.46
28,1.3,Electronics,162.97,2,0.001,6.6,0.233,False,Credit Card,Norte,6.6,549.77
38,7.6,Electronics,176.66,3,0.083,2.6,0.216,True,Credit Card,Este,1.9,375.64
46,4.5,Electronics,114.96,1,0.297,3.0,0.235,False,Digital Wallet,Norte,7.5,72.43
35,3.9,Fashion,95.55,2,0.169,1.6,0.508,False,Credit Card,Central,6.5,250.13
50,5.6,Home & Living,144.47,2,0.013,7.8,0.373,True,Credit Card,Oeste,5.5,475.5
66,1.0,Fashion,100.85,3,0.26,9.5,0.263,False,Digital Wallet,Este,7.0,197.98
28,3.4,Home & Living,112.7,5,0.051,5.0,0.215,False,Credit Card,Central,5.7,550.43
21,2.2,Electronics,212.58,1,0.003,2.9,0.415,False,Credit Card,Oeste,7.9,312.0
41,5.3,Fashion,116.4,3,0.052,4.7,0.62,False,Credit Card,Sur,9.3,584.98
46,1.3,Fashion,44.77,5,0.023,4.2,0.163,True,Digital Wallet,Central,3.7,234.73
35,3.6,Fashion,86.96,4,0.009,5.0,0.444,True,Credit Card,Norte,9.8,875.25
55,7.5,Fashion,30.56,3,0.174,3.3,0.13,False,Digital Wallet,Central,6.9,92.44
21,1.8,Fashion,67.49,5,0.013,2.4,0.577,True,Credit Card,Norte,9.6,679.41
46,0.5,Fashion,89.63,4,0.128,1.4,0.157,True,Digital Wallet,Central,6.7,440.71
30,2.5,Electronics,211.47,3,0.003,8.8,0.702,False,Credit Card,Central,8.2,952.2
58,1.5,Fashion,88.1,3,0.098,3.3,0.399,False,Digital Wallet,Este,6.1,263.31
61,3.9,Fashion,44.34,7,0.087,4.8,0.222,True,Credit Card,Central,1.9,244.03
28,10.6,Home & Living,100.33,1,0.038,0.8,0.127,True,Credit Card,Norte,4.3,123.54
31,2.3,Fashion,87.05,5,0.041,2.6,0.111,False,Digital Wallet,Este,7.4,663.67
48,2.2,Fashion,92.42,5,0.114,3.5,0.205,False,Digital Wallet,Este,6.9,438.61
33,3.7,Fashion,80.5,11,0.155,4.2,0.38,False,Credit Card,Este,5.7,807.6
37,0.5,Home & Living,68.84,4,0.001,12.1,0.419,True,Credit Card,Norte,8.7,536.5
38,1.0,Home & Living,64.88,3,0.011,4.4,0.212,True,Credit Card,Central,6.0,330.77
18,8.8,Home & Living,108.66,4,0.035,3.0,0.195,False,Digital Wallet,Norte,9.6,586.32
37,3.9,Fashion,120.57,3,0.24,3.5,0.464,True,Digital Wallet,Central,8.7,477.97
29,0.5,Electronics,276.99,1,0.002,10.2,0.32,True,Digital Wallet,Este,7.9,404.53
32,0.8,Fashion,90.84,5,0.054,5.6,0.436,False,Digital Wallet,Norte,7.3,589.26
55,4.0,Fashion,71.12,2,0.082,8.3,0.199,False,Digital Wallet,Este,8.5,218.92
22,5.1,Home & Living,120.73,6,0.01,3.1,0.206,True,Credit Card,Norte,7.1,1418.42
47,6.4,Electronics,196.21,4,0.193,7.3,0.318,True,Credit Card,Este,6.1,1143.16
34,1.2,Fashion,37.06,7,0.411,3.6,0.32,True,Credit Card,Norte,7.5,42.18
34,9.4,Electronics,151.1,2,0.365,8.4,0.309,False,Credit Card,Central,7.6,132.89
47,2.8,Home & Living,65.97,3,0.129,5.6,0.436,True,Credit Card,Este,7.1,305.83
42,4.2,Electronics,185.38,2,0.092,8.6,0.485,False,Credit Card,Central,8.5,478.12
44,3.2,Fashion,34.6,4,0.054,2.3,0.111,False,Credit Card,Sur,5.1,203.04
49,0.5,Electronics,282.33,1,0.255,9.2,0.724,False,Credit Card,Este,4.1,130.51
34,11.5,Electronics,205.82,4,0.0,4.0,0.498,True,Digital Wallet,Central,6.4,1957.77
30,0.5,Fashion,47.27,2,0.246,1.7,0.115,True,Credit Card,Central,5.7,86.68
24,1.0,Electronics,105.22,2,0.006,6.8,0.302,False,Credit Card,Central,7.5,315.86
28,5.9,Fashion,66.58,5,0.003,6.5,0.359,True,Credit Card,Central,3.8,452.95
73,3.4,Home & Living,66.26,1,0.026,1.8,0.227,True,Credit Card,Central,9.9,116.59
52,6.4,Home & Living,76.85,2,0.14,6.8,0.793,True,Bank Transfer,Norte,9.9,273.12
21,2.5,Electronics,195.83,2,0.002,3.9,0.246,False,Digital Wallet,Norte,8.3,642.39
22,1.7,Home & Living,60.84,1,0.012,1.1,0.154,False,Bank Transfer,Sur,8.6,79.39
43,8.9,Fashion,44.26,4,0.045,8.7,0.138,True,Credit Card,Sur,7.8,400.1
44,0.5,Home & Living,111.67,6,0.066,2.1,0.224,True,Credit Card,Este,6.0,889.76
44,6.8,Home & Living,93.28,2,0.087,6.8,0.46,True,Credit Card,Central,7.3,281.58
34,0.9,Electronics,252.39,6,0.019,4.0,0.261,True,Bank Transfer,Oeste,5.0,1114.59
36,6.6,Fashion,67.29,6,0.247,0.3,0.288,True,Digital Wallet,Sur,5.6,483.42
41,0.5,Electronics,100.39,2,0.164,5.5,0.337,False,Credit Card,Norte,8.3,221.96
39,3.0,Home & Living,83.89,1,0.035,1.0,0.373,True,Credit Card,Central,8.4,145.32
18,7.7,Fashion,78.21,5,0.153,2.7,0.221,False,Digital Wallet,Central,6.5,427.43
35,2.2,Fashion,63.49,4,0.205,10.0,0.396,True,Credit Card,Sur,8.6,358.93
27,4.8,Fashion,122.96,3,0.468,1.3,0.398,False,Digital Wallet,Central,4.8,20.31
40,5.7,Home & Living,72.19,3,0.03,0.7,0.753,False,Credit Card,Este,5.3,376.7
73,4.7,Home & Living,102.77,1,0.0,5.8,0.134,False,Credit Card,Norte,8.1,147.75
42,9.1,Fashion,95.22,3,0.11,9.6,0.236,True,Credit Card,Sur,7.8,612.52
34,2.1,Fashion,98.3,3,0.287,8.5,0.369,True,Credit Card,Sur,8.9,323.58
49,0.7,Home & Living,66.88,1,0.135,8.3,0.235,True,Bank Transfer,Este,8.7,71.42
43,0.5,Home & Living,51.56,3,0.093,3.6,0.421,False,Credit Card,Oeste,5.0,162.8
43,1.0,Electronics,190.51,3,0.02,5.6,0.257,False,Credit Card,Este,8.3,897.78
45,0.5,Electronics,171.82,3,0.048,2.9,0.584,False,Digital Wallet,Oeste,6.4,576.01
62,2.9,Electronics,177.84,2,0.072,7.6,0.628,True,Credit Card,Este,8.2,527.7
24,0.7,Fashion,64.0,2,0.124,6.2,0.293,False,Credit Card,Sur,7.9,167.59
43,0.5,Electronics,196.12,3,0.6,6.2,0.064,False,Credit Card,Este,7.7,41.17
26,0.5,Fashion,69.33,6,0.096,2.7,0.256,False,Credit Card,Este,6.6,495.53
44,6.2,Fashion,115.72,6,0.501,16.1,0.067,True,Credit Card,Central,4.5,51.76
26,3.1,Fashion,49.05,5,0.003,5.2,0.003,False,Bank Transfer,Central,10.0,349.0
32,1.6,Fashion,59.5,3,0.079,3.5,0.276,True,Credit Card,Este,7.5,298.57
34,7.9,Electronics,241.5,2,0.339,1.7,0.653,True,Bank Transfer,Norte,7.9,334.16
49,0.5,Home & Living,102.01,4,0.023,9.6,0.214,True,Credit Card,Sur,8.9,651.04
49,13.7,Home & Living,99.12,3,0.037,2.8,0.257,True,Credit Card,Este,6.9,555.06
23,3.4,Fashion,80.0,4,0.178,0.7,0.229,True,Credit Card,Central,8.5,477.36
38,0.7,Home & Living,118.74,2,0.015,3.8,0.281,False,Credit Card,Este,7.9,305.26
29,4.0,Electronics,246.73,1,0.123,5.3,0.601,True,Credit Card,Este,9.2,534.14
22,5.0,Home & Living,111.43,4,0.01,3.5,0.269,False,Credit Card,Central,5.0,712.21
35,2.0,Electronics,208.71,1,0.001,3.6,0.748,False,Digital Wallet,Sur,7.8,393.54
34,6.9,Fashion,153.48,3,0.352,3.4,0.26,False,Credit Card,Oeste,8.1,229.07
67,0.6,Electronics,128.55,0,0.002,5.0,0.15,False,Credit Card,Sur,7.4,5.0
43,1.1,Fashion,83.56,3,0.45,3.7,0.347,False,Credit Card,Central,7.6,22.54
21,0.5,Electronics,195.58,2,0.064,10.0,0.204,False,Bank Transfer,Sur,9.4,470.17
31,0.8,Fashion,125.77,4,0.001,4.3,0.527,True,Digital Wallet,Oeste,9.4,1065.17
50,1.0,Fashion,67.98,4,0.073,6.2,0.187,False,Credit Card,Oeste,6.8,326.63
63,8.7,Home & Living,121.51,5,0.0,9.5,0.313,False,Credit Card,Central,9.2,1042.53
18,0.5,Fashion,80.67,8,0.419,7.1,0.247,False,Credit Card,Norte,1.3,22.9
18,2.0,Electronics,172.76,3,0.037,2.3,0.334,False,Credit Card,Central,7.5,557.12
60,2.7,Electronics,146.19,1,0.047,7.9,0.552,False,Credit Card,Norte,9.5,209.18
42,8.0,Home & Living,117.6,3,0.028,4.9,0.576,True,Credit Card,Sur,8.9,849.36
27,15.0,Fashion,87.05,2,0.404,5.3,0.739,True,Bank Transfer,Central,6.2,39.4
44,4.9,Fashion,80.34,8,0.072,3.2,0.692,True,Digital Wallet,Central,8.5,1652.39
18,12.4,Fashion,59.89,7,0.409,6.9,0.12,True,Credit Card,Este,7.8,90.57
38,5.4,Electronics,223.4,1,0.016,2.4,0.205,True,Credit Card,Este,9.3,461.56
41,11.6,Electronics,112.87,0,0.046,2.9,0.048,False,Credit Card,Este,8.8,5.0
49,4.3,Fashion,88.78,6,0.297,8.9,0.278,True,Credit Card,Central,9.0,471.57
25,0.5,Electronics,183.02,0,0.19,5.5,0.211,False,Bank Transfer,Norte,7.4,5.0
39,1.8,Electronics,159.73,2,0.255,6.1,0.622,False,Credit Card,Central,8.5,280.13
26,3.6,Electronics,287.62,3,0.072,7.2,0.293,True,Credit Card,Este,7.0,2087.72
41,1.5,Electronics,189.88,1,0.025,10.1,0.13,True,Credit Card,Central,7.2,383.51
27,1.1,Electronics,221.56,4,0.003,7.1,0.053,True,Bank Transfer,Oeste,6.6,1285.64
33,3.0,Home & Living,66.76,4,0.281,2.7,0.15,False,Credit Card,Este,7.2,137.22
26,9.5,Fashion,89.11,6,0.128,5.6,0.305,True,Credit Card,Norte,8.9,1198.79
45,0.5,Home & Living,59.96,4,0.018,14.5,0.744,False,Digital Wallet,Norte,8.5,379.02
48,5.1,Electronics,260.22,3,0.149,2.0,0.351,True,Bank Transfer,Central,3.2,542.87
35,4.5,Electronics,239.85,4,0.379,8.2,0.212,False,Digital Wallet,Oeste,7.9,378.56
38,11.6,Home & Living,133.08,1,0.023,5.1,0.069,True,Bank Transfer,Central,5.6,263.07
20,9.3,Fashion,37.29,8,0.316,2.4,0.476,True,Digital Wallet,Sur,8.1,200.32
34,5.0,Electronics,131.77,3,0.099,1.8,0.207,False,Credit Card,Norte,9.8,588.27
37,2.6,Fashion,46.37,1,0.022,2.8,0.462,True,Digital Wallet,Central,8.2,90.92
69,0.8,Fashion,78.97,3,0.112,3.3,0.32,False,Digital Wallet,Norte,9.0,211.33
24,2.8,Home & Living,97.05,1,0.006,3.2,0.318,False,Bank Transfer,Sur,9.0,146.69
55,5.1,Electronics,147.77,0,0.023,7.9,0.313,False,Digital Wallet,Este,6.9,5.0
49,7.9,Fashion,86.03,5,0.432,4.3,0.356,True,Credit Card,Este,7.1,45.51
41,5.5,Fashion,113.27,4,0.041,11.6,0.468,False,Digital Wallet,Central,8.3,856.6
59,0.8,Home & Living,71.39,4,0.022,2.7,0.643,False,Credit Card,Oeste,8.7,331.46
42,3.2,Home & Living,58.73,0,0.026,3.6,0.591,False,Credit Card,Sur,6.4,5.0
42,1.4,Electronics,271.94,0,0.028,2.6,0.183,False,Credit Card,Norte,7.4,5.0
37,0.5,Fashion,71.7,3,0.021,6.6,0.128,True,Credit Card,Norte,3.8,240.57
52,0.8,Home & Living,119.82,2,0.016,2.8,0.406,True,Bank Transfer,Sur,6.3,290.72
51,0.5,Fashion,89.04,3,0.097,3.6,0.661,True,Credit Card,Central,7.6,315.61
30,6.5,Home & Living,95.26,4,0.0,2.9,0.189,False,Digital Wallet,Oeste,5.7,572.55
22,1.0,Home & Living,99.92,4,0.103,5.9,0.444,False,Credit Card,Central,8.8,439.85
35,1.2,Electronics,230.77,1,0.001,4.4,0.229,True,Digital Wallet,Norte,6.0,488.06
28,11.3,Electronics,230.6,2,0.003,1.4,0.651,True,Credit Card,Sur,3.4,724.4
37,1.7,Home & Living,128.28,2,0.017,8.6,0.336,True,Credit Card,Sur,8.9,653.01
52,0.5,Electronics,212.95,1,0.009,3.3,0.485,True,Digital Wallet,Central,7.0,331.34
32,1.2,Electronics,112.23,1,0.028,3.5,0.622,True,Credit Card,Sur,6.7,211.43
37,0.5,Fashion,61.64,5,0.228,9.7,0.364,False,Digital Wallet,Sur,10.0,345.3
38,0.5,Home & Living,83.67,3,0.0,8.0,0.375,True,Credit Card,Central,7.3,444.28
48,0.5,Electronics,103.61,2,0.107,5.4,0.407,False,Credit Card,Central,9.6,234.16
18,3.1,Fashion,15.47,5,0.132,10.7,0.439,False,Credit Card,Central,3.3,61.61
30,0.7,Electronics,243.7,3,0.009,1.0,0.685,False,Bank Transfer,Sur,8.0,857.13
40,1.6,Electronics,158.91,1,0.052,2.4,0.298,True,Digital Wallet,Sur,6.4,255.65
52,6.9,Fashion,96.54,5,0.047,0.9,0.21,True,Credit Card,Sur,6.9,651.97
32,1.9,Electronics,117.4,1,0.575,2.8,0.619,True,Bank Transfer,Central,3.7,6.93
18,8.7,Home & Living,129.08,3,0.079,4.2,0.244,True,Credit Card,Sur,5.0,613.69
45,2.4,Home & Living,114.54,1,0.001,4.4,0.488,True,Credit Card,Oeste,4.1,116.09
30,1.8,Home & Living,82.38,1,0.007,18.3,0.504,False,Credit Card,Norte,3.8,82.42
23,4.9,Electronics,209.98,2,0.002,6.4,0.032,True,Credit Card,Norte,8.3,838.02
30,0.5,Fashion,83.49,4,0.167,4.2,0.473,False,Digital Wallet,Este,9.0,406.46
35,0.5,Electronics,144.24,3,0.089,4.4,0.446,False,Credit Card,Sur,9.4,610.78
30,3.7,Electronics,223.75,0,0.55,7.4,0.208,True,Digital Wallet,Sur,8.0,5.0
18,2.3,Fashion,85.21,4,0.08,5.7,0.26,True,Digital Wallet,Norte,7.4,458.73
48,5.5,Fashion,48.04,4,0.008,2.7,0.155,True,Credit Card,Norte,1.9,209.56
53,8.7,Electronics,156.56,3,0.442,5.2,0.324,True,Credit Card,Norte,7.2,34.05
45,1.7,Electronics,244.2,2,0.104,5.6,0.405,False,Credit Card,Central,8.9,655.18
24,3.2,Home & Living,72.65,4,0.015,10.9,0.333,False,Bank Transfer,Norte,4.7,295.08
35,2.4,Fashion,64.09,4,0.244,4.0,0.554,False,Credit Card,Central,7.7,216.61
37,14.0,Home & Living,69.98,6,0.007,3.5,0.249,True,Credit Card,Central,4.1,691.21
45,6.2,Home & Living,30.26,3,0.54,2.4,0.108,False,Bank Transfer,Norte,3.5,5.0
46,8.5,Fashion,68.34,3,0.166,2.0,0.248,True,Credit Card,Central,9.1,357.58
29,1.0,Electronics,186.6,4,0.266,9.9,0.178,False,Credit Card,Norte,8.5,594.13
38,5.2,Home & Living,121.4,6,0.012,2.7,0.104,False,Credit Card,Oeste,7.5,1380.13
43,1.1,Electronics,103.51,4,0.133,2.9,0.218,True,Credit Card,Central,8.4,684.36
55,0.8,Electronics,109.05,4,0.187,9.9,0.257,True,Digital Wallet,Central,7.5,514.15
46,10.1,Home & Living,118.0,1,0.142,4.3,0.159,True,Credit Card,Norte,5.1,191.22
47,0.5,Fashion,74.7,7,0.018,4.0,0.266,False,Credit Card,Norte,5.2,802.55
39,11.8,Electronics,147.84,1,0.175,2.7,0.322,False,Credit Card,Este,5.5,217.06
54,0.6,Fashion,15.0,2,0.02,3.6,0.177,True,Digital Wallet,Central,5.3,43.83
42,6.0,Fashion,15.0,4,0.291,3.0,0.533,True,Digital Wallet,Central,7.4,66.1
27,1.1,Electronics,115.04,3,0.003,15.4,0.328,False,Credit Card,Sur,7.9,599.86
54,1.5,Electronics,153.97,2,0.001,3.7,0.637,False,Digital Wallet,Central,7.8,243.64
46,0.9,Electronics,109.55,0,0.285,2.6,0.417,False,Digital Wallet,Sur,5.0,5.0
32,3.1,Fashion,89.6,7,0.138,4.5,0.239,False,Credit Card,Sur,7.4,912.99
32,1.5,Home & Living,114.6,5,0.398,4.6,0.135,False,Credit Card,Este,7.7,114.59
41,3.7,Fashion,91.65,7,0.013,9.3,0.285,False,Credit Card,Central,7.2,1435.53
43,0.5,Fashion,77.58,4,0.111,3.1,0.735,False,Credit Card,Central,5.1,341.93
40,0.5,Electronics,191.61,1,0.066,12.6,0.022,False,Digital Wallet,Norte,10.0,299.1
41,0.5,Electronics,142.25,1,0.001,8.3,0.671,False,Digital Wallet,Sur,7.8,248.74
58,1.9,Electronics,192.2,4,0.048,1.3,0.224,False,Credit Card,Sur,8.8,1009.34
50,5.9,Electronics,134.05,2,0.312,3.6,0.098,False,Credit Card,Central,8.2,153.86
40,7.7,Electronics,33.09,0,0.049,5.3,0.318,False,Credit Card,Central,5.9,5.0
49,1.0,Fashion,87.86,6,0.227,1.7,0.188,False,Digital Wallet,Este,3.6,249.33
25,3.0,Electronics,190.43,2,0.011,5.5,0.3,False,Credit Card,Central,7.5,680.84
42,5.1,Home & Living,138.51,2,0.006,1.8,0.546,False,Bank Transfer,Central,8.4,432.27
59,1.2,Home & Living,107.71,3,0.124,2.6,0.241,False,Credit Card,Este,9.3,382.53
35,1.8,Fashion,84.5,4,0.283,5.7,0.147,False,Credit Card,Central,8.4,294.05
27,2.6,Electronics,271.0,3,0.203,3.4,0.462,False,Digital Wallet,Sur,6.4,695.76
30,0.5,Home & Living,53.25,6,0.087,5.5,0.15,True,Credit Card,Sur,7.3,558.34
24,0.5,Home & Living,94.88,5,0.442,5.8,0.356,True,Credit Card,Oeste,3.7,20.82
28,0.6,Electronics,118.67,1,0.002,6.8,0.265,False,Credit Card,Este,7.5,193.38
33,3.5,Fashion,80.03,5,0.209,7.7,0.542,False,Bank Transfer,Central,7.2,414.37
21,0.5,Home & Living,128.4,1,0.109,2.4,0.176,False,Credit Card,Central,7.9,114.38
38,0.7,Fashion,69.46,6,0.371,11.5,0.137,False,Digital Wallet,Este,1.4,57.15
48,1.4,Electronics,204.54,2,0.14,4.8,0.302,True,Credit Card,Sur,3.6,348.18
27,0.5,Fashion,48.68,6,0.008,4.8,0.455,True,Credit Card,Este,8.4,561.79
56,0.7,Fashion,87.45,4,0.031,2.7,0.567,True,Digital Wallet,Norte,9.4,481.57
44,8.5,Fashion,89.37,6,0.002,4.9,0.228,True,Bank Transfer,Sur,1.9,588.23
50,0.5,Home & Living,84.17,2,0.003,5.6,0.418,False,Digital Wallet,Central,7.9,203.71
30,3.7,Fashion,50.23,3,0.484,3.0,0.324,True,Digital Wallet,Norte,7.4,16.56
48,1.7,Electronics,170.36,2,0.565,6.7,0.363,False,Credit Card,Central,5.1,20.78
24,3.9,Fashion,74.84,3,0.14,1.6,0.213,False,Digital Wallet,Norte,7.4,296.75
48,3.1,Fashion,82.69,7,0.012,9.3,0.589,False,Credit Card,Este,8.2,853.64
40,0.9,Electronics,217.11,1,0.255,2.9,0.219,False,Credit Card,Sur,9.5,154.91
44,6.6,Fashion,74.69,3,0.32,5.1,0.686,True,Credit Card,Central,1.9,96.96
23,2.4,Home & Living,71.26,2,0.141,5.6,0.467,False,Credit Card,Norte,6.6,150.96
27,6.1,Fashion,102.67,6,0.012,8.1,0.12,False,Credit Card,Oeste,8.7,1230.48
45,1.8,Electronics,240.07,3,0.132,8.9,0.198,False,Digital Wallet,Oeste,9.2,1018.0
26,14.6,Electronics,149.74,3,0.122,5.5,0.629,True,Credit Card,Central,6.6,681.85
43,5.2,Fashion,102.03,5,0.234,11.3,0.33,True,Credit Card,Este,7.1,622.0
21,11.8,Fashion,54.72,3,0.205,2.6,0.28,True,Bank Transfer,Norte,9.5,213.39
48,2.5,Electronics,190.87,1,0.424,4.4,0.373,True,Credit Card,Central,9.3,16.99
23,2.2,Fashion,93.35,3,0.211,4.0,0.571,False,Credit Card,Central,8.5,251.44
44,4.9,Electronics,201.53,0,0.016,2.5,0.373,False,Digital Wallet,Este,6.6,5.0
45,7.4,Electronics,223.1,0,0.377,10.7,0.425,True,Digital Wallet,Central,2.0,5.0
29,11.6,Fashion,62.76,8,0.015,4.0,0.177,True,Bank Transfer,Central,8.9,1110.95
44,1.4,Electronics,110.45,0,0.152,1.8,0.491,False,Bank Transfer,Este,3.1,5.0
41,5.6,Home & Living,123.64,2,0.21,16.4,0.445,False,Digital Wallet,Sur,9.6,314.66
31,0.8,Electronics,148.99,5,0.012,10.6,0.103,True,Credit Card,Sur,9.5,1209.78
25,2.8,Fashion,44.57,4,0.073,1.5,0.392,True,Credit Card,Central,9.1,353.98
18,0.7,Fashion,93.12,4,0.091,6.7,0.45,False,Digital Wallet,Central,7.6,369.38
42,1.5,Fashion,45.61,4,0.001,1.3,0.348,False,Credit Card,Central,7.2,265.61
19,9.4,Home & Living,62.52,7,0.001,1.4,0.27,True,Digital Wallet,Norte,7.7,833.87
39,0.6,Fashion,73.22,4,0.151,6.6,0.685,False,Credit Card,Central,3.8,230.6
34,3.5,Fashion,123.77,7,0.017,3.7,0.236,True,Credit Card,Oeste,7.2,2482.81
46,3.1,Fashion,54.53,6,0.011,2.8,0.406,False,Bank Transfer,Central,8.3,447.72
34,0.5,Fashion,63.93,4,0.117,7.6,0.086,True,Digital Wallet,Este,1.9,162.7
34,1.4,Home & Living,69.09,3,0.012,1.5,0.195,False,Credit Card,Norte,9.1,350.56
46,2.9,Fashion,39.35,3,0.028,2.2,0.344,True,Credit Card,Sur,10.0,272.7
42,0.7,Fashion,57.52,6,0.29,7.2,0.547,False,Bank Transfer,Norte,3.3,103.48
41,5.6,Home & Living,122.78,2,0.182,4.6,0.279,False,Credit Card,Norte,8.9,289.09
43,12.5,Home & Living,141.95,4,0.168,12.0,0.137,True,Digital Wallet,Central,3.6,374.75
19,0.8,Fashion,88.05,4,0.008,2.6,0.439,True,Digital Wallet,Central,7.7,549.09
47,0.7,Fashion,79.26,8,0.026,7.6,0.605,False,Bank Transfer,Sur,9.4,945.68
45,2.1,Electronics,105.51,1,0.097,7.5,0.312,True,Credit Card,Central,5.5,157.72
25,4.8,Fashion,99.19,2,0.038,3.4,0.227,True,Credit Card,Central,8.5,485.25
35,1.2,Fashion,43.44,4,0.002,2.8,0.221,True,Credit Card,Sur,7.6,375.11
37,0.5,Home & Living,80.26,2,0.035,3.1,0.162,False,Credit Card,Norte,8.5,235.24
36,2.7,Fashion,78.21,5,0.011,8.8,0.19,False,Credit Card,Sur,3.3,489.75
42,11.0,Fashion,63.62,6,0.128,6.7,0.407,True,Credit Card,Norte,10.0,662.81
55,1.7,Electronics,193.86,0,0.34,3.4,0.423,False,Credit Card,Este,8.4,5.0
50,1.9,Fashion,83.23,5,0.197,2.7,0.117,True,Credit Card,Sur,8.5,389.27
22,12.1,Home & Living,30.63,5,0.007,13.3,0.57,False,Bank Transfer,Central,8.8,256.67
45,4.2,Electronics,119.82,1,0.014,11.4,0.422,False,Digital Wallet,Central,8.5,180.2
53,4.4,Electronics,310.24,1,0.004,8.8,0.201,False,Credit Card,Sur,2.4,213.65
42,2.9,Fashion,116.05,6,0.281,8.9,0.114,False,Bank Transfer,Central,9.3,642.13
51,12.9,Fashion,82.02,4,0.178,3.3,0.462,True,Credit Card,Norte,7.3,442.67
62,4.1,Fashion,64.89,4,0.209,6.1,0.456,True,Credit Card,Sur,9.9,337.73
50,7.9,Fashion,67.58,4,0.009,5.0,0.098,False,Credit Card,Este,8.0,422.88
40,4.2,Fashion,65.75,3,0.131,3.0,0.581,True,Digital Wallet,Oeste,8.7,429.89
50,4.6,Electronics,100.38,1,0.071,5.4,0.37,False,Bank Transfer,Central,6.9,123.45
39,1.2,Home & Living,47.03,4,0.002,2.9,0.404,False,Credit Card,Norte,7.4,266.34
38,1.3,Electronics,146.62,5,0.001,0.3,0.312,False,Bank Transfer,Norte,9.5,1065.03
33,5.3,Fashion,75.5,6,0.234,23.0,0.634,False,Digital Wallet,Central,9.0,565.45
56,1.2,Fashion,39.92,2,0.09,4.9,0.335,False,Digital Wallet,Norte,7.5,80.98
28,2.9,Home & Living,45.07,2,0.099,3.0,0.109,False,Credit Card,Oeste,8.6,115.8
56,1.0,Home & Living,130.84,4,0.197,5.2,0.358,True,Credit Card,Oeste,4.2,403.01
43,5.9,Fashion,36.09,3,0.071,0.7,0.856,True,Credit Card,Norte,7.4,195.87
21,0.5,Fashion,93.48,4,0.196,4.2,0.595,False,Digital Wallet,Oeste,7.1,331.07
42,6.2,Electronics,148.55,1,0.164,7.5,0.156,False,Credit Card,Norte,6.5,136.25
18,3.2,Electronics,226.76,1,0.034,3.3,0.533,True,Bank Transfer,Sur,8.4,348.35
45,0.7,Home & Living,112.36,4,0.053,3.0,0.231,True,Credit Card,Este,8.6,664.47
48,2.7,Home & Living,149.0,3,0.222,6.8,0.138,False,Credit Card,Central,5.3,357.94
30,1.2,Home & Living,130.43,4,0.0,1.4,0.112,False,Credit Card,Sur,8.6,759.33
39,1.4,Electronics,176.09,0,0.134,8.1,0.347,False,Digital Wallet,Sur,8.5,5.0
61,1.5,Fashion,42.6,2,0.356,6.1,0.566,True,Bank Transfer,Central,3.5,17.91
31,0.5,Fashion,72.53,3,0.004,3.8,0.288,False,Credit Card,Sur,5.0,347.91
25,14.9,Fashion,41.7,5,0.462,9.2,0.239,True,Credit Card,Sur,6.7,27.41
55,0.5,Fashion,67.25,1,0.004,5.5,0.879,False,Bank Transfer,Central,6.2,84.48
61,3.8,Home & Living,114.54,4,0.0,9.6,0.172,False,Bank Transfer,Sur,7.9,648.63
38,1.6,Fashion,15.99,2,0.002,3.4,0.616,True,Credit Card,Norte,8.6,78.44
50,3.6,Electronics,133.51,0,0.084,3.4,0.164,False,Digital Wallet,Oeste,8.9,5.0
54,1.5,Electronics,258.15,2,0.022,2.6,0.476,False,Credit Card,Oeste,8.2,558.46
29,3.9,Electronics,248.38,3,0.306,7.7,0.296,False,Bank Transfer,Norte,8.3,509.59
32,4.6,Fashion,88.35,7,0.114,1.9,0.366,False,Credit Card,Norte,7.2,1018.11
52,4.1,Electronics,188.25,1,0.107,8.4,0.083,False,Digital Wallet,Norte,8.9,213.3
58,0.5,Electronics,115.95,3,0.271,4.7,0.589,True,Bank Transfer,Oeste,3.9,148.21
44,3.7,Fashion,15.0,3,0.017,5.4,0.197,False,Credit Card,Central,7.8,82.87
27,1.1,Home & Living,101.48,4,0.055,9.5,0.561,True,Digital Wallet,Norte,5.1,749.56
61,0.5,Home & Living,114.93,3,0.193,1.7,0.384,False,Digital Wallet,Central,7.5,261.06
31,1.9,Electronics,254.36,2,0.012,3.6,0.599,False,Digital Wallet,Central,7.4,656.26
33,2.0,Electronics,182.65,0,0.057,3.8,0.455,True,Credit Card,Sur,7.9,5.0
42,2.2,Electronics,233.22,3,0.061,6.7,0.356,False,Credit Card,Este,6.2,1046.96
56,4.3,Home & Living,107.45,4,0.006,4.1,0.169,False,Credit Card,Oeste,6.3,558.18
48,1.3,Fashion,63.48,3,0.245,7.3,0.399,False,Credit Card,Este,7.4,141.25
42,1.3,Electronics,170.36,0,0.219,5.4,0.445,False,Credit Card,Este,8.9,5.0
43,0.5,Home & Living,109.48,3,0.138,2.3,0.504,True,Bank Transfer,Sur,8.4,427.35
38,4.1,Fashion,78.07,3,0.003,7.1,0.218,True,Digital Wallet,Este,6.8,459.17
44,2.9,Home & Living,141.06,4,0.0,3.0,0.244,False,Credit Card,Este,6.5,800.21
18,1.5,Electronics,204.33,0,0.024,3.4,0.262,True,Digital Wallet,Central,7.5,5.0
34,4.3,Fashion,86.23,3,0.182,8.6,0.289,False,Digital Wallet,Norte,8.9,330.17
40,2.7,Fashion,32.95,9,0.095,1.4,0.339,True,Credit Card,Este,7.9,539.66
24,2.2,Home & Living,82.06,2,0.092,1.7,0.363,False,Credit Card,Sur,10.0,213.24
42,2.5,Home & Living,129.47,3,0.005,5.6,0.163,True,Credit Card,Norte,7.3,844.41
35,3.5,Fashion,113.11,3,0.098,3.9,0.41,False,Credit Card,Central,6.9,570.48
59,3.8,Electronics,118.46,0,0.197,4.6,0.097,True,Digital Wallet,Este,9.3,5.0
56,1.2,Fashion,81.47,8,0.077,3.4,0.115,True,Digital Wallet,Sur,9.2,893.87
32,0.5,Home & Living,97.63,2,0.0,2.1,0.053,False,Credit Card,Sur,5.3,249.04
36,0.6,Fashion,80.94,4,0.161,4.9,0.333,False,Bank Transfer,Este,6.7,359.13
37,3.6,Home & Living,114.87,2,0.126,1.8,0.558,False,Credit Card,Norte,6.7,259.66
32,7.2,Fashion,58.98,4,0.033,8.0,0.38,True,Digital Wallet,Este,3.6,351.11
40,1.8,Fashion,124.63,4,0.129,2.2,0.223,True,Digital Wallet,Central,7.4,715.84
28,0.7,Fashion,77.41,8,0.29,2.2,0.628,False,Credit Card,Sur,9.4,488.16
24,4.9,Fashion,84.72,8,0.038,1.1,0.331,False,Digital Wallet,Norte,7.1,973.7
45,6.3,Home & Living,134.24,2,0.004,1.8,0.518,True,Bank Transfer,Norte,9.9,571.0
45,7.4,Fashion,54.69,5,0.081,6.1,0.38,False,Bank Transfer,Sur,8.4,461.93
28,3.3,Fashion,76.27,4,0.429,3.3,0.6,False,Bank Transfer,Norte,9.1,24.95
48,6.9,Electronics,121.4,2,0.226,2.4,0.498,False,Credit Card,Central,7.6,223.27
30,0.5,Electronics,216.51,2,0.146,0.6,0.35,True,Credit Card,Sur,9.7,674.49
41,0.5,Home & Living,40.32,1,0.002,5.4,0.073,False,Digital Wallet,Norte,8.4,54.39
47,0.5,Electronics,201.94,1,0.063,3.4,0.356,False,Bank Transfer,Sur,7.4,225.84
37,4.4,Home & Living,83.82,2,0.194,3.1,0.32,True,Credit Card,Norte,2.6,101.27
43,0.5,Fashion,87.57,4,0.192,6.1,0.233,False,Digital Wallet,Central,7.9,306.53
31,2.4,Home & Living,88.5,6,0.067,6.5,0.368,False,Digital Wallet,Sur,9.1,752.07
35,2.2,Home & Living,108.83,0,0.004,18.1,0.087,False,Credit Card,Central,4.5,5.0
35,1.3,Fashion,26.78,3,0.106,3.4,0.425,True,Credit Card,Norte,6.2,156.82
29,7.2,Home & Living,90.77,6,0.314,12.9,0.223,True,Credit Card,Central,7.4,469.02
35,0.7,Electronics,186.34,1,0.015,6.5,0.17,False,Credit Card,Este,9.1,299.1
19,1.5,Fashion,92.7,6,0.348,2.6,0.706,False,Credit Card,Norte,5.9,185.48
32,5.2,Home & Living,57.37,6,0.002,13.2,0.09,False,Credit Card,Oeste,7.9,682.8
34,0.5,Electronics,118.94,1,0.039,2.1,0.15,False,Bank Transfer,Central,8.3,159.29
34,3.9,Fashion,80.72,5,0.136,2.7,0.215,True,Digital Wallet,Norte,4.0,409.21
35,5.9,Home & Living,72.07,2,0.008,2.3,0.313,True,Credit Card,Este,8.6,298.09
37,9.4,Home & Living,48.31,2,0.0,7.1,0.329,True,Credit Card,Sur,3.9,151.62
43,7.3,Electronics,174.12,0,0.01,7.2,0.254,False,Credit Card,Este,8.4,5.0
48,1.3,Fashion,116.46,3,0.042,4.6,0.189,False,Credit Card,Central,1.7,206.86
30,3.1,Electronics,247.24,2,0.362,3.1,0.23,True,Digital Wallet,Sur,1.9,107.18
23,0.5,Fashion,90.55,11,0.054,5.1,0.215,True,Credit Card,Oeste,7.9,1140.82
25,1.0,Fashion,74.24,4,0.171,6.8,0.336,True,Bank Transfer,Central,6.5,348.13
32,0.5,Fashion,69.61,5,0.082,6.4,0.197,False,Bank Transfer,Sur,6.8,507.12
33,1.3,Fashion,52.39,1,0.14,1.0,0.531,True,Bank Transfer,Este,7.6,79.79
28,7.3,Electronics,283.79,3,0.054,3.7,0.397,True,Digital Wallet,Norte,10.0,1937.9
22,1.5,Electronics,184.47,4,0.028,5.4,0.236,False,Digital Wallet,Central,7.6,1042.26
32,2.9,Electronics,124.29,2,0.034,3.6,0.165,False,Digital Wallet,Central,7.8,357.56
40,2.0,Fashion,54.59,4,0.037,4.8,0.049,False,Credit Card,Este,6.7,243.43
45,2.1,Home & Living,98.28,4,0.018,3.3,0.282,False,Credit Card,Norte,8.9,568.96
31,12.2,Electronics,140.99,2,0.036,1.2,0.389,True,Bank Transfer,Sur,9.0,598.49
33,1.2,Electronics,188.3,0,0.002,3.6,0.437,False,Digital Wallet,Central,2.6,5.0
26,3.5,Fashion,126.81,5,0.165,3.5,0.433,False,Credit Card,Central,5.5,488.3
37,1.9,Fashion,107.75,5,0.105,7.2,0.082,True,Digital Wallet,Sur,9.0,1025.71
27,0.5,Electronics,166.5,2,0.127,6.9,0.571,False,Credit Card,Central,10.0,568.8
44,2.4,Electronics,210.19,1,0.405,6.4,0.282,True,Digital Wallet,Central,6.9,42.56
18,5.9,Electronics,232.6,3,0.027,7.9,0.68,False,Credit Card,Norte,8.7,1429.17
33,0.5,Fashion,41.9,6,0.058,0.5,0.473,False,Credit Card,Oeste,6.9,340.3
41,0.5,Electronics,163.32,3,0.003,1.2,0.197,False,Digital Wallet,Norte,5.4,546.04
40,0.6,Fashion,97.85,2,0.243,1.8,0.276,False,Credit Card,Sur,7.3,154.05
70,5.1,Fashion,115.61,8,0.219,2.6,0.434,True,Credit Card,Sur,6.3,1109.27
42,4.5,Fashion,83.64,5,0.381,14.8,0.43,False,Credit Card,Norte,10.0,187.24
25,2.9,Electronics,188.14,1,0.184,6.5,0.341,False,Digital Wallet,Este,3.7,135.68
36,2.2,Fashion,48.33,1,0.405,13.3,0.154,False,Bank Transfer,Este,7.9,8.21
18,7.7,Fashion,72.19,6,0.104,5.6,0.447,False,Bank Transfer,Sur,8.2,622.3
37,5.1,Home & Living,121.56,2,0.133,7.9,0.24,True,Digital Wallet,Este,7.5,360.57
28,5.8,Electronics,290.66,0,0.106,5.7,0.189,False,Bank Transfer,Sur,7.7,5.0
48,5.9,Fashion,98.04,3,0.55,3.3,0.261,True,Bank Transfer,Central,7.1,28.93
31,3.6,Fashion,64.4,4,0.159,1.3,0.403,False,Digital Wallet,Norte,6.0,319.77
36,2.1,Electronics,235.27,4,0.002,6.6,0.539,False,Credit Card,Norte,9.9,1701.72
30,7.0,Home & Living,72.49,2,0.006,2.3,0.177,False,Digital Wallet,Central,2.5,104.25
58,9.1,Fashion,82.43,8,0.017,0.9,0.387,True,Digital Wallet,Central,6.3,1014.11
34,0.5,Fashion,57.45,6,0.197,8.5,0.55,False,Digital Wallet,Central,7.6,317.03
59,0.5,Electronics,180.1,0,0.013,4.9,0.078,True,Credit Card,Central,7.4,5.0
47,11.2,Electronics,214.94,1,0.367,5.1,0.511,True,Credit Card,Central,9.6,111.45
43,1.1,Fashion,71.71,5,0.021,2.9,0.004,False,Credit Card,Norte,3.8,359.97
42,7.2,Electronics,263.16,0,0.211,4.1,0.457,True,Credit Card,Central,8.4,5.0
42,1.7,Fashion,77.79,10,0.224,2.4,0.353,True,Digital Wallet,Este,9.3,846.87
18,0.5,Fashion,84.64,2,0.0,10.0,0.36,False,Credit Card,Central,6.8,230.31
34,0.5,Fashion,109.32,5,0.018,16.9,0.637,False,Bank Transfer,Norte,7.7,853.85
48,0.6,Fashion,103.81,9,0.354,3.1,0.335,False,Credit Card,Sur,6.8,307.8
37,1.0,Electronics,251.43,3,0.347,7.0,0.16,True,Credit Card,Central,7.1,317.26
21,2.3,Fashion,61.32,5,0.016,6.8,0.08,True,Credit Card,Central,6.3,582.96
37,4.2,Fashion,69.29,2,0.354,2.7,0.305,False,Credit Card,Central,7.4,63.52
58,15.0,Electronics,198.86,0,0.14,6.6,0.289,True,Credit Card,Norte,7.8,5.0
52,2.0,Electronics,215.8,2,0.16,3.4,0.255,False,Digital Wallet,Central,6.7,427.62
37,2.6,Electronics,256.01,3,0.359,4.8,0.327,False,Credit Card,Oeste,2.6,194.37
49,2.6,Electronics,221.09,0,0.029,1.7,0.358,False,Digital Wallet,Sur,3.4,5.0
33,2.7,Home & Living,111.34,5,0.246,6.5,0.289,False,Credit Card,Norte,8.8,578.83
18,2.6,Fashion,62.2,5,0.296,5.2,0.571,False,Digital Wallet,Central,8.4,199.27
26,0.5,Electronics,262.41,2,0.137,10.4,0.469,False,Credit Card,Oeste,7.2,647.45
56,0.5,Electronics,218.26,2,0.018,1.8,0.623,False,Credit Card,Norte,5.7,531.88
34,0.5,Electronics,186.93,2,0.095,5.2,0.255,False,Digital Wallet,Sur,9.9,421.99
35,0.5,Fashion,74.14,6,0.197,12.3,0.43,True,Digital Wallet,Norte,5.0,425.13
34,4.3,Electronics,322.33,3,0.09,13.7,0.608,False,Digital Wallet,Este,7.4,1438.47
60,0.8,Fashion,87.28,3,0.6,1.1,0.469,False,Credit Card,Oeste,6.3,11.14
57,7.9,Fashion,55.49,5,0.189,2.8,0.435,True,Digital Wallet,Norte,8.2,366.22
64,9.2,Home & Living,127.22,1,0.266,9.7,0.598,True,Bank Transfer,Este,10.0,105.29
36,13.0,Electronics,203.47,2,0.37,1.3,0.302,True,Credit Card,Norte,6.9,161.43
41,9.8,Fashion,65.47,4,0.015,1.4,0.425,True,Credit Card,Norte,1.8,286.35
19,1.1,Fashion,92.2,5,0.018,4.3,0.468,False,Credit Card,Norte,8.9,731.43
55,2.5,Fashion,42.3,6,0.067,5.6,0.387,True,Digital Wallet,Central,7.1,329.02
23,0.7,Home & Living,82.61,4,0.033,1.4,0.212,False,Credit Card,Sur,6.2,365.69
40,5.7,Fashion,67.54,4,0.055,8.6,0.112,False,Digital Wallet,Norte,7.8,594.65
24,7.7,Fashion,40.86,1,0.177,1.0,0.365,True,Bank Transfer,Central,8.5,59.26
30,6.7,Fashion,27.49,5,0.112,3.9,0.562,False,Credit Card,Norte,8.8,210.95
27,2.0,Home & Living,112.8,1,0.005,5.7,0.359,True,Bank Transfer,Norte,5.9,199.48
30,5.0,Fashion,68.93,3,0.168,5.0,0.098,True,Bank Transfer,Norte,1.7,148.87
31,0.5,Home & Living,89.61,5,0.0,3.7,0.364,True,Credit Card,Central,8.7,717.54
31,0.5,Electronics,222.17,1,0.12,4.3,0.169,False,Credit Card,Sur,7.8,270.7
48,4.9,Fashion,114.7,5,0.389,5.8,0.64,False,Digital Wallet,Central,8.8,130.59
24,1.9,Home & Living,108.09,1,0.004,3.5,0.126,False,Digital Wallet,Este,8.4,164.95
40,15.0,Electronics,134.1,2,0.006,4.2,0.489,True,Bank Transfer,Norte,2.6,336.13
52,0.5,Home & Living,133.53,1,0.003,7.1,0.318,False,Bank Transfer,Sur,6.9,149.83
31,6.8,Electronics,186.76,2,0.182,5.6,0.417,False,Credit Card,Central,1.6,215.57
29,2.3,Home & Living,72.78,4,0.002,6.1,0.454,True,Bank Transfer,Norte,7.9,570.13
35,6.1,Fashion,81.53,2,0.107,3.7,0.419,False,Credit Card,Central,7.5,289.3
52,5.9,Electronics,194.06,0,0.073,2.3,0.235,False,Credit Card,Norte,1.0,5.0
40,8.7,Home & Living,135.54,5,0.031,8.3,0.231,True,Bank Transfer,Norte,8.3,1409.09
31,1.2,Electronics,124.19,0,0.062,5.4,0.177,True,Credit Card,Este,8.2,5.0
43,10.5,Electronics,168.58,3,0.083,10.0,0.378,True,Credit Card,Oeste,2.8,517.48
24,0.6,Electronics,121.45,1,0.243,6.9,0.46,False,Credit Card,Oeste,9.1,90.62
46,0.5,Fashion,90.75,5,0.485,4.8,0.335,True,Credit Card,Norte,10.0,35.28
42,2.0,Home & Living,117.1,4,0.051,2.7,0.171,False,Credit Card,Norte,2.9,420.79
34,6.2,Electronics,184.97,2,0.277,8.3,0.591,True,Digital Wallet,Norte,5.6,393.32
27,2.2,Fashion,73.2,4,0.405,4.7,0.693,True,Credit Card,Oeste,4.1,40.08
27,6.2,Electronics,175.02,3,0.044,5.7,0.513,False,Digital Wallet,Oeste,7.5,853.76
44,4.6,Fashion,106.69,4,0.063,4.8,0.638,False,Credit Card,Este,6.8,513.87
52,0.8,Electronics,104.62,4,0.288,2.1,0.338,False,Digital Wallet,Oeste,8.8,193.58
30,10.4,Electronics,141.44,1,0.592,3.0,0.147,False,Digital Wallet,Norte,5.9,12.81
43,0.5,Electronics,161.85,1,0.113,3.8,0.427,False,Digital Wallet,Central,5.3,190.5
18,8.0,Fashion,15.0,10,0.357,2.5,0.366,False,Digital Wallet,Norte,7.8,53.69
30,1.3,Home & Living,108.34,2,0.272,4.8,0.371,False,Bank Transfer,Este,3.8,98.67
37,2.4,Fashion,74.72,9,0.057,4.7,0.286,True,Credit Card,Central,8.4,1471.94
27,1.9,Electronics,135.68,1,0.006,5.9,0.366,True,Bank Transfer,Central,7.5,254.07
26,0.7,Fashion,51.76,3,0.247,0.7,0.262,False,Credit Card,Central,7.4,98.9
29,1.6,Home & Living,119.31,6,0.025,2.8,0.17,False,Bank Transfer,Norte,8.1,939.42
41,0.8,Electronics,101.3,2,0.125,6.9,0.238,False,Credit Card,Sur,7.6,283.66
35,0.8,Electronics,217.57,3,0.048,2.7,0.051,False,Credit Card,Norte,8.2,891.8
18,0.7,Electronics,126.17,2,0.381,4.4,0.549,False,Bank Transfer,Norte,3.5,31.15
18,2.3,Fashion,56.2,1,0.538,8.8,0.784,True,Credit Card,Oeste,8.0,5.67
30,5.6,Fashion,80.51,3,0.178,1.1,0.257,False,Digital Wallet,Sur,10.0,287.76
43,2.9,Fashion,108.94,4,0.207,8.3,0.23,False,Bank Transfer,Norte,6.0,447.69
18,7.8,Electronics,112.8,3,0.173,5.2,0.067,False,Credit Card,Central,3.9,182.84
32,3.5,Electronics,211.69,3,0.147,2.1,0.129,True,Credit Card,Oeste,8.2,1106.18
31,4.1,Home & Living,134.74,4,0.084,8.1,0.582,True,Credit Card,Central,4.0,740.78
54,3.9,Electronics,110.06,2,0.098,3.8,0.399,False,Bank Transfer,Este,5.2,222.44
33,2.1,Home & Living,105.46,4,0.0,3.7,0.199,False,Digital Wallet,Sur,9.1,565.36
42,4.1,Fashion,37.55,5,0.464,2.6,0.54,True,Bank Transfer,Este,8.2,19.87
39,0.5,Electronics,215.78,1,0.268,7.8,0.548,False,Credit Card,Sur,6.4,153.56
18,6.9,Fashion,92.05,6,0.037,1.5,0.098,True,Credit Card,Sur,7.8,1091.92
47,5.3,Home & Living,61.25,3,0.0,4.3,0.193,False,Digital Wallet,Sur,4.3,162.35
40,1.0,Fashion,95.29,10,0.6,10.6,0.244,False,Credit Card,Central,6.1,60.62
44,5.1,Home & Living,71.83,7,0.273,3.7,0.151,True,Bank Transfer,Norte,3.7,285.36
75,0.5,Electronics,241.23,2,0.0,12.5,0.269,False,Digital Wallet,Este,5.8,567.62
18,0.9,Fashion,63.27,1,0.015,5.0,0.343,True,Bank Transfer,Central,7.6,87.17
58,0.5,Home & Living,115.33,4,0.0,3.7,0.701,False,Bank Transfer,Este,8.0,502.85
34,5.3,Home & Living,85.09,4,0.14,4.2,0.245,False,Credit Card,Oeste,8.9,528.67
41,4.9,Fashion,64.64,3,0.6,4.9,0.428,True,Digital Wallet,Norte,8.2,23.08
37,5.9,Fashion,75.91,7,0.304,5.7,0.219,False,Digital Wallet,Central,7.7,330.96
32,0.5,Electronics,175.19,3,0.181,1.6,0.098,False,Digital Wallet,Norte,6.9,413.2
31,2.4,Electronics,238.44,2,0.282,3.0,0.422,False,Digital Wallet,Central,8.4,393.32
41,4.3,Electronics,230.73,2,0.047,6.8,0.172,False,Credit Card,Central,5.8,722.74
19,0.6,Electronics,190.17,0,0.293,4.9,0.256,True,Credit Card,Central,3.1,5.0
47,3.7,Electronics,245.48,1,0.205,7.4,0.089,False,Digital Wallet,Norte,6.8,216.79
33,0.5,Electronics,128.11,0,0.164,9.7,0.064,False,Digital Wallet,Central,3.5,5.0
24,0.7,Home & Living,113.38,2,0.15,1.9,0.092,True,Credit Card,Norte,8.9,269.97
32,2.3,Fashion,34.55,3,0.19,6.2,0.12,True,Credit Card,Este,6.7,143.27
53,3.7,Fashion,54.18,4,0.152,4.0,0.206,True,Digital Wallet,Norte,6.3,326.17
31,0.6,Home & Living,153.41,6,0.004,4.2,0.3,True,Credit Card,Este,3.0,787.81
42,0.7,Electronics,70.09,0,0.033,8.5,0.59,True,Digital Wallet,Sur,4.3,5.0
29,0.8,Fashion,93.56,2,0.18,0.7,0.236,False,Digital Wallet,Norte,2.7,75.93
47,1.0,Fashion,83.9,3,0.316,5.8,0.047,False,Credit Card,Norte,8.1,143.36
46,0.9,Electronics,154.89,3,0.07,4.2,0.536,False,Bank Transfer,Oeste,9.0,634.08
60,1.8,Fashion,49.26,4,0.088,4.1,0.217,True,Bank Transfer,Central,8.9,333.36
35,3.7,Electronics,171.23,4,0.116,4.1,0.192,False,Digital Wallet,Central,7.8,1025.11
46,2.0,Electronics,74.12,3,0.02,10.6,0.599,False,Credit Card,Norte,6.4,348.63
39,5.2,Electronics,49.94,2,0.062,1.1,0.245,True,Credit Card,Sur,8.0,197.33
53,4.4,Home & Living,100.47,4,0.115,4.8,0.149,False,Credit Card,Central,7.9,528.96
29,0.5,Fashion,15.0,7,0.044,9.3,0.589,False,Bank Transfer,Norte,7.1,162.7
46,0.5,Fashion,40.86,4,0.156,5.5,0.538,True,Credit Card,Central,5.5,186.64
35,7.4,Fashion,67.17,1,0.051,7.1,0.588,True,Credit Card,Este,7.9,164.8
37,0.5,Electronics,266.2,5,0.001,5.8,0.33,True,Credit Card,Este,7.9,2353.45
39,0.6,Fashion,54.21,6,0.11,8.6,0.485,False,Credit Card,Este,8.6,521.0
41,0.5,Fashion,109.76,4,0.091,4.9,0.446,False,Credit Card,Norte,8.2,629.07
36,3.5,Electronics,120.22,1,0.037,8.1,0.169,False,Digital Wallet,Sur,6.9,179.18
40,3.1,Fashion,57.63,4,0.076,1.6,0.253,False,Digital Wallet,Sur,7.2,325.91
56,15.0,Electronics,49.47,3,0.118,8.9,0.661,True,Credit Card,Sur,9.4,250.46
49,7.6,Electronics,153.85,0,0.006,7.6,0.524,True,Credit Card,Central,7.4,5.0
48,1.9,Home & Living,91.37,3,0.147,4.2,0.573,False,Bank Transfer,Central,7.7,232.12
32,1.6,Fashion,82.47,4,0.331,3.0,0.029,False,Credit Card,Sur,3.6,117.95
27,1.2,Fashion,102.46,2,0.397,2.6,0.546,True,Digital Wallet,Este,8.7,57.07
49,0.6,Fashion,94.24,0,0.056,2.5,0.162,True,Digital Wallet,Norte,6.2,5.0
48,0.5,Fashion,44.67,4,0.032,5.9,0.396,False,Credit Card,Sur,7.4,229.67
55,0.5,Fashion,70.28,4,0.325,1.7,0.52,False,Bank Transfer,Norte,10.0,101.79
30,0.5,Fashion,61.2,5,0.209,1.6,0.559,False,Digital Wallet,Este,8.0,266.03
35,1.0,Fashion,103.81,5,0.17,2.7,0.31,False,Bank Transfer,Norte,8.2,437.87
18,1.3,Home & Living,67.55,4,0.122,4.5,0.085,False,Digital Wallet,Central,6.9,278.74
33,11.4,Home & Living,82.81,1,0.015,7.1,0.652,False,Bank Transfer,Norte,7.8,169.42
49,3.0,Fashion,100.67,5,0.23,2.7,0.098,False,Bank Transfer,Sur,3.4,227.92
32,15.0,Home & Living,120.75,2,0.117,2.3,0.217,True,Credit Card,Central,7.9,496.08
45,1.6,Fashion,127.79,6,0.213,3.8,0.199,False,Bank Transfer,Sur,10.0,678.8
35,2.1,Fashion,53.44,3,0.295,4.6,0.042,True,Credit Card,Central,7.6,148.33
41,1.4,Electronics,175.4,1,0.011,2.3,0.079,False,Credit Card,Norte,6.6,236.0
24,0.7,Fashion,103.05,6,0.092,4.9,0.613,False,Credit Card,Sur,8.7,647.99
39,0.5,Home & Living,102.4,2,0.015,7.6,0.62,False,Digital Wallet,Sur,6.6,303.61
18,10.2,Home & Living,106.09,2,0.013,1.9,0.582,True,Digital Wallet,Central,6.0,366.51
35,15.0,Home & Living,63.07,2,0.123,4.2,0.141,True,Bank Transfer,Sur,3.2,120.27
18,0.5,Electronics,136.12,0,0.016,4.1,0.155,False,Bank Transfer,Norte,9.3,5.0
52,0.6,Fashion,28.92,4,0.175,5.0,0.22,True,Credit Card,Este,5.9,119.44
47,1.9,Electronics,131.62,3,0.0,5.0,0.492,False,Digital Wallet,Central,7.4,534.94
43,0.7,Electronics,198.3,0,0.016,4.2,0.46,False,Credit Card,Central,7.9,5.0
56,1.6,Fashion,123.16,2,0.207,1.3,0.432,False,Credit Card,Norte,8.5,208.38
26,0.5,Fashion,48.21,6,0.014,4.0,0.025,False,Digital Wallet,Oeste,7.3,354.02
58,2.1,Fashion,54.28,0,0.064,5.7,0.147,False,Credit Card,Este,1.1,5.0
49,1.1,Fashion,88.39,6,0.1,3.1,0.279,False,Credit Card,Este,1.0,261.11
35,1.5,Electronics,188.1,0,0.204,6.6,0.419,False,Digital Wallet,Norte,8.4,5.0
51,0.5,Electronics,188.0,1,0.075,2.2,0.243,True,Digital Wallet,Oeste,5.0,211.84
24,2.0,Home & Living,56.4,5,0.011,10.2,0.312,True,Digital Wallet,Central,9.3,624.5
28,14.3,Electronics,120.33,1,0.2,6.1,0.392,True,Digital Wallet,Sur,6.4,210.7
30,1.4,Electronics,129.55,3,0.071,2.3,0.094,True,Digital Wallet,Este,7.5,738.87
31,7.3,Home & Living,100.71,6,0.113,7.2,0.287,True,Credit Card,Este,5.0,1206.28
25,6.5,Home & Living,89.81,0,0.091,0.7,0.074,True,Digital Wallet,Sur,9.4,5.0
52,10.6,Fashion,96.93,3,0.6,16.4,0.239,False,Digital Wallet,Norte,9.8,25.7
34,5.5,Electronics,166.47,1,0.08,14.4,0.234,True,Credit Card,Norte,10.0,373.61
42,3.8,Electronics,187.79,1,0.003,5.6,0.083,True,Digital Wallet,Norte,10.0,407.32
31,6.8,Home & Living,53.95,5,0.001,8.4,0.426,False,Credit Card,Central,5.9,499.61
18,0.5,Home & Living,99.88,3,0.255,3.6,0.261,False,Credit Card,Norte,4.3,95.08
41,2.2,Fashion,69.32,6,0.028,2.3,0.302,True,Digital Wallet,Central,6.7,874.66
18,15.0,Electronics,188.84,2,0.057,4.1,0.185,True,Credit Card,Central,7.7,579.47
37,5.1,Electronics,253.67,3,0.225,5.5,0.541,False,Credit Card,Oeste,2.9,518.64
21,11.5,Electronics,194.35,1,0.155,0.8,0.392,True,Digital Wallet,Oeste,5.0,219.51
61,5.3,Fashion,49.9,3,0.24,4.6,0.282,True,Credit Card,Sur,5.0,139.84
48,7.3,Electronics,224.95,3,0.016,3.4,0.297,True,Digital Wallet,Norte,3.4,834.45
39,4.3,Home & Living,75.0,4,0.006,11.2,0.276,True,Credit Card,Oeste,5.6,562.41
53,5.0,Electronics,274.54,0,0.094,1.2,0.39,False,Credit Card,Este,6.8,5.0
27,2.6,Fashion,35.76,5,0.14,4.6,0.578,False,Digital Wallet,Sur,8.1,266.58
44,9.0,Electronics,228.38,1,0.05,3.1,0.594,True,Digital Wallet,Central,6.1,431.15
40,6.1,Fashion,47.69,3,0.436,4.2,0.397,True,Credit Card,Este,9.1,19.61
41,6.5,Electronics,130.38,0,0.002,6.9,0.286,False,Credit Card,Norte,6.8,5.0
53,3.9,Home & Living,45.67,0,0.022,6.6,0.547,False,Bank Transfer,Central,9.4,5.0
46,1.3,Fashion,63.02,5,0.238,6.1,0.087,False,Bank Transfer,Norte,9.4,286.98
41,0.5,Electronics,283.95,2,0.005,4.2,0.255,False,Credit Card,Sur,7.9,924.31
18,9.6,Home & Living,95.17,7,0.017,8.1,0.223,True,Credit Card,Sur,8.2,1157.39
26,3.1,Fashion,89.39,3,0.448,2.1,0.132,True,Credit Card,Oeste,8.7,31.26
36,1.2,Home & Living,56.02,4,0.017,5.0,0.829,False,Credit Card,Central,8.2,328.06
39,0.6,Home & Living,71.58,4,0.116,5.1,0.131,False,Digital Wallet,Norte,3.7,219.12
24,6.2,Home & Living,110.93,2,0.225,6.9,0.421,False,Bank Transfer,Sur,8.7,167.68
66,6.3,Electronics,164.83,3,0.143,2.3,0.172,False,Credit Card,Sur,2.4,255.2
56,5.9,Electronics,194.41,2,0.112,5.5,0.537,True,Bank Transfer,Central,8.5,537.77
45,3.6,Home & Living,114.44,5,0.003,3.1,0.224,False,Credit Card,Sur,7.5,1005.19
38,1.6,Fashion,17.28,5,0.097,8.6,0.426,True,Credit Card,Sur,5.8,130.52
35,1.3,Electronics,211.69,4,0.017,6.7,0.689,False,Bank Transfer,Central,7.7,1125.76
26,0.5,Home & Living,106.69,2,0.0,4.3,0.392,True,Digital Wallet,Central,6.2,301.37
38,6.3,Electronics,77.71,2,0.09,2.8,0.472,False,Digital Wallet,Norte,8.1,310.88
41,0.5,Fashion,24.74,6,0.382,7.1,0.653,True,Credit Card,Norte,9.0,52.87
23,3.5,Home & Living,39.29,2,0.237,5.9,0.084,False,Digital Wallet,Este,4.0,40.85
42,2.5,Home & Living,79.68,4,0.089,8.0,0.215,False,Bank Transfer,Sur,6.9,373.77
36,2.6,Electronics,49.95,1,0.047,6.9,0.787,True,Digital Wallet,Norte,4.5,66.48
18,9.1,Fashion,39.33,4,0.041,3.7,0.519,False,Digital Wallet,Norte,9.9,218.44
27,0.5,Fashion,120.72,5,0.435,3.5,0.188,False,Credit Card,Norte,8.8,48.03
33,5.2,Fashion,56.12,6,0.198,14.9,0.207,True,Credit Card,Norte,8.0,583.65
60,0.5,Electronics,200.64,2,0.067,3.6,0.213,True,Credit Card,Norte,8.8,644.49
44,0.5,Fashion,81.29,3,0.017,4.8,0.58,False,Credit Card,Norte,7.1,357.15
21,2.0,Fashion,114.82,5,0.431,2.3,0.076,False,Bank Transfer,Central,7.2,41.64
43,0.5,Fashion,78.13,6,0.187,1.4,0.095,False,Credit Card,Este,10.0,481.1
19,5.4,Home & Living,118.56,4,0.0,5.6,0.264,False,Bank Transfer,Central,5.6,624.99
50,2.6,Fashion,73.07,4,0.399,4.4,0.15,True,Digital Wallet,Oeste,3.4,42.71
32,0.5,Electronics,212.89,5,0.093,1.6,0.288,True,Credit Card,Central,9.4,1998.23
36,0.5,Fashion,17.03,4,0.414,7.0,0.239,False,Digital Wallet,Sur,9.0,8.45
53,3.3,Home & Living,79.73,2,0.009,4.1,0.219,True,Bank Transfer,Norte,3.7,146.55
22,5.7,Electronics,176.27,0,0.004,4.8,0.687,True,Credit Card,Oeste,7.5,5.0
21,2.0,Fashion,83.75,3,0.054,0.9,0.227,True,Bank Transfer,Sur,8.1,322.12
30,2.8,Electronics,268.12,1,0.019,3.0,0.455,True,Credit Card,Central,7.8,534.69
50,5.6,Electronics,286.0,5,0.157,8.5,0.587,True,Credit Card,Sur,8.1,2990.36
19,3.3,Home & Living,107.71,4,0.009,1.1,0.057,False,Bank Transfer,Central,8.0,473.1
18,0.9,Home & Living,137.33,6,0.002,3.6,0.442,False,Credit Card,Norte,7.7,987.74
32,3.3,Fashion,86.87,4,0.033,9.8,0.302,True,Credit Card,Este,7.5,784.28
44,3.5,Fashion,45.46,4,0.111,2.6,0.125,True,Bank Transfer,Central,7.4,267.07
52,4.6,Home & Living,95.86,2,0.278,1.7,0.341,False,Digital Wallet,Norte,7.7,125.95
32,3.4,Home & Living,81.3,5,0.245,3.6,0.041,False,Digital Wallet,Central,8.1,351.92
33,12.2,Fashion,41.64,3,0.041,8.3,0.547,False,Credit Card,Oeste,7.4,217.9
51,0.8,Fashion,56.04,4,0.121,6.8,0.472,False,Credit Card,Norte,7.5,254.7
18,10.6,Fashion,37.28,6,0.003,2.6,0.487,False,Credit Card,Oeste,8.1,387.15
33,2.7,Electronics,193.2,3,0.081,8.8,0.623,False,Digital Wallet,Central,8.0,853.87
40,3.9,Fashion,102.01,3,0.419,2.3,0.324,False,Credit Card,Norte,7.5,34.35
43,0.5,Home & Living,129.68,1,0.028,2.6,0.384,False,Digital Wallet,Sur,10.0,165.51
31,1.7,Home & Living,98.31,3,0.106,12.5,0.305,False,Digital Wallet,Central,7.2,396.47
38,5.1,Home & Living,95.85,6,0.011,1.4,0.356,True,Digital Wallet,Central,1.6,569.55
18,4.3,Electronics,242.93,5,0.071,3.4,0.201,False,Digital Wallet,Oeste,5.0,1048.4
30,0.5,Fashion,85.57,2,0.06,5.3,0.265,False,Credit Card,Sur,6.6,273.53
43,2.8,Electronics,157.42,3,0.225,2.0,0.22,False,Bank Transfer,Norte,5.0,386.09
26,0.5,Electronics,173.16,4,0.055,6.1,0.497,False,Bank Transfer,Sur,9.0,884.71
38,15.0,Home & Living,79.75,1,0.092,11.1,0.539,True,Credit Card,Norte,9.2,186.47
43,8.0,Fashion,15.0,6,0.032,5.6,0.296,True,Credit Card,Oeste,9.3,222.02
33,0.5,Home & Living,82.19,3,0.013,1.3,0.178,False,Credit Card,Norte,8.2,318.79
40,6.8,Electronics,149.28,1,0.002,2.1,0.351,False,Credit Card,Central,8.3,312.25
26,8.8,Fashion,73.06,5,0.092,4.7,0.403,True,Digital Wallet,Norte,8.4,681.58
35,1.5,Fashion,63.69,1,0.184,4.2,0.177,False,Digital Wallet,Este,6.9,71.71
45,4.4,Electronics,249.32,1,0.026,2.5,0.142,True,Credit Card,Norte,7.3,550.89
39,2.0,Electronics,138.13,1,0.07,4.2,0.316,True,Bank Transfer,Sur,6.8,167.97
30,3.7,Electronics,111.33,0,0.19,2.9,0.355,False,Credit Card,Central,7.1,5.0
40,1.5,Fashion,104.59,6,0.085,0.8,0.278,True,Digital Wallet,Norte,8.3,1236.96
46,1.4,Home & Living,107.33,4,0.049,5.3,0.101,True,Credit Card,Central,6.2,616.87
18,1.9,Home & Living,74.49,2,0.006,5.6,0.495,False,Credit Card,Central,8.3,202.09
51,0.6,Home & Living,74.21,2,0.006,15.0,0.54,False,Digital Wallet,Sur,1.1,82.63
33,6.2,Home & Living,40.02,4,0.226,5.2,0.373,False,Credit Card,Central,8.5,163.35
43,1.5,Home & Living,81.28,2,0.0,7.9,0.134,False,Bank Transfer,Norte,8.4,239.47
52,1.8,Fashion,88.26,3,0.016,6.0,0.048,False,Credit Card,Sur,3.6,245.37
21,7.9,Fashion,86.89,3,0.181,6.2,0.572,False,Bank Transfer,Central,8.1,272.43
29,2.4,Fashion,67.02,3,0.052,4.4,0.199,False,Credit Card,Central,7.5,317.07
34,2.8,Home & Living,96.93,1,0.0,10.4,0.313,False,Credit Card,Norte,8.6,177.88
28,11.0,Electronics,277.5,1,0.353,8.7,0.073,True,Credit Card,Norte,8.1,179.53
58,7.6,Electronics,148.35,1,0.109,3.1,0.108,True,Digital Wallet,Este,1.0,101.38
27,0.6,Home & Living,114.51,2,0.0,7.1,0.537,False,Bank Transfer,Este,2.0,145.45
31,2.2,Electronics,149.62,2,0.077,2.9,0.065,False,Digital Wallet,Central,7.4,412.15
40,12.4,Home & Living,103.26,4,0.053,3.7,0.187,True,Credit Card,Central,3.7,544.1
23,1.6,Fashion,78.29,5,0.237,1.7,0.359,True,Bank Transfer,Central,9.3,412.33
33,1.6,Electronics,85.16,2,0.003,9.1,0.071,False,Credit Card,Sur,9.5,319.75
41,0.8,Fashion,54.01,4,0.094,5.6,0.392,False,Credit Card,Central,3.3,173.83
34,0.5,Home & Living,50.54,1,0.003,2.9,0.225,False,Digital Wallet,Sur,8.1,69.9
36,4.7,Electronics,143.09,1,0.039,2.6,0.305,False,Credit Card,Central,9.1,279.57
31,5.1,Home & Living,40.9,4,0.358,1.9,0.672,False,Credit Card,Central,10.0,75.69
19,12.2,Home & Living,40.31,2,0.006,1.2,0.14,True,Credit Card,Este,8.1,141.15
41,5.2,Electronics,144.95,4,0.0,1.6,0.401,True,Digital Wallet,Norte,7.7,1157.34
59,1.0,Electronics,208.96,1,0.168,6.7,0.158,False,Credit Card,Sur,7.4,193.53
38,0.5,Electronics,95.15,1,0.113,3.6,0.133,False,Credit Card,Oeste,6.3,96.66
40,14.8,Electronics,229.87,2,0.035,2.9,0.117,True,Bank Transfer,Oeste,7.2,1000.67
46,1.5,Electronics,157.88,0,0.182,2.7,0.329,False,Credit Card,Norte,8.2,5.0
22,1.3,Fashion,57.93,2,0.031,6.2,0.459,True,Credit Card,Central,8.8,217.34
58,8.3,Fashion,102.97,3,0.105,3.3,0.218,True,Credit Card,Central,7.9,483.41
40,3.1,Home & Living,74.62,2,0.273,1.0,0.187,False,Credit Card,Sur,2.4,58.21
57,0.8,Electronics,135.34,4,0.04,1.4,0.224,False,Bank Transfer,Norte,8.1,548.07
29,7.7,Fashion,121.47,3,0.032,3.7,0.286,True,Bank Transfer,Norte,7.3,716.43
59,15.0,Fashion,29.07,10,0.492,5.4,0.488,True,Credit Card,Este,6.5,34.97
47,0.5,Home & Living,100.12,1,0.016,2.6,0.048,True,Digital Wallet,Este,2.8,79.75
44,6.9,Fashion,72.63,6,0.079,14.2,0.362,True,Bank Transfer,Sur,6.1,727.24
40,1.7,Fashion,51.27,0,0.6,9.3,0.12,True,Bank Transfer,Norte,9.2,5.0
35,2.6,Home & Living,109.33,2,0.089,6.7,0.876,True,Digital Wallet,Sur,7.9,345.32
52,8.6,Electronics,239.43,1,0.065,6.3,0.661,False,Credit Card,Norte,10.0,385.29
39,12.7,Electronics,222.83,2,0.051,1.9,0.475,True,Credit Card,Este,6.8,1089.77
18,1.1,Fashion,24.98,4,0.193,0.9,0.189,True,Bank Transfer,Central,8.6,76.26
24,0.8,Home & Living,119.43,5,0.096,7.1,0.367,False,Credit Card,Norte,7.6,775.65
35,0.5,Electronics,189.91,1,0.095,1.7,0.342,False,Digital Wallet,Este,10.0,252.57
41,2.9,Fashion,74.46,3,0.305,4.8,0.435,False,Bank Transfer,Sur,8.4,144.29
37,0.5,Fashion,74.55,10,0.071,3.3,0.206,False,Digital Wallet,Central,2.9,545.6
52,1.9,Home & Living,97.23,4,0.0,3.2,0.592,False,Credit Card,Central,9.3,502.31
18,0.5,Electronics,221.44,2,0.003,5.6,0.28,True,Digital Wallet,Sur,9.8,747.42
39,1.8,Electronics,199.87,1,0.219,5.1,0.412,True,Credit Card,Central,6.5,279.91
18,0.5,Fashion,33.67,4,0.436,6.0,0.368,False,Digital Wallet,Este,8.5,8.79
47,6.3,Fashion,43.56,1,0.113,1.4,0.674,False,Credit Card,Sur,8.1,75.68
36,0.8,Fashion,51.8,5,0.03,7.0,0.212,False,Credit Card,Central,8.8,320.98
43,1.4,Fashion,55.97,9,0.239,7.9,0.315,False,Credit Card,Este,7.0,419.1
27,7.1,Home & Living,119.04,2,0.326,4.8,0.225,True,Digital Wallet,Central,7.5,118.1
53,4.8,Home & Living,109.76,3,0.053,4.7,0.457,False,Credit Card,Central,6.4,483.9
50,0.9,Home & Living,149.43,4,0.011,1.9,0.36,True,Digital Wallet,Oeste,8.1,786.04
45,0.5,Fashion,110.65,8,0.031,7.2,0.829,True,Credit Card,Central,6.5,1633.52
36,4.4,Home & Living,90.18,5,0.003,2.9,0.402,False,Credit Card,Norte,7.4,831.32
44,1.7,Electronics,158.7,2,0.026,11.0,0.211,False,Credit Card,Norte,7.4,417.17
29,5.1,Fashion,86.78,3,0.043,4.0,0.275,False,Credit Card,Norte,8.0,432.3
48,2.1,Fashion,52.55,8,0.07,6.0,0.32,False,Credit Card,Central,7.4,582.32
57,1.5,Home & Living,63.83,3,0.0,6.6,0.088,False,Credit Card,Central,9.1,253.92
50,2.1,Fashion,62.43,3,0.147,4.2,0.242,False,Digital Wallet,Oeste,6.9,178.07
29,4.8,Home & Living,77.59,2,0.196,4.0,0.058,False,Credit Card,Norte,8.3,156.32
42,8.1,Home & Living,95.7,3,0.181,13.1,0.31,True,Bank Transfer,Norte,6.4,486.58
22,0.5,Fashion,56.29,3,0.124,8.1,0.194,False,Digital Wallet,Central,10.0,191.26
44,2.6,Home & Living,77.73,5,0.003,3.4,0.073,True,Credit Card,Central,9.3,809.83
43,0.5,Electronics,229.24,0,0.181,3.6,0.272,False,Bank Transfer,Este,7.5,5.0
18,2.2,Electronics,248.94,2,0.005,3.7,0.363,False,Credit Card,Oeste,6.3,648.36
24,7.6,Home & Living,55.06,5,0.0,2.1,0.591,False,Digital Wallet,Oeste,8.4,380.66
34,1.6,Fashion,75.25,2,0.094,4.2,0.004,False,Credit Card,Sur,5.9,148.75
34,9.4,Fashion,85.71,1,0.048,4.5,0.051,True,Digital Wallet,Sur,8.8,222.72
23,3.5,Fashion,51.26,6,0.534,5.2,0.504,True,Bank Transfer,Central,7.2,32.12
42,9.5,Electronics,271.7,2,0.123,2.0,0.237,False,Credit Card,Este,8.0,819.74
41,5.0,Fashion,67.2,3,0.181,5.6,0.128,False,Credit Card,Oeste,7.5,198.53
35,0.5,Fashion,101.8,2,0.36,12.3,0.464,False,Digital Wallet,Central,8.2,66.37
28,0.9,Electronics,180.52,2,0.049,0.9,0.21,False,Credit Card,Central,8.0,533.5
50,1.8,Electronics,160.76,2,0.001,7.0,0.47,False,Digital Wallet,Oeste,8.5,529.21
57,0.7,Fashion,91.65,4,0.395,5.5,0.123,False,Digital Wallet,Central,8.4,59.65
32,2.4,Fashion,20.38,6,0.186,5.1,0.29,False,Bank Transfer,Norte,5.8,127.35
30,2.2,Electronics,278.22,0,0.002,3.7,0.37,True,Digital Wallet,Norte,8.1,5.0
43,11.0,Fashion,84.98,4,0.089,13.2,0.334,False,Digital Wallet,Norte,7.5,657.98
33,2.0,Home & Living,53.12,1,0.003,5.1,0.149,True,Credit Card,Central,7.8,106.32
36,5.4,Fashion,100.0,7,0.409,3.0,0.402,True,Bank Transfer,Sur,7.5,146.94
46,10.0,Home & Living,104.59,1,0.278,7.8,0.602,False,Credit Card,Este,6.8,92.41
18,7.3,Home & Living,71.47,5,0.139,7.5,0.271,True,Credit Card,Central,5.9,583.86
53,0.8,Electronics,178.86,0,0.244,0.7,0.09,False,Credit Card,Sur,9.0,5.0
38,2.4,Electronics,203.23,2,0.011,2.2,0.507,False,Credit Card,Central,6.7,745.95
33,1.5,Fashion,46.84,5,0.029,6.1,0.248,True,Digital Wallet,Central,7.4,475.87
36,1.8,Fashion,47.47,4,0.266,17.4,0.057,False,Credit Card,Central,2.8,75.86
37,1.6,Fashion,54.02,7,0.104,11.0,0.669,False,Digital Wallet,Norte,6.8,716.19
18,6.1,Electronics,235.76,2,0.17,2.8,0.133,True,Digital Wallet,Norte,7.3,534.96
55,2.1,Fashion,75.86,6,0.265,2.3,0.325,True,Credit Card,Este,9.3,348.36
38,2.6,Electronics,198.05,1,0.37,3.4,0.409,True,Credit Card,Norte,6.4,90.89
43,14.1,Home & Living,98.43,4,0.188,8.8,0.497,True,Digital Wallet,Sur,8.3,764.63
49,0.5,Electronics,267.87,0,0.093,2.0,0.292,False,Credit Card,Central,8.5,5.0
25,2.3,Home & Living,121.31,4,0.004,2.3,0.155,True,Credit Card,Norte,7.4,922.87
43,5.2,Electronics,206.17,1,0.088,11.6,0.396,False,Credit Card,Norte,6.9,289.7
34,0.6,Electronics,109.75,1,0.003,1.2,0.461,True,Bank Transfer,Sur,2.0,80.66
48,3.3,Electronics,151.99,2,0.003,1.3,0.432,False,Digital Wallet,Norte,7.2,407.03
18,1.0,Home & Living,136.58,2,0.141,6.8,0.422,False,Credit Card,Central,5.3,228.47
36,7.1,Electronics,194.04,1,0.028,9.9,0.148,False,Credit Card,Central,3.3,246.11
30,1.4,Fashion,93.76,5,0.006,3.4,0.188,False,Credit Card,Sur,8.1,762.67
43,1.4,Home & Living,79.73,1,0.379,9.9,0.278,True,Credit Card,Este,7.8,28.32
43,3.2,Fashion,72.01,2,0.6,1.5,0.752,False,Bank Transfer,Central,2.5,5.6
29,0.7,Fashion,65.67,4,0.283,5.0,0.282,False,Credit Card,Central,2.9,99.3
29,1.2,Home & Living,88.9,3,0.094,3.3,0.488,False,Digital Wallet,Norte,8.0,303.38
36,1.9,Home & Living,95.96,2,0.076,0.6,0.193,False,Credit Card,Central,7.6,216.33
27,1.5,Fashion,41.21,6,0.253,1.1,0.284,False,Digital Wallet,Norte,8.6,155.57
48,2.6,Fashion,34.42,6,0.095,3.4,0.494,False,Credit Card,Central,5.3,278.73
33,3.2,Home & Living,121.44,3,0.0,5.8,0.331,False,Digital Wallet,Sur,8.8,695.11
18,2.9,Home & Living,61.96,5,0.425,6.0,0.418,False,Digital Wallet,Oeste,6.7,19.6
33,3.7,Fashion,83.99,5,0.161,4.6,0.501,False,Credit Card,Sur,6.8,585.81
25,1.3,Home & Living,87.79,1,0.024,4.0,0.191,False,Credit Card,Norte,7.9,119.12
18,0.5,Electronics,188.47,4,0.064,1.1,0.447,True,Credit Card,Este,5.9,1006.11
23,5.0,Fashion,90.08,6,0.388,5.1,0.092,False,Credit Card,Este,5.8,178.46
39,6.7,Electronics,204.41,3,0.032,7.2,0.5,True,Bank Transfer,Norte,5.0,610.64
53,1.0,Electronics,135.04,0,0.338,3.4,0.362,False,Credit Card,Este,3.3,5.0
41,1.8,Fashion,44.08,5,0.239,3.5,0.378,True,Credit Card,Sur,9.5,314.12
30,2.4,Fashion,78.3,5,0.026,3.5,0.523,False,Digital Wallet,Sur,6.2,656.63
43,2.7,Electronics,219.31,1,0.464,2.4,0.283,False,Digital Wallet,Norte,9.1,19.72
32,3.8,Fashion,47.43,2,0.075,4.5,0.309,False,Credit Card,Este,6.5,159.36
29,0.5,Fashion,41.04,6,0.143,7.6,0.22,False,Credit Card,Sur,5.6,267.76
24,4.5,Home & Living,116.46,2,0.056,2.3,0.262,False,Credit Card,Central,7.5,318.79
18,0.5,Home & Living,112.7,3,0.013,7.4,0.513,False,Digital Wallet,Norte,7.5,366.0
33,2.2,Fashion,100.3,7,0.312,1.5,0.691,True,Credit Card,Norte,8.5,663.55
39,6.2,Home & Living,134.8,1,0.003,5.2,0.156,True,Digital Wallet,Este,2.0,121.89
36,2.1,Electronics,200.36,0,0.144,3.2,0.196,False,Credit Card,Oeste,6.8,5.0
33,0.6,Fashion,51.29,5,0.109,10.1,0.052,True,Credit Card,Norte,2.5,183.1
26,14.7,Home & Living,71.31,3,0.001,10.5,0.21,True,Digital Wallet,Sur,7.8,433.17
45,7.7,Fashion,79.36,4,0.545,2.7,0.442,True,Digital Wallet,Este,7.1,37.08
22,5.2,Fashion,84.99,8,0.177,3.5,0.428,False,Digital Wallet,Este,6.9,759.11
47,1.9,Electronics,234.6,3,0.211,3.5,0.07,False,Digital Wallet,Norte,2.7,287.55
25,0.7,Electronics,136.65,0,0.257,3.4,0.115,False,Credit Card,Norte,2.0,5.0
28,9.9,Fashion,94.1,7,0.319,1.1,0.447,True,Credit Card,Central,8.2,718.09
20,2.7,Home & Living,126.04,5,0.05,3.5,0.436,True,Credit Card,Oeste,7.8,1012.37
31,6.7,Fashion,21.65,10,0.034,0.9,0.154,False,Digital Wallet,Central,7.2,353.4
49,1.5,Home & Living,96.67,4,0.019,6.2,0.156,True,Credit Card,Central,8.6,597.87
44,1.4,Home & Living,110.68,4,0.05,5.6,0.546,False,Credit Card,Norte,6.7,515.7
49,14.8,Electronics,96.93,0,0.015,8.3,0.084,False,Digital Wallet,Norte,9.0,5.0
44,2.6,Fashion,63.37,5,0.077,3.1,0.26,True,Digital Wallet,Sur,6.8,537.37
24,0.5,Fashion,63.86,11,0.077,3.2,0.379,False,Bank Transfer,Oeste,1.9,387.6
34,0.9,Fashion,60.84,8,0.205,10.0,0.586,False,Credit Card,Central,5.7,434.45
28,2.3,Electronics,239.67,2,0.049,4.6,0.426,True,Digital Wallet,Norte,9.2,931.81
53,0.5,Home & Living,102.58,1,0.301,4.7,0.2,False,Credit Card,Norte,8.5,47.07
23,2.2,Home & Living,126.81,5,0.2,1.7,0.294,False,Digital Wallet,Norte,7.0,510.15
48,1.9,Fashion,59.52,5,0.414,11.6,0.346,True,Digital Wallet,Central,4.3,27.84
48,5.3,Fashion,74.26,5,0.057,1.3,0.197,True,Credit Card,Oeste,7.3,596.96
59,1.5,Electronics,143.24,2,0.112,2.6,0.331,False,Credit Card,Central,3.6,154.63
33,14.2,Fashion,83.59,5,0.259,6.6,0.711,True,Credit Card,Este,7.3,635.71
46,0.7,Home & Living,89.73,3,0.1,4.0,0.537,False,Bank Transfer,Norte,3.4,143.12
65,3.1,Home & Living,67.96,2,0.015,3.8,0.398,False,Credit Card,Central,6.0,160.66
30,0.5,Electronics,35.43,7,0.121,7.9,0.069,False,Digital Wallet,Central,3.0,149.56
19,4.6,Fashion,98.71,3,0.108,8.5,0.5,False,Credit Card,Norte,6.2,424.35
18,15.0,Fashion,122.68,5,0.008,2.0,0.086,True,Digital Wallet,Norte,3.1,666.65
46,6.0,Electronics,182.77,1,0.076,1.7,0.62,False,Digital Wallet,Central,7.8,276.19
18,2.8,Electronics,221.36,2,0.057,3.5,0.277,True,Credit Card,Central,9.9,781.85
33,2.3,Fashion,93.79,4,0.082,6.9,0.295,False,Credit Card,Este,7.0,614.5
43,6.3,Fashion,39.18,8,0.238,5.3,0.505,False,Digital Wallet,Norte,8.6,362.97
40,9.6,Electronics,163.37,2,0.153,2.9,0.42,True,Credit Card,Oeste,8.6,543.29
43,15.0,Electronics,307.88,0,0.024,14.5,0.188,True,Bank Transfer,Norte,4.8,5.0
40,1.8,Electronics,264.42,1,0.026,7.5,0.305,False,Digital Wallet,Norte,2.9,217.32
53,15.0,Electronics,207.25,2,0.168,9.8,0.148,False,Digital Wallet,Norte,10.0,623.02
26,0.6,Fashion,79.13,5,0.019,8.3,0.487,False,Digital Wallet,Este,9.1,592.14
29,1.0,Electronics,209.6,1,0.04,3.1,0.388,False,Credit Card,Central,8.8,314.42
28,0.5,Electronics,225.48,0,0.045,11.5,0.124,False,Digital Wallet,Sur,7.3,5.0
47,1.1,Home & Living,96.83,2,0.054,8.3,0.521,False,Credit Card,Sur,8.4,262.72
48,5.1,Electronics,138.67,2,0.018,5.7,0.156,True,Digital Wallet,Este,7.3,606.38
43,6.7,Fashion,38.68,4,0.098,1.7,0.265,False,Credit Card,Norte,9.2,236.95
52,5.3,Home & Living,100.13,2,0.103,3.7,0.477,False,Bank Transfer,Este,3.5,107.6
23,3.5,Fashion,60.23,6,0.583,4.7,0.389,False,Credit Card,Sur,9.2,30.33
58,2.5,Fashion,58.63,6,0.093,7.5,0.306,False,Digital Wallet,Sur,8.9,456.35
56,4.3,Fashion,48.7,4,0.091,2.8,0.39,True,Credit Card,Norte,7.2,318.68
46,1.7,Electronics,256.13,5,0.024,1.8,0.082,False,Credit Card,Oeste,3.6,763.04
59,6.4,Fashion,67.05,3,0.202,7.9,0.393,True,Credit Card,Sur,9.5,284.74
18,4.0,Fashion,64.49,4,0.009,1.2,0.248,True,Digital Wallet,Central,3.9,291.06
31,4.2,Electronics,113.98,2,0.268,6.4,0.134,False,Bank Transfer,Norte,7.7,225.54
29,2.7,Fashion,67.55,5,0.309,4.0,0.069,False,Bank Transfer,Sur,8.1,166.52
46,7.6,Home & Living,138.94,5,0.014,9.5,0.597,True,Digital Wallet,Norte,7.2,1418.91
25,1.0,Electronics,155.37,3,0.024,9.6,0.556,False,Digital Wallet,Este,1.1,234.57
47,1.7,Fashion,84.34,2,0.028,1.7,0.172,True,Credit Card,Central,2.6,152.01
54,5.3,Fashion,67.62,5,0.59,2.8,0.25,True,Credit Card,Sur,8.1,30.59
46,2.4,Home & Living,132.63,5,0.004,3.1,0.502,True,Credit Card,Central,6.1,1132.05
41,7.7,Home & Living,18.37,4,0.072,2.1,0.536,False,Bank Transfer,Este,6.5,108.87
26,1.5,Home & Living,111.24,0,0.0,3.8,0.231,True,Credit Card,Central,7.6,5.0
27,1.6,Fashion,56.44,5,0.0,5.3,0.309,False,Digital Wallet,Norte,9.5,446.54
52,7.7,Electronics,189.51,1,0.051,5.8,0.22,True,Credit Card,Oeste,8.6,390.02
47,2.2,Electronics,145.27,3,0.004,3.2,0.084,False,Credit Card,Sur,4.0,316.83
37,2.5,Fashion,74.13,6,0.046,3.6,0.385,False,Credit Card,Central,5.8,627.85
32,1.4,Fashion,118.28,5,0.107,5.6,0.339,False,Digital Wallet,Norte,5.0,598.29
18,1.1,Home & Living,87.24,2,0.014,5.2,0.291,True,Credit Card,Este,5.6,284.68
25,3.7,Fashion,83.91,5,0.229,2.7,0.473,True,Bank Transfer,Central,2.9,304.39
60,0.5,Fashion,81.23,5,0.238,5.0,0.356,False,Bank Transfer,Norte,9.0,250.77
22,7.4,Fashion,43.44,4,0.444,4.9,0.203,True,Credit Card,Norte,8.7,19.64
40,5.3,Electronics,118.86,2,0.003,7.9,0.234,False,Digital Wallet,Norte,8.4,400.43
50,0.7,Fashion,73.63,7,0.309,4.1,0.668,True,Credit Card,Central,6.3,339.18
22,4.1,Fashion,73.84,7,0.216,1.4,0.192,True,Bank Transfer,Central,9.3,532.14
40,3.2,Home & Living,114.16,4,0.011,5.8,0.41,True,Credit Card,Central,9.5,875.38
49,0.7,Fashion,58.3,5,0.223,2.2,0.244,False,Digital Wallet,Norte,8.5,202.23
38,1.1,Home & Living,106.19,5,0.191,5.7,0.227,False,Credit Card,Central,4.9,384.6
72,1.8,Fashion,77.21,2,0.245,1.8,0.219,False,Digital Wallet,Oeste,10.0,101.25
18,4.2,Electronics,153.0,2,0.099,2.1,0.546,False,Credit Card,Norte,6.1,376.08
50,3.6,Electronics,229.25,1,0.195,5.2,0.057,False,Credit Card,Norte,6.8,159.23
35,2.7,Electronics,97.14,3,0.019,4.7,0.457,True,Digital Wallet,Oeste,8.6,602.32
47,5.1,Fashion,18.47,4,0.492,12.1,0.425,True,Digital Wallet,Central,7.2,8.31
43,5.0,Electronics,156.53,1,0.061,14.6,0.18,False,Digital Wallet,Central,3.5,149.32
29,3.4,Fashion,61.72,5,0.034,4.6,0.188,False,Credit Card,Norte,6.7,537.73
40,5.4,Home & Living,95.93,2,0.1,3.4,0.65,False,Credit Card,Este,9.8,348.31
18,1.4,Fashion,73.61,2,0.039,1.9,0.339,False,Credit Card,Norte,6.4,178.93
45,7.5,Home & Living,96.34,4,0.0,2.4,0.236,True,Credit Card,Norte,3.4,442.87
41,3.3,Electronics,177.36,0,0.146,3.6,0.545,False,Credit Card,Oeste,7.4,5.0
45,6.0,Fashion,86.66,5,0.6,9.2,0.285,False,Digital Wallet,Norte,6.3,39.08
50,2.8,Electronics,248.46,1,0.046,12.0,0.372,False,Credit Card,Este,10.0,452.21
42,0.9,Home & Living,86.26,3,0.04,10.8,0.63,True,Bank Transfer,Sur,7.3,447.37
39,2.7,Electronics,283.84,0,0.042,3.3,0.483,False,Digital Wallet,Oeste,3.4,5.0
27,1.6,Fashion,90.37,5,0.6,6.0,0.445,True,Credit Card,Norte,9.6,47.02
29,4.2,Fashion,63.14,4,0.018,2.5,0.494,True,Digital Wallet,Este,7.7,428.09
52,2.3,Fashion,64.5,7,0.6,10.9,0.236,False,Credit Card,Norte,7.9,38.49
55,6.3,Home & Living,127.03,4,0.141,1.1,0.296,True,Credit Card,Sur,9.7,748.03
35,4.0,Electronics,104.46,1,0.047,7.5,0.201,False,Credit Card,Central,8.2,181.23
38,4.0,Fashion,119.09,5,0.222,6.2,0.618,False,Credit Card,Norte,7.4,801.03
27,0.9,Home & Living,24.09,3,0.17,4.5,0.489,False,Credit Card,Norte,5.0,67.03
52,14.5,Fashion,59.23,7,0.285,10.7,0.532,False,Credit Card,Este,7.6,378.81
45,6.5,Fashion,85.22,3,0.045,2.6,0.615,False,Digital Wallet,Central,7.6,392.7
61,5.4,Electronics,112.75,3,0.137,2.6,0.05,True,Digital Wallet,Central,7.9,494.14
27,1.4,Home & Living,88.84,8,0.003,0.5,0.181,True,Digital Wallet,Norte,7.6,1022.84
33,2.7,Home & Living,82.48,5,0.056,3.2,0.329,False,Digital Wallet,Central,8.7,710.63
40,0.5,Fashion,136.83,6,0.044,5.8,0.31,False,Digital Wallet,Oeste,9.7,1182.54
45,2.7,Home & Living,86.63,5,0.024,2.4,0.358,False,Digital Wallet,Sur,6.2,795.92
35,0.6,Fashion,90.11,3,0.111,4.8,0.224,False,Digital Wallet,Central,7.4,359.27
27,2.8,Electronics,167.62,1,0.101,5.2,0.48,False,Credit Card,Oeste,8.1,227.57
48,3.7,Electronics,144.26,3,0.091,5.3,0.128,True,Digital Wallet,Central,2.6,288.95
46,1.7,Fashion,74.69,3,0.6,10.1,0.174,False,Credit Card,Norte,7.7,18.02
27,2.4,Fashion,102.97,4,0.018,6.0,0.081,True,Bank Transfer,Este,7.7,891.96
54,7.3,Home & Living,127.02,3,0.442,4.9,0.045,False,Digital Wallet,Este,3.3,16.02
52,0.5,Fashion,85.19,2,0.228,10.8,0.324,False,Bank Transfer,Norte,7.7,141.95
39,5.5,Home & Living,102.58,8,0.0,11.7,0.451,False,Digital Wallet,Central,7.1,1768.27
38,0.7,Fashion,33.02,1,0.091,2.0,0.227,True,Bank Transfer,Este,9.3,58.78
44,0.5,Fashion,32.15,4,0.35,10.8,0.315,False,Credit Card,Sur,7.4,46.05
27,0.7,Electronics,244.41,2,0.264,6.3,0.37,False,Bank Transfer,Central,8.4,276.42
38,5.1,Fashion,96.87,4,0.077,7.7,0.172,False,Credit Card,Central,6.7,718.63
18,1.8,Home & Living,64.76,0,0.001,2.7,0.352,False,Bank Transfer,Norte,8.9,5.0
48,7.2,Electronics,222.12,0,0.001,1.4,0.065,False,Credit Card,Central,7.5,5.0
19,2.6,Home & Living,70.24,6,0.006,6.3,0.285,True,Bank Transfer,Central,7.8,449.65
56,0.5,Home & Living,104.73,3,0.0,4.7,0.393,True,Digital Wallet,Este,5.9,383.86
34,4.4,Fashion,54.63,5,0.096,4.5,0.518,False,Digital Wallet,Central,7.2,431.98
35,0.5,Electronics,156.05,0,0.337,9.8,0.286,False,Credit Card,Central,7.9,5.0
30,5.5,Electronics,115.43,3,0.213,3.2,0.402,False,Credit Card,Sur,10.0,413.52
34,0.6,Electronics,207.14,2,0.007,2.0,0.129,True,Digital Wallet,Oeste,9.5,568.52
55,1.5,Electronics,169.49,0,0.027,3.5,0.176,False,Credit Card,Sur,7.5,5.0
18,5.0,Fashion,96.64,5,0.6,6.8,0.212,False,Credit Card,Oeste,3.9,24.84
53,10.8,Electronics,325.36,1,0.104,5.3,0.309,True,Credit Card,Este,2.6,255.6
42,1.6,Fashion,109.95,9,0.525,2.2,0.357,True,Credit Card,Central,3.3,63.38
23,6.2,Fashion,78.13,5,0.314,2.4,0.518,False,Credit Card,Sur,7.6,247.74
25,0.7,Electronics,301.12,1,0.086,1.3,0.278,True,Bank Transfer,Central,8.0,359.21
58,5.8,Fashion,108.18,2,0.074,5.5,0.17,False,Credit Card,Norte,7.4,352.07
26,3.8,Home & Living,59.56,2,0.04,6.8,0.075,False,Credit Card,Central,8.2,221.51
24,0.7,Fashion,89.28,2,0.043,5.4,0.109,False,Credit Card,Sur,7.1,241.37
51,1.3,Fashion,64.83,4,0.071,8.5,0.134,False,Credit Card,Sur,8.0,308.79
42,0.5,Home & Living,157.29,3,0.008,3.2,0.19,True,Digital Wallet,Sur,7.3,847.17
26,1.7,Fashion,77.26,4,0.215,8.9,0.296,False,Digital Wallet,Este,8.1,283.32
40,0.8,Home & Living,116.6,6,0.003,6.4,0.36,True,Digital Wallet,Central,5.0,1247.53
25,3.6,Electronics,185.44,2,0.055,6.1,0.064,False,Digital Wallet,Sur,5.0,414.31
51,15.0,Home & Living,22.34,4,0.0,3.4,0.66,True,Credit Card,Sur,9.2,199.78
50,0.5,Electronics,195.37,2,0.306,5.6,0.063,False,Credit Card,Este,7.1,168.82
44,2.7,Home & Living,58.4,2,0.015,5.7,0.571,True,Bank Transfer,Norte,6.1,175.48
42,3.0,Electronics,288.07,2,0.001,9.0,0.073,True,Bank Transfer,Norte,5.0,841.83
59,8.6,Home & Living,40.42,3,0.015,5.1,0.366,True,Credit Card,Central,6.4,193.81
37,2.5,Home & Living,82.38,4,0.115,3.0,0.427,False,Credit Card,Central,9.0,468.03
23,2.7,Electronics,191.7,1,0.001,8.0,0.122,False,Credit Card,Oeste,7.7,344.09
43,2.2,Home & Living,65.42,1,0.015,5.7,0.286,True,Credit Card,Central,7.1,135.73
63,1.1,Electronics,146.39,1,0.236,6.6,0.682,False,Bank Transfer,Sur,6.3,75.77
25,0.5,Electronics,269.06,1,0.024,5.0,0.255,True,Credit Card,Sur,8.1,367.37
33,1.8,Fashion,92.24,4,0.12,6.0,0.287,False,Bank Transfer,Este,8.4,450.62
42,0.5,Home & Living,110.07,7,0.2,4.6,0.432,False,Credit Card,Sur,6.7,913.87
37,2.8,Fashion,92.71,3,0.003,3.6,0.434,False,Digital Wallet,Central,9.7,514.12
26,1.3,Fashion,58.25,5,0.036,3.7,0.157,False,Digital Wallet,Norte,6.7,374.08
51,2.7,Fashion,73.04,3,0.312,0.6,0.219,True,Digital Wallet,Este,7.0,149.8
65,0.5,Home & Living,45.51,3,0.014,4.5,0.664,False,Credit Card,Sur,9.7,190.44
40,9.4,Home & Living,116.0,5,0.006,7.4,0.193,True,Digital Wallet,Sur,7.7,1394.96
27,7.9,Electronics,190.51,3,0.007,3.1,0.398,False,Credit Card,Central,4.1,788.48
19,0.7,Electronics,310.75,1,0.258,5.6,0.594,False,Credit Card,Norte,8.1,217.79
41,1.5,Electronics,197.52,4,0.001,5.2,0.223,False,Bank Transfer,Central,7.9,1178.6
51,3.3,Fashion,90.22,6,0.125,3.1,0.167,False,Credit Card,Norte,2.8,354.73
43,0.5,Electronics,176.53,2,0.0,1.5,0.073,False,Bank Transfer,Central,6.6,416.93
37,1.5,Electronics,106.19,0,0.034,2.0,0.176,False,Credit Card,Central,7.6,5.0
30,1.0,Home & Living,143.94,2,0.024,5.6,0.551,False,Digital Wallet,Norte,4.2,273.44
24,8.6,Electronics,185.66,1,0.148,3.1,0.283,True,Credit Card,Sur,8.0,268.37
48,6.7,Fashion,72.57,3,0.337,3.3,0.546,False,Credit Card,Sur,7.7,120.01
48,3.0,Fashion,76.32,4,0.487,3.4,0.371,True,Credit Card,Central,7.7,26.77
19,2.6,Electronics,153.51,1,0.001,3.6,0.288,False,Credit Card,Norte,7.8,209.01
57,9.3,Fashion,137.01,6,0.142,3.3,0.086,False,Digital Wallet,Sur,8.2,827.98
44,9.4,Fashion,78.92,2,0.306,2.8,0.36,False,Digital Wallet,Central,8.7,138.22
54,12.2,Home & Living,113.13,2,0.371,2.7,0.456,True,Bank Transfer,Norte,7.2,81.57
21,0.5,Electronics,195.91,0,0.013,4.7,0.357,True,Digital Wallet,Sur,7.5,5.0
21,0.6,Fashion,96.13,5,0.313,13.5,0.378,False,Credit Card,Central,1.6,128.65
36,4.0,Home & Living,88.65,2,0.127,6.7,0.34,False,Digital Wallet,Norte,8.9,267.67
44,2.7,Home & Living,97.92,1,0.002,3.2,0.547,True,Credit Card,Central,6.4,222.51
59,0.5,Home & Living,102.89,1,0.0,10.3,0.35,False,Digital Wallet,Este,9.1,130.49
46,0.5,Home & Living,66.07,5,0.028,6.5,0.16,True,Credit Card,Central,2.2,274.42
35,7.7,Home & Living,89.98,6,0.463,1.1,0.186,True,Digital Wallet,Este,10.0,62.8
25,7.1,Fashion,54.79,1,0.32,3.5,0.312,False,Credit Card,Norte,6.4,34.5
52,1.5,Home & Living,59.16,6,0.305,0.9,0.682,True,Bank Transfer,Central,8.3,193.41
26,7.8,Fashion,59.1,4,0.098,8.1,0.263,True,Credit Card,Este,8.2,457.12
57,3.2,Electronics,93.59,0,0.063,3.7,0.616,False,Digital Wallet,Oeste,10.0,5.0
34,5.7,Electronics,139.03,2,0.186,1.2,0.285,False,Digital Wallet,Oeste,2.8,178.9
57,2.0,Electronics,291.02,2,0.004,4.9,0.337,False,Digital Wallet,Central,8.3,686.26
46,0.5,Electronics,97.04,6,0.069,2.2,0.464,False,Digital Wallet,Este,9.3,743.13
36,2.0,Electronics,166.18,1,0.119,6.6,0.317,True,Bank Transfer,Central,3.9,192.15
31,2.1,Electronics,179.1,2,0.218,4.1,0.313,True,Digital Wallet,Central,6.9,386.74
33,2.8,Home & Living,52.42,4,0.135,2.2,0.574,False,Digital Wallet,Norte,7.2,213.95
43,0.5,Home & Living,115.63,4,0.107,6.8,0.239,True,Digital Wallet,Central,8.2,614.19
38,15.0,Fashion,81.8,2,0.271,2.3,0.04,True,Credit Card,Central,9.2,217.69
30,1.0,Home & Living,90.4,3,0.017,3.0,0.129,True,Credit Card,Central,2.8,270.74
36,0.8,Electronics,185.36,3,0.128,7.6,0.424,False,Credit Card,Sur,7.3,635.23
38,2.6,Home & Living,66.07,2,0.004,2.0,0.419,True,Credit Card,Sur,10.0,270.64
18,2.7,Fashion,68.24,8,0.01,6.2,0.32,False,Bank Transfer,Norte,6.3,610.6
43,2.0,Electronics,225.91,1,0.098,5.8,0.114,True,Credit Card,Central,6.7,424.29
26,5.2,Electronics,167.04,1,0.024,5.5,0.434,True,Credit Card,Central,8.0,308.88
24,2.5,Electronics,206.05,2,0.052,4.9,0.384,False,Digital Wallet,Sur,7.2,590.55
18,3.3,Electronics,207.88,2,0.084,3.9,0.428,False,Credit Card,Oeste,9.0,513.79
18,4.5,Electronics,249.85,1,0.018,10.6,0.267,True,Digital Wallet,Norte,10.0,511.55
21,0.5,Electronics,113.55,0,0.065,2.0,0.074,False,Credit Card,Norte,8.1,5.0
29,3.0,Electronics,230.55,2,0.053,5.3,0.178,True,Credit Card,Este,9.9,806.58
61,7.5,Electronics,180.91,4,0.167,5.5,0.172,False,Bank Transfer,Sur,6.3,733.14
31,0.5,Home & Living,96.42,3,0.147,6.3,0.378,True,Digital Wallet,Oeste,8.6,369.13
40,1.8,Electronics,116.79,0,0.085,7.1,0.27,False,Credit Card,Central,3.5,5.0
42,9.1,Electronics,213.36,2,0.072,4.3,0.204,True,Bank Transfer,Central,7.3,827.5
39,1.5,Fashion,77.57,3,0.016,5.2,0.478,False,Credit Card,Oeste,9.0,514.8
37,2.1,Home & Living,130.27,5,0.014,5.7,0.394,True,Credit Card,Este,6.8,810.03
23,14.0,Fashion,91.24,3,0.083,9.0,0.376,True,Digital Wallet,Sur,9.6,636.81
55,0.8,Home & Living,25.15,2,0.0,8.0,0.276,False,Credit Card,Central,8.5,71.62
59,0.5,Electronics,256.53,4,0.007,9.0,0.558,False,Credit Card,Sur,6.2,1577.51
18,6.9,Electronics,140.45,5,0.063,5.2,0.294,True,Credit Card,Central,9.7,1183.37
25,7.1,Electronics,221.95,2,0.029,5.6,0.382,False,Credit Card,Norte,7.2,656.33
34,2.2,Fashion,86.81,4,0.147,1.4,0.063,True,Credit Card,Sur,7.5,407.32
26,2.5,Fashion,80.0,3,0.086,4.1,0.191,False,Credit Card,Este,7.6,302.73
44,6.3,Fashion,41.37,7,0.6,2.1,0.443,False,Credit Card,Este,5.3,25.45
29,4.7,Electronics,146.57,2,0.012,11.8,0.41,True,Credit Card,Sur,3.6,509.54
63,1.1,Fashion,121.35,5,0.157,7.9,0.405,True,Credit Card,Oeste,8.2,894.95
52,0.5,Electronics,235.86,1,0.303,5.0,0.112,False,Credit Card,Norte,5.9,127.58
40,2.3,Fashion,78.43,7,0.033,1.1,0.6,False,Bank Transfer,Norte,7.6,922.09
50,6.9,Fashion,114.0,5,0.064,7.0,0.221,True,Digital Wallet,Oeste,8.7,773.98
51,7.9,Fashion,56.36,8,0.013,7.0,0.299,True,Credit Card,Norte,8.2,912.64
31,11.0,Electronics,171.39,2,0.281,11.5,0.217,True,Digital Wallet,Central,3.6,229.6
28,7.4,Home & Living,104.46,1,0.072,2.7,0.381,False,Bank Transfer,Central,3.0,88.58
38,3.0,Fashion,102.16,3,0.025,5.3,0.295,True,Credit Card,Sur,10.0,676.89
48,2.1,Electronics,200.23,2,0.034,16.3,0.614,False,Digital Wallet,Oeste,8.4,545.65
39,5.2,Home & Living,119.47,4,0.314,6.4,0.071,True,Bank Transfer,Central,8.4,327.18
19,4.7,Fashion,68.35,3,0.486,3.8,0.138,True,Credit Card,Central,7.6,19.53
28,2.7,Fashion,99.45,8,0.179,5.5,0.427,True,Bank Transfer,Oeste,7.9,1137.41
37,0.5,Electronics,79.34,2,0.335,6.2,0.635,True,Credit Card,Norte,2.9,49.76
37,9.1,Fashion,63.95,3,0.352,5.4,0.554,False,Digital Wallet,Sur,7.4,99.19
61,2.1,Electronics,210.21,1,0.399,1.8,0.46,False,Bank Transfer,Norte,2.9,15.67
21,1.6,Fashion,67.3,0,0.258,10.7,0.226,False,Digital Wallet,Central,8.0,5.0
44,3.5,Fashion,78.37,6,0.036,6.8,0.238,True,Credit Card,Norte,3.2,447.78
55,3.9,Fashion,23.97,4,0.037,6.0,0.314,True,Credit Card,Sur,7.1,162.45
65,0.8,Electronics,241.62,2,0.275,4.5,0.371,True,Credit Card,Sur,6.7,370.65
33,6.3,Home & Living,70.16,2,0.147,1.3,0.65,False,Credit Card,Sur,8.6,175.66
43,1.2,Electronics,181.85,0,0.007,5.5,0.268,False,Digital Wallet,Sur,9.4,5.0
44,0.7,Fashion,42.44,1,0.188,4.5,0.127,True,Credit Card,Sur,1.9,27.7
40,1.8,Home & Living,102.59,2,0.07,8.1,0.593,False,Credit Card,Central,7.0,322.15
36,4.6,Fashion,87.89,7,0.286,2.1,0.303,True,Credit Card,Norte,7.0,669.69
43,11.8,Electronics,203.29,1,0.104,4.4,0.246,False,Credit Card,Sur,6.7,302.66
18,5.8,Fashion,78.46,6,0.119,5.6,0.349,True,Credit Card,Central,7.2,723.52
46,9.9,Electronics,215.88,1,0.004,4.8,0.268,True,Digital Wallet,Central,7.6,488.48
39,0.5,Fashion,71.19,4,0.008,7.5,0.39,True,Digital Wallet,Norte,10.0,510.78
35,0.5,Electronics,174.44,2,0.171,6.4,0.262,True,Credit Card,Norte,7.6,433.75
62,2.9,Fashion,54.79,5,0.024,12.1,0.483,False,Digital Wallet,Este,3.9,248.37
29,1.2,Fashion,93.56,11,0.005,5.2,0.613,True,Credit Card,Sur,6.6,2080.73
33,6.2,Electronics,223.37,1,0.245,4.1,0.628,False,Credit Card,Central,9.5,279.01
61,3.9,Electronics,183.46,5,0.002,1.2,0.387,False,Credit Card,Central,3.6,827.47
28,12.4,Electronics,241.61,5,0.171,3.8,0.285,True,Credit Card,Oeste,2.3,1052.81
31,1.0,Fashion,38.68,3,0.015,5.0,0.589,True,Digital Wallet,Este,8.5,255.0
36,2.3,Fashion,109.05,7,0.274,6.7,0.426,True,Credit Card,Norte,8.1,785.28
48,2.4,Fashion,72.72,4,0.053,4.7,0.204,False,Credit Card,Oeste,9.9,420.08
40,1.0,Home & Living,129.32,3,0.005,4.6,0.367,False,Bank Transfer,Oeste,4.5,323.16
22,3.1,Electronics,166.43,0,0.386,5.0,0.073,True,Digital Wallet,Central,9.2,5.0
31,2.0,Home & Living,96.2,2,0.06,8.1,0.372,False,Credit Card,Norte,8.5,269.07
30,2.1,Electronics,242.66,2,0.033,7.0,0.194,True,Digital Wallet,Norte,6.8,777.86
37,1.6,Electronics,179.65,2,0.049,5.3,0.477,False,Bank Transfer,Central,6.2,443.27
43,0.5,Fashion,93.94,6,0.543,2.8,0.345,False,Credit Card,Sur,6.9,49.86
43,2.6,Home & Living,77.75,3,0.105,8.2,0.4,False,Credit Card,Central,3.8,165.72
18,1.4,Fashion,87.53,8,0.021,3.6,0.035,False,Credit Card,Norte,8.9,1128.83
50,0.5,Fashion,54.96,7,0.137,2.5,0.222,False,Bank Transfer,Este,6.9,336.95
41,1.3,Home & Living,71.18,0,0.245,8.7,0.46,True,Bank Transfer,Norte,6.4,5.0
54,1.1,Home & Living,113.64,3,0.179,4.7,0.295,False,Credit Card,Central,8.1,301.71
43,1.7,Electronics,324.45,0,0.125,2.3,0.234,False,Digital Wallet,Sur,8.8,5.0
51,0.5,Home & Living,111.91,4,0.0,9.4,0.806,False,Credit Card,Sur,8.1,547.48
43,2.5,Home & Living,40.7,4,0.142,2.8,0.159,False,Credit Card,Sur,7.5,175.51
54,4.1,Fashion,69.0,3,0.325,3.2,0.274,False,Credit Card,Este,7.1,89.47
44,3.5,Home & Living,95.54,3,0.004,14.5,0.342,False,Credit Card,Central,2.0,225.88
36,5.7,Home & Living,51.96,2,0.0,7.4,0.218,False,Bank Transfer,Central,8.0,177.29
65,2.1,Fashion,52.79,3,0.012,3.9,0.562,False,Bank Transfer,Oeste,6.2,197.55
48,2.6,Electronics,133.08,3,0.214,3.6,0.489,False,Credit Card,Norte,4.3,199.79
44,5.8,Fashion,78.88,2,0.145,2.7,0.181,False,Credit Card,Central,7.9,216.91
22,2.0,Electronics,207.2,2,0.301,3.8,0.616,True,Bank Transfer,Central,9.0,332.03
22,4.2,Electronics,164.77,1,0.066,6.4,0.371,True,Digital Wallet,Norte,8.2,290.7
41,2.0,Fashion,47.14,3,0.044,10.0,0.354,True,Credit Card,Norte,7.0,305.69
39,1.9,Electronics,229.68,3,0.027,4.8,0.678,False,Digital Wallet,Norte,7.7,1092.81
30,5.0,Fashion,24.79,5,0.136,3.2,0.289,False,Credit Card,Central,8.5,192.23
39,0.7,Home & Living,97.96,3,0.067,1.8,0.228,True,Credit Card,Central,9.0,510.77
57,1.4,Fashion,66.53,3,0.327,5.9,0.332,False,Digital Wallet,Sur,3.9,48.91
46,0.9,Home & Living,113.41,4,0.078,4.2,0.286,True,Bank Transfer,Norte,7.2,598.95
24,1.6,Electronics,128.47,0,0.004,2.3,0.153,False,Digital Wallet,Este,8.2,5.0
36,0.9,Home & Living,98.97,3,0.133,6.7,0.168,True,Credit Card,Norte,7.7,395.77
28,3.0,Home & Living,80.3,3,0.023,4.7,0.487,False,Bank Transfer,Norte,10.0,401.63
33,5.6,Electronics,134.74,1,0.268,6.3,0.367,True,Credit Card,Oeste,6.8,141.29
33,5.4,Electronics,251.14,1,0.05,13.2,0.188,False,Digital Wallet,Central,7.5,428.82
32,1.6,Electronics,126.42,2,0.04,6.8,0.711,False,Credit Card,Sur,4.5,249.08
22,15.0,Home & Living,106.99,5,0.252,8.9,0.151,True,Digital Wallet,Este,6.2,580.6
36,3.2,Home & Living,90.02,1,0.001,5.4,0.456,True,Credit Card,Sur,9.3,233.95
31,1.8,Electronics,220.91,1,0.264,4.0,0.687,True,Digital Wallet,Norte,5.9,209.81
18,6.3,Fashion,44.69,3,0.007,2.9,0.105,False,Credit Card,Oeste,5.0,165.37
62,4.6,Electronics,81.0,1,0.151,6.1,0.444,True,Digital Wallet,Norte,8.9,96.34
51,4.8,Fashion,107.62,6,0.021,4.2,0.196,True,Credit Card,Norte,7.4,1071.87
33,0.8,Home & Living,58.17,4,0.03,7.0,0.337,True,Bank Transfer,Este,7.3,398.93
38,2.2,Electronics,121.23,6,0.091,8.5,0.214,False,Digital Wallet,Central,2.3,524.68
23,6.9,Home & Living,135.32,1,0.025,3.7,0.056,True,Credit Card,Central,7.8,242.24
58,2.5,Home & Living,44.82,5,0.07,5.5,0.653,False,Credit Card,Norte,5.5,215.29
60,4.0,Home & Living,68.01,5,0.0,2.9,0.241,False,Credit Card,Oeste,7.9,471.78
39,3.1,Electronics,173.21,1,0.163,2.8,0.355,True,Credit Card,Central,8.6,275.23
50,6.5,Electronics,155.42,0,0.34,12.1,0.321,True,Credit Card,Oeste,8.8,5.0
40,1.2,Electronics,112.2,5,0.036,3.4,0.124,True,Credit Card,Sur,7.7,1047.36
21,3.0,Fashion,78.91,6,0.002,3.2,0.481,False,Digital Wallet,Central,7.5,634.94
33,0.5,Fashion,35.37,3,0.083,10.8,0.265,False,Credit Card,Norte,7.6,168.82
39,4.1,Electronics,232.57,4,0.001,5.2,0.32,True,Digital Wallet,Central,4.3,1189.11
32,4.6,Home & Living,18.45,4,0.05,5.3,0.66,False,Digital Wallet,Este,7.2,91.81
35,0.5,Electronics,316.55,3,0.001,5.0,0.392,True,Credit Card,Central,7.0,1496.6
36,3.9,Electronics,141.01,0,0.14,0.9,0.08,True,Digital Wallet,Oeste,9.7,5.0
37,1.9,Fashion,111.08,2,0.084,4.7,0.317,True,Bank Transfer,Central,2.3,198.55
38,0.5,Electronics,264.36,1,0.267,7.3,0.374,False,Digital Wallet,Norte,2.6,96.46
25,1.9,Electronics,238.19,1,0.407,5.2,0.496,True,Credit Card,Oeste,7.2,43.58
29,0.8,Fashion,49.69,7,0.285,1.6,0.531,False,Credit Card,Este,8.4,246.26
22,1.9,Home & Living,42.74,4,0.0,4.7,0.393,False,Credit Card,Norte,8.3,278.72
49,1.7,Home & Living,88.99,4,0.001,3.2,0.573,False,Credit Card,Central,7.5,391.62
18,4.7,Fashion,61.84,5,0.077,9.9,0.287,True,Credit Card,Central,7.3,569.2
51,5.2,Fashion,59.62,4,0.206,11.7,0.384,False,Credit Card,Este,3.1,140.37
54,3.3,Fashion,70.48,2,0.011,2.1,0.252,True,Credit Card,Central,7.9,223.64
34,0.5,Electronics,178.77,2,0.003,8.1,0.201,False,Credit Card,Central,7.4,444.72
18,9.4,Fashion,97.52,6,0.539,4.2,0.209,True,Credit Card,Este,6.8,68.4
33,4.1,Fashion,62.36,3,0.328,5.7,0.663,False,Digital Wallet,Este,7.8,123.24
37,0.5,Fashion,95.03,3,0.084,4.5,0.414,False,Bank Transfer,Este,6.0,407.33
25,6.0,Fashion,85.99,6,0.091,9.3,0.291,False,Credit Card,Oeste,7.5,796.5
31,0.8,Fashion,33.15,3,0.484,3.6,0.378,True,Credit Card,Central,6.6,9.77
56,3.0,Fashion,82.36,2,0.259,3.2,0.343,False,Credit Card,Sur,5.0,99.96
45,2.2,Home & Living,110.8,5,0.063,17.7,0.263,False,Credit Card,Norte,8.2,878.12
26,1.9,Electronics,211.64,2,0.075,1.9,0.069,False,Bank Transfer,Central,5.0,467.61
18,7.7,Home & Living,140.16,1,0.462,3.3,0.255,True,Credit Card,Central,6.6,12.43
34,2.0,Electronics,206.31,1,0.03,7.1,0.806,False,Credit Card,Central,8.7,401.57
35,0.5,Electronics,112.17,3,0.121,4.8,0.351,False,Credit Card,Este,8.7,372.86
43,10.3,Fashion,47.02,6,0.185,5.9,0.433,True,Digital Wallet,Este,8.1,447.77
31,8.9,Fashion,15.0,2,0.115,10.1,0.233,True,Credit Card,Norte,6.3,68.06
44,4.0,Home & Living,77.94,3,0.053,4.0,0.468,False,Digital Wallet,Norte,2.9,157.92
61,2.2,Fashion,89.48,8,0.6,1.7,0.405,True,Credit Card,Norte,8.5,60.91
47,0.5,Fashion,61.06,4,0.106,4.6,0.231,False,Digital Wallet,Central,7.2,327.37
37,5.5,Electronics,276.63,1,0.055,4.1,0.409,False,Credit Card,Norte,8.5,485.34
35,0.5,Electronics,211.05,0,0.082,7.5,0.446,True,Bank Transfer,Central,4.1,5.0
33,0.5,Fashion,75.81,5,0.312,2.7,0.517,True,Credit Card,Sur,5.6,349.74
52,2.7,Fashion,100.58,4,0.364,3.3,0.603,True,Credit Card,Este,6.0,152.05
30,0.6,Fashion,69.93,8,0.296,8.7,0.218,False,Credit Card,Sur,10.0,378.14
38,0.5,Fashion,97.77,6,0.014,0.6,0.174,True,Digital Wallet,Este,3.0,779.1
38,1.9,Home & Living,36.8,5,0.0,6.5,0.347,True,Bank Transfer,Central,3.3,199.44
31,0.5,Fashion,102.79,7,0.122,3.2,0.195,False,Bank Transfer,Sur,7.4,913.9
21,0.6,Home & Living,97.25,1,0.207,4.4,0.632,False,Credit Card,Central,4.4,50.99
41,0.5,Electronics,212.22,3,0.085,2.4,0.545,False,Bank Transfer,Este,5.6,660.29
37,0.8,Electronics,63.75,2,0.186,2.6,0.533,False,Digital Wallet,Central,2.4,68.82
44,4.4,Electronics,252.58,4,0.005,7.6,0.426,True,Credit Card,Central,4.0,1239.61
31,5.8,Electronics,253.72,2,0.347,2.7,0.405,True,Credit Card,Central,7.1,306.36
52,2.1,Fashion,58.6,5,0.081,2.9,0.438,False,Bank Transfer,Este,7.9,260.89
27,2.5,Fashion,50.96,6,0.051,5.6,0.435,False,Digital Wallet,Norte,2.4,253.52
58,0.5,Fashion,81.38,4,0.441,6.1,0.208,False,Credit Card,Este,6.4,22.86
18,0.5,Fashion,93.59,6,0.319,4.4,0.06,True,Credit Card,Sur,7.5,310.36
43,1.0,Home & Living,94.86,2,0.015,4.9,0.118,True,Digital Wallet,Oeste,6.1,357.17
43,2.7,Home & Living,89.07,1,0.0,5.1,0.239,True,Digital Wallet,Sur,8.3,172.36
28,4.7,Electronics,153.32,0,0.0,6.9,0.604,False,Credit Card,Central,7.0,5.0
43,3.3,Electronics,198.69,2,0.03,2.1,0.626,False,Credit Card,Sur,7.0,638.52
53,1.7,Electronics,193.97,0,0.123,8.6,0.34,True,Digital Wallet,Este,9.0,5.0
18,0.5,Electronics,106.28,0,0.001,18.9,0.036,False,Credit Card,Sur,8.3,5.0
44,5.3,Fashion,80.39,1,0.076,2.8,0.329,True,Digital Wallet,Norte,3.2,85.51
18,1.6,Fashion,67.77,1,0.351,3.5,0.297,False,Credit Card,Oeste,7.8,20.26
26,4.7,Electronics,155.04,3,0.154,3.5,0.457,False,Credit Card,Central,8.1,481.75
57,2.5,Fashion,59.09,1,0.023,3.2,0.407,False,Bank Transfer,Oeste,8.2,77.73
31,4.7,Fashion,16.56,6,0.141,1.8,0.3,True,Digital Wallet,Sur,2.9,91.28
23,8.3,Electronics,192.37,2,0.001,4.6,0.232,True,Credit Card,Este,7.7,974.36
35,8.9,Fashion,108.56,5,0.057,3.0,0.541,True,Credit Card,Norte,8.2,1284.65
62,2.7,Home & Living,27.96,0,0.161,6.7,0.148,False,Credit Card,Sur,9.6,5.0
18,2.5,Fashion,74.82,5,0.017,3.8,0.376,False,Digital Wallet,Este,7.5,497.75
25,1.1,Electronics,124.9,2,0.118,2.2,0.14,False,Credit Card,Central,9.0,318.29
55,9.6,Electronics,194.56,1,0.339,7.5,0.437,True,Bank Transfer,Este,7.4,122.76
60,2.1,Electronics,184.61,1,0.49,2.2,0.634,False,Digital Wallet,Sur,8.9,12.45
36,0.5,Electronics,230.33,4,0.358,5.0,0.089,True,Digital Wallet,Norte,5.7,321.6
23,2.0,Home & Living,108.39,0,0.025,7.1,0.304,False,Credit Card,Este,8.0,5.0
63,0.5,Electronics,163.65,0,0.027,6.9,0.657,False,Credit Card,Oeste,8.8,5.0
57,2.4,Electronics,167.38,2,0.235,2.3,0.524,False,Credit Card,Central,7.7,218.72
46,2.9,Electronics,129.47,2,0.0,3.4,0.54,False,Credit Card,Oeste,8.5,435.65
28,1.4,Home & Living,106.25,3,0.003,7.0,0.345,False,Credit Card,Norte,6.7,420.41
37,0.5,Electronics,242.68,1,0.586,3.7,0.464,True,Digital Wallet,Este,6.5,18.82
36,10.1,Electronics,113.28,3,0.168,11.2,0.395,False,Credit Card,Sur,8.0,550.69
41,5.2,Fashion,56.08,2,0.125,3.0,0.547,False,Bank Transfer,Norte,7.1,143.56
55,6.4,Fashion,62.99,7,0.232,2.8,0.301,False,Digital Wallet,Norte,9.1,306.16
48,1.6,Electronics,234.19,0,0.073,10.4,0.193,False,Digital Wallet,Norte,7.4,5.0
25,5.0,Electronics,141.7,0,0.037,8.7,0.373,True,Bank Transfer,Norte,10.0,5.0
54,2.3,Home & Living,126.95,4,0.001,4.2,0.255,False,Digital Wallet,Sur,6.8,559.65
41,0.8,Home & Living,72.31,3,0.063,2.1,0.179,False,Digital Wallet,Norte,6.1,206.47
46,0.5,Electronics,114.07,0,0.042,1.0,0.21,False,Credit Card,Central,6.6,5.0
55,1.5,Electronics,205.78,1,0.024,1.3,0.376,False,Digital Wallet,Central,8.1,254.37
24,0.5,Electronics,141.45,2,0.016,2.5,0.343,False,Credit Card,Este,7.9,331.37
37,15.0,Home & Living,96.99,4,0.01,3.9,0.585,True,Credit Card,Central,8.2,1126.7
31,0.5,Fashion,93.26,0,0.28,3.7,0.291,False,Bank Transfer,Oeste,7.7,5.0
19,2.0,Home & Living,92.29,3,0.225,3.8,0.886,False,Digital Wallet,Central,5.0,195.81
42,2.1,Fashion,78.8,5,0.234,3.9,0.343,True,Credit Card,Sur,7.4,478.72
68,1.3,Home & Living,132.66,2,0.025,2.0,0.296,True,Credit Card,Sur,7.6,388.27
18,3.0,Home & Living,34.67,6,0.009,1.0,0.527,False,Credit Card,Central,8.5,283.32
37,0.6,Home & Living,152.63,6,0.111,5.9,0.391,False,Credit Card,Central,3.7,672.41
45,5.4,Fashion,75.68,5,0.033,7.4,0.092,True,Credit Card,Central,8.4,895.74
39,1.4,Electronics,183.01,2,0.003,6.5,0.341,True,Bank Transfer,Central,5.6,570.1
36,3.1,Fashion,72.59,6,0.039,1.9,0.194,True,Credit Card,Norte,7.3,928.87
22,4.4,Fashion,61.85,1,0.063,2.8,0.56,True,Digital Wallet,Sur,3.1,59.5
40,7.7,Fashion,52.79,2,0.035,2.6,0.147,True,Digital Wallet,Oeste,1.0,79.69
28,6.3,Electronics,128.03,4,0.006,9.5,0.437,True,Digital Wallet,Sur,8.5,1397.24
18,3.3,Fashion,76.71,3,0.002,5.6,0.193,True,Digital Wallet,Central,6.3,396.49
52,1.7,Fashion,70.85,8,0.175,4.5,0.681,True,Bank Transfer,Oeste,7.5,466.02
49,2.4,Fashion,68.37,1,0.352,0.3,0.385,False,Credit Card,Central,1.2,11.59
38,5.1,Electronics,104.66,3,0.017,7.1,0.445,False,Digital Wallet,Sur,6.4,538.69
40,7.4,Fashion,88.29,7,0.036,2.5,0.598,True,Digital Wallet,Oeste,5.7,1311.27
50,0.5,Electronics,206.88,3,0.063,5.5,0.3,True,Credit Card,Sur,8.5,1122.39
40,1.7,Home & Living,116.23,4,0.024,2.9,0.276,True,Bank Transfer,Norte,9.0,762.64
48,5.2,Fashion,25.66,2,0.109,2.5,0.408,False,Credit Card,Sur,7.8,69.29
34,2.0,Electronics,210.51,1,0.027,3.4,0.333,True,Credit Card,Este,9.0,417.99
53,1.4,Electronics,220.7,4,0.12,7.6,0.223,False,Digital Wallet,Norte,10.0,1337.15
41,1.9,Fashion,89.24,7,0.213,1.3,0.404,False,Digital Wallet,Sur,7.6,593.7
40,3.2,Electronics,189.84,3,0.337,2.6,0.302,True,Digital Wallet,Sur,7.0,383.05
22,15.0,Home & Living,147.3,3,0.123,6.0,0.296,True,Credit Card,Central,7.9,921.31
41,2.4,Fashion,76.63,2,0.176,1.2,0.019,False,Digital Wallet,Central,8.2,152.49
28,0.8,Electronics,189.38,1,0.068,0.3,0.675,False,Credit Card,Oeste,3.6,157.23
30,0.6,Fashion,47.1,6,0.135,5.6,0.16,False,Credit Card,Norte,7.5,328.51
28,0.5,Electronics,239.12,0,0.087,2.9,0.261,False,Credit Card,Central,7.9,5.0
25,2.9,Home & Living,65.21,3,0.001,7.7,0.378,False,Credit Card,Sur,8.1,287.75
63,2.8,Electronics,234.2,1,0.036,1.5,0.639,True,Digital Wallet,Sur,7.7,371.32
53,0.8,Home & Living,133.09,2,0.071,0.8,0.246,True,Digital Wallet,Oeste,9.6,323.91
61,4.2,Fashion,85.48,3,0.11,10.0,0.248,True,Digital Wallet,Oeste,9.3,463.28
23,4.7,Home & Living,48.99,2,0.163,5.7,0.209,True,Digital Wallet,Sur,6.8,119.25
38,1.0,Electronics,207.17,1,0.001,9.1,0.428,False,Credit Card,Central,7.1,299.35
22,1.5,Electronics,133.25,1,0.16,1.8,0.33,False,Bank Transfer,Sur,6.9,121.86
29,15.0,Fashion,70.51,1,0.6,5.7,0.26,True,Credit Card,Norte,9.4,11.28
26,1.6,Fashion,72.04,6,0.055,2.6,0.117,True,Digital Wallet,Sur,7.8,785.34
52,5.0,Electronics,152.73,6,0.113,2.7,0.15,False,Bank Transfer,Norte,8.3,1123.87
33,2.1,Fashion,136.15,4,0.12,11.8,0.127,False,Digital Wallet,Norte,3.3,454.96
50,5.5,Electronics,251.77,2,0.001,16.1,0.185,True,Digital Wallet,Este,7.1,711.0
45,5.1,Fashion,76.04,3,0.016,4.8,0.545,True,Digital Wallet,Este,7.7,402.66
65,3.9,Electronics,288.89,3,0.283,6.1,0.051,True,Credit Card,Norte,2.4,380.32
20,6.8,Electronics,175.01,3,0.04,5.1,0.098,False,Credit Card,Central,8.6,788.51
53,9.8,Electronics,189.75,2,0.001,5.5,0.252,True,Credit Card,Central,8.3,698.98
51,3.0,Fashion,72.0,8,0.521,2.4,0.603,False,Credit Card,Oeste,7.1,43.28
26,0.9,Electronics,176.68,1,0.003,4.1,0.199,False,Credit Card,Norte,8.1,304.77
50,1.8,Home & Living,92.54,2,0.004,0.7,0.268,False,Digital Wallet,Este,7.3,220.9
42,5.0,Electronics,85.88,1,0.02,5.5,0.382,False,Digital Wallet,Este,9.5,184.61
35,3.7,Home & Living,100.54,6,0.173,2.7,0.416,True,Credit Card,Central,6.2,730.24
28,0.7,Fashion,95.98,3,0.324,3.5,0.272,True,Credit Card,Norte,8.6,225.13
29,0.5,Fashion,71.74,6,0.029,6.3,0.378,False,Bank Transfer,Norte,7.9,488.9
62,4.0,Electronics,220.31,1,0.218,6.7,0.299,True,Digital Wallet,Sur,7.2,174.14
38,1.0,Fashion,77.13,9,0.021,5.1,0.156,True,Credit Card,Norte,10.0,1336.91
47,2.4,Fashion,84.02,4,0.179,4.0,0.217,False,Credit Card,Sur,3.4,217.25
28,4.8,Fashion,94.25,2,0.262,9.2,0.222,False,Credit Card,Oeste,7.7,201.46
28,2.9,Electronics,240.85,2,0.009,4.2,0.578,False,Digital Wallet,Norte,3.9,520.97
50,0.5,Home & Living,55.74,2,0.009,2.0,0.049,True,Digital Wallet,Sur,4.1,89.46
21,0.7,Home & Living,162.32,1,0.178,2.8,0.546,False,Credit Card,Este,9.3,148.91
33,0.9,Fashion,67.38,2,0.013,2.8,0.606,True,Credit Card,Central,7.4,300.01
38,1.0,Fashion,99.83,0,0.035,6.0,0.216,False,Credit Card,Sur,10.0,5.0
39,2.9,Fashion,51.91,8,0.034,4.3,0.053,True,Bank Transfer,Central,9.3,890.7
35,2.5,Electronics,131.44,4,0.011,9.5,0.403,False,Credit Card,Norte,4.0,514.04
42,0.8,Electronics,124.58,7,0.131,3.5,0.58,True,Bank Transfer,Central,9.9,1419.14
46,0.5,Fashion,104.78,3,0.0,6.8,0.281,False,Credit Card,Oeste,8.6,484.2
46,0.7,Home & Living,90.7,1,0.063,3.8,0.276,False,Credit Card,Sur,6.1,105.2
26,14.6,Electronics,102.67,0,0.082,2.9,0.328,False,Bank Transfer,Norte,8.4,5.0
34,2.2,Fashion,82.04,4,0.136,2.2,0.754,True,Credit Card,Central,7.5,574.0
52,7.1,Home & Living,91.66,1,0.074,6.5,0.365,True,Credit Card,Norte,7.8,179.6
48,6.6,Electronics,57.31,2,0.013,7.4,0.445,False,Bank Transfer,Norte,5.9,156.36
21,2.5,Electronics,160.15,0,0.071,2.4,0.652,False,Digital Wallet,Este,7.1,5.0
42,4.3,Home & Living,73.32,2,0.041,2.6,0.096,False,Digital Wallet,Norte,8.2,180.69
18,0.7,Electronics,131.33,1,0.003,13.2,0.765,True,Credit Card,Central,8.1,180.75
38,4.1,Electronics,219.07,4,0.442,7.0,0.493,False,Credit Card,Sur,6.1,81.82
60,1.1,Fashion,96.95,7,0.327,3.6,0.366,True,Credit Card,Central,8.4,416.47
26,6.2,Fashion,57.26,8,0.001,4.1,0.096,False,Credit Card,Este,10.0,746.27
27,0.5,Home & Living,94.13,2,0.048,6.7,0.114,True,Credit Card,Oeste,8.5,224.83
47,5.2,Fashion,64.6,6,0.26,5.1,0.369,False,Credit Card,Este,7.1,350.9
19,0.5,Fashion,79.75,3,0.596,1.9,0.539,True,Credit Card,Este,9.4,19.73
30,7.5,Fashion,92.15,5,0.037,3.7,0.259,False,Digital Wallet,Norte,5.7,728.64
45,1.3,Home & Living,63.82,3,0.002,3.4,0.565,False,Digital Wallet,Central,6.7,249.31
30,3.7,Electronics,182.61,4,0.154,2.9,0.417,False,Digital Wallet,Central,7.1,927.56
35,2.3,Electronics,166.56,4,0.01,10.7,0.146,False,Digital Wallet,Norte,2.5,651.21
46,1.6,Home & Living,71.52,3,0.093,6.8,0.389,False,Bank Transfer,Este,8.0,236.81
43,3.6,Home & Living,109.76,3,0.098,3.5,0.491,False,Digital Wallet,Sur,6.3,432.9
41,10.3,Electronics,102.69,2,0.033,3.0,0.171,True,Credit Card,Central,7.0,536.22
33,0.5,Electronics,290.43,0,0.213,8.0,0.537,False,Digital Wallet,Norte,8.5,5.0
42,8.8,Fashion,42.72,4,0.032,6.7,0.369,True,Bank Transfer,Norte,9.2,351.24
36,3.3,Electronics,215.32,4,0.003,0.9,0.269,False,Bank Transfer,Norte,10.0,1362.37
43,5.8,Fashion,81.61,4,0.018,3.4,0.276,True,Credit Card,Oeste,9.3,755.25
32,1.7,Electronics,182.55,3,0.136,1.3,0.439,True,Bank Transfer,Oeste,8.2,771.19
35,2.2,Electronics,176.58,2,0.124,2.0,0.664,True,Digital Wallet,Central,9.1,719.37
26,7.1,Fashion,101.1,9,0.004,1.6,0.172,False,Credit Card,Este,8.3,1953.47
37,1.9,Home & Living,74.65,4,0.027,6.8,0.327,False,Bank Transfer,Oeste,7.6,323.1
28,2.7,Fashion,53.74,3,0.072,1.3,0.21,False,Credit Card,Norte,7.4,208.13
24,0.5,Fashion,49.13,5,0.079,3.5,0.64,True,Credit Card,Central,7.9,407.5
41,0.6,Home & Living,49.79,2,0.018,3.9,0.087,False,Credit Card,Central,6.7,136.17
40,3.6,Fashion,111.78,4,0.018,4.0,0.224,True,Credit Card,Central,9.2,1130.56
47,4.4,Fashion,76.03,7,0.07,1.1,0.03,False,Bank Transfer,Sur,8.2,819.68
32,3.1,Fashion,122.09,2,0.27,4.2,0.357,True,Bank Transfer,Central,7.1,248.67
42,0.5,Electronics,222.08,2,0.0,9.7,0.228,False,Credit Card,Norte,6.6,751.77
44,2.1,Fashion,82.06,4,0.291,4.7,0.036,False,Digital Wallet,Norte,8.9,237.02
43,1.5,Fashion,97.28,2,0.202,2.6,0.284,True,Bank Transfer,Norte,8.0,233.44
28,2.4,Electronics,292.42,0,0.135,9.2,0.575,False,Credit Card,Sur,7.2,5.0
39,7.1,Electronics,217.95,2,0.302,9.0,0.4,True,Credit Card,Norte,8.1,430.49
42,5.2,Electronics,211.09,1,0.057,1.4,0.264,True,Credit Card,Este,7.8,378.82
38,0.5,Fashion,75.7,3,0.062,2.7,0.582,True,Credit Card,Norte,7.1,408.62
18,7.7,Electronics,147.88,1,0.037,4.3,0.45,False,Credit Card,Norte,10.0,262.64
39,2.2,Electronics,148.66,1,0.043,5.8,0.469,False,Credit Card,Norte,6.9,253.03
64,4.8,Home & Living,80.5,2,0.079,3.4,0.128,True,Credit Card,Sur,6.8,231.45
33,0.5,Fashion,109.55,2,0.225,5.0,0.331,False,Credit Card,Central,4.6,154.45
29,3.9,Electronics,212.6,2,0.188,8.3,0.145,False,Credit Card,Sur,2.6,286.87
42,0.9,Fashion,101.57,5,0.03,4.7,0.574,False,Digital Wallet,Central,7.3,648.97
41,2.0,Electronics,132.91,1,0.02,0.8,0.023,False,Digital Wallet,Sur,6.8,191.57
52,0.5,Fashion,106.09,3,0.287,0.4,0.267,False,Bank Transfer,Norte,7.3,143.18
22,0.6,Fashion,91.92,3,0.106,2.1,0.138,True,Bank Transfer,Este,4.5,246.59
46,0.5,Fashion,90.23,5,0.055,3.7,0.219,False,Credit Card,Sur,8.1,627.6
45,1.0,Fashion,99.47,0,0.016,8.6,0.276,True,Credit Card,Central,7.0,5.0
36,0.5,Electronics,198.09,2,0.007,0.6,0.333,False,Credit Card,Norte,7.8,507.69
42,4.1,Fashion,101.6,2,0.03,4.5,0.119,False,Credit Card,Central,8.5,363.6
50,0.5,Electronics,161.8,3,0.54,1.8,0.436,False,Credit Card,Central,9.9,38.63
48,3.4,Electronics,199.26,2,0.163,13.4,0.435,False,Credit Card,Central,1.8,172.71
24,0.5,Home & Living,25.61,3,0.295,5.8,0.598,True,Bank Transfer,Oeste,4.3,28.51
47,10.2,Fashion,63.96,7,0.104,9.6,0.178,True,Digital Wallet,Este,8.4,746.78
37,9.5,Home & Living,83.66,5,0.16,3.5,0.391,True,Digital Wallet,Central,5.9,614.13
38,0.9,Electronics,205.84,2,0.143,2.9,0.592,False,Digital Wallet,Este,5.6,429.16
38,3.3,Fashion,95.72,8,0.306,5.7,0.077,False,Credit Card,Norte,8.4,511.23
36,0.5,Electronics,172.61,2,0.048,4.9,0.109,True,Credit Card,Este,6.7,576.61
52,9.4,Fashion,103.06,7,0.251,3.9,0.124,False,Bank Transfer,Central,7.6,558.36
36,2.6,Electronics,200.84,3,0.009,4.0,0.368,False,Digital Wallet,Este,7.9,871.62
24,0.5,Electronics,164.05,2,0.515,8.1,0.172,False,Credit Card,Central,9.7,21.19
33,1.5,Electronics,123.06,2,0.075,5.0,0.729,False,Credit Card,Sur,9.6,379.03
40,0.5,Fashion,48.39,5,0.01,1.2,0.323,False,Credit Card,Este,8.9,392.01
52,1.7,Electronics,99.33,2,0.413,4.0,0.348,True,Digital Wallet,Norte,7.8,26.94
45,3.9,Home & Living,120.19,4,0.003,1.9,0.296,False,Credit Card,Central,9.5,654.21
27,2.2,Electronics,132.58,3,0.449,3.1,0.426,True,Credit Card,Norte,5.9,42.53
67,1.7,Electronics,152.76,2,0.069,3.9,0.431,False,Credit Card,Norte,8.5,316.56
41,0.5,Fashion,78.85,5,0.162,6.7,0.248,False,Credit Card,Este,6.5,479.71
53,1.0,Home & Living,75.99,2,0.006,0.5,0.249,False,Digital Wallet,Oeste,7.6,187.76
36,0.5,Electronics,231.08,2,0.076,4.8,0.461,False,Digital Wallet,Norte,2.4,293.04
44,5.8,Electronics,176.99,0,0.036,4.0,0.114,True,Credit Card,Central,3.7,5.0
48,0.5,Home & Living,115.32,2,0.001,4.2,0.526,True,Credit Card,Sur,7.7,349.82
52,3.2,Electronics,69.32,3,0.348,4.1,0.169,False,Digital Wallet,Oeste,3.7,40.65
50,1.5,Fashion,101.25,3,0.246,4.1,0.27,False,Credit Card,Central,7.2,220.03
48,0.9,Electronics,218.09,2,0.242,5.6,0.478,False,Credit Card,Norte,3.4,190.98
34,3.6,Fashion,83.06,4,0.131,2.9,0.32,True,Digital Wallet,Norte,8.0,550.63
31,2.1,Electronics,130.98,3,0.013,5.2,0.226,False,Credit Card,Central,7.1,593.47
41,1.8,Fashion,65.31,4,0.315,3.4,0.135,True,Credit Card,Sur,9.2,193.06
49,3.1,Home & Living,122.28,1,0.518,6.7,0.192,False,Credit Card,Central,7.0,8.94
35,2.4,Home & Living,70.66,4,0.023,7.2,0.17,False,Bank Transfer,Sur,6.0,391.02
50,1.3,Fashion,129.93,4,0.179,2.9,0.694,False,Digital Wallet,Norte,9.5,610.4
55,2.9,Home & Living,85.87,5,0.054,10.2,0.503,True,Credit Card,Norte,6.5,717.59
27,3.9,Electronics,128.86,2,0.044,6.8,0.085,False,Digital Wallet,Este,6.3,412.68
27,0.5,Electronics,190.74,0,0.044,3.3,0.085,False,Digital Wallet,Norte,9.4,5.0
36,2.2,Fashion,34.51,2,0.6,3.6,0.454,False,Digital Wallet,Este,9.1,6.53
41,0.5,Fashion,53.9,5,0.048,2.9,0.392,False,Credit Card,Este,2.6,205.74
31,0.7,Electronics,261.48,0,0.097,1.1,0.419,False,Credit Card,Central,7.0,5.0
54,2.9,Fashion,65.37,6,0.098,6.2,0.029,True,Credit Card,Oeste,5.6,522.52
43,7.0,Fashion,59.62,5,0.473,6.9,0.216,False,Credit Card,Central,9.6,30.0
38,7.5,Fashion,76.19,3,0.154,2.3,0.245,True,Digital Wallet,Norte,8.7,433.15
20,0.5,Home & Living,121.19,3,0.187,3.6,0.093,False,Credit Card,Central,7.2,340.29
22,1.9,Fashion,129.19,8,0.007,6.4,0.103,True,Credit Card,Este,2.8,992.14
41,3.1,Electronics,118.51,2,0.149,3.9,0.459,False,Credit Card,Norte,3.4,157.65
18,0.6,Fashion,97.18,3,0.236,2.1,0.181,False,Credit Card,Norte,6.2,217.21
50,5.1,Fashion,68.45,7,0.032,7.1,0.214,False,Credit Card,Sur,3.6,438.91
36,4.8,Electronics,165.62,1,0.036,2.6,0.559,False,Bank Transfer,Este,7.1,215.21
75,8.2,Fashion,87.7,2,0.141,2.6,0.326,True,Bank Transfer,Central,7.0,212.44
65,0.5,Home & Living,118.35,6,0.296,9.7,0.157,False,Bank Transfer,Norte,7.1,311.56
35,0.9,Electronics,233.73,0,0.196,8.3,0.381,False,Credit Card,Norte,8.7,5.0
36,6.1,Electronics,189.34,3,0.079,7.9,0.287,True,Digital Wallet,Oeste,7.3,1274.77
49,3.9,Electronics,244.04,1,0.099,9.0,0.058,True,Credit Card,Sur,7.4,402.0
58,7.9,Fashion,77.66,7,0.084,1.6,0.127,True,Credit Card,Este,9.4,612.64
18,0.5,Home & Living,82.69,4,0.001,1.0,0.046,False,Digital Wallet,Sur,7.1,422.5
18,3.2,Fashion,107.28,3,0.47,4.8,0.241,True,Credit Card,Sur,7.3,27.95
30,2.9,Electronics,180.6,1,0.013,6.0,0.442,True,Credit Card,Este,9.3,406.31
44,0.5,Fashion,68.75,2,0.481,3.8,0.576,False,Credit Card,Sur,7.5,11.05
43,2.5,Fashion,51.97,3,0.224,4.3,0.347,False,Bank Transfer,Norte,8.6,158.15
50,3.3,Fashion,79.55,2,0.254,7.2,0.327,False,Credit Card,Norte,5.9,135.05
23,0.7,Electronics,180.12,3,0.149,7.4,0.623,False,Credit Card,Este,3.5,327.74
18,1.1,Fashion,39.83,3,0.359,7.3,0.117,True,Digital Wallet,Central,7.8,44.07
48,3.6,Fashion,133.84,4,0.493,9.1,0.214,False,Credit Card,Norte,9.5,48.32
28,2.2,Electronics,201.17,2,0.005,6.6,0.327,False,Credit Card,Central,1.9,325.48
18,6.8,Fashion,84.54,4,0.268,9.5,0.624,True,Credit Card,Norte,9.1,375.75
39,1.5,Home & Living,81.24,2,0.028,4.1,0.389,False,Credit Card,Norte,8.0,282.91
47,1.1,Electronics,320.35,4,0.211,3.0,0.163,True,Credit Card,Este,9.3,955.67
36,14.7,Home & Living,109.5,2,0.065,2.2,0.268,True,Credit Card,Sur,7.1,562.33
32,8.5,Electronics,206.4,1,0.045,5.8,0.457,True,Credit Card,Norte,7.0,536.86
36,0.5,Fashion,78.5,3,0.541,1.6,0.165,True,Credit Card,Norte,7.3,22.77
33,5.2,Electronics,187.63,1,0.013,5.3,0.227,True,Credit Card,Central,7.1,430.48
21,0.5,Electronics,215.93,4,0.0,4.5,0.107,False,Credit Card,Este,4.4,571.36
29,0.5,Fashion,40.41,7,0.088,9.2,0.449,False,Credit Card,Central,8.3,426.59
44,1.1,Fashion,104.23,3,0.132,4.0,0.33,False,Credit Card,Norte,8.4,349.13
41,1.1,Home & Living,124.25,7,0.551,1.9,0.114,False,Digital Wallet,Este,5.7,51.76
40,6.0,Fashion,100.76,0,0.007,2.4,0.05,False,Bank Transfer,Este,7.9,5.0
26,4.3,Fashion,54.43,4,0.086,7.2,0.407,False,Credit Card,Central,1.6,159.88
35,14.0,Home & Living,126.4,0,0.003,3.6,0.817,True,Credit Card,Oeste,6.5,5.0
18,4.4,Fashion,105.8,6,0.054,10.1,0.176,False,Digital Wallet,Oeste,9.0,912.79
40,1.9,Electronics,194.02,3,0.257,1.7,0.512,False,Digital Wallet,Oeste,8.2,468.65
55,4.2,Electronics,189.65,4,0.104,2.9,0.27,False,Credit Card,Central,6.5,979.08
20,15.0,Fashion,60.34,2,0.124,3.1,0.162,True,Bank Transfer,Norte,8.5,183.48
30,4.3,Fashion,53.62,8,0.138,10.3,0.326,True,Credit Card,Central,7.3,579.32
41,5.0,Electronics,133.53,0,0.269,2.5,0.177,False,Digital Wallet,Central,2.8,5.0
53,9.8,Electronics,212.81,0,0.108,1.2,0.216,True,Credit Card,Norte,6.6,5.0
32,0.5,Electronics,83.29,4,0.004,8.6,0.072,False,Digital Wallet,Este,1.1,224.45
29,4.3,Fashion,76.9,4,0.004,2.9,0.3,True,Credit Card,Norte,3.5,416.57
18,6.7,Electronics,280.41,2,0.014,1.2,0.671,True,Credit Card,Norte,4.2,649.13
39,10.8,Electronics,110.91,1,0.103,8.3,0.266,True,Bank Transfer,Sur,6.7,202.47
62,0.8,Fashion,90.17,6,0.168,1.5,0.471,False,Credit Card,Central,8.5,505.66
41,2.5,Home & Living,76.74,4,0.035,1.7,0.122,False,Credit Card,Norte,6.8,500.11
37,4.0,Electronics,275.7,0,0.136,6.8,0.089,False,Credit Card,Oeste,7.3,5.0
41,1.0,Fashion,93.45,7,0.292,6.4,0.146,False,Digital Wallet,Central,6.4,386.08
37,3.2,Electronics,127.43,1,0.065,6.7,0.285,True,Digital Wallet,Este,6.2,240.42
28,1.0,Home & Living,117.57,2,0.039,5.6,0.213,False,Credit Card,Sur,2.3,172.2
47,1.4,Electronics,164.92,1,0.113,2.4,0.18,True,Digital Wallet,Oeste,7.7,239.3
40,2.0,Home & Living,121.05,1,0.05,4.8,0.383,True,Credit Card,Central,7.1,211.83
38,2.6,Home & Living,134.12,1,0.004,0.4,0.421,True,Digital Wallet,Oeste,8.6,224.15
26,2.1,Home & Living,85.73,3,0.002,2.9,0.342,False,Digital Wallet,Sur,7.0,337.22
53,2.4,Electronics,114.05,0,0.222,4.6,0.433,False,Credit Card,Norte,9.6,5.0
45,1.2,Fashion,150.49,8,0.173,5.3,0.118,False,Digital Wallet,Norte,6.8,1225.8
31,0.6,Electronics,198.62,3,0.19,3.9,0.47,False,Credit Card,Norte,6.6,547.11
50,0.5,Home & Living,168.83,3,0.0,5.9,0.353,True,Bank Transfer,Este,7.2,660.58
32,0.8,Home & Living,29.1,1,0.049,3.2,0.133,False,Credit Card,Norte,6.5,44.09
28,3.1,Home & Living,79.98,3,0.014,5.3,0.23,False,Credit Card,Central,8.4,360.62
28,5.4,Fashion,43.84,9,0.07,10.0,0.377,False,Credit Card,Oeste,7.5,667.84
18,0.6,Fashion,43.0,2,0.029,3.9,0.34,False,Credit Card,Central,7.1,117.5
43,0.5,Fashion,20.51,5,0.33,3.9,0.221,False,Bank Transfer,Este,7.0,38.04
18,4.8,Fashion,88.64,0,0.136,1.0,0.661,False,Digital Wallet,Sur,5.3,5.0
23,1.3,Fashion,64.38,3,0.01,4.1,0.466,False,Credit Card,Central,5.9,241.23
18,10.6,Fashion,123.34,2,0.367,5.8,0.213,True,Digital Wallet,Central,9.1,110.91
36,4.4,Home & Living,91.51,4,0.0,3.0,0.462,True,Credit Card,Sur,1.9,357.19
36,1.4,Fashion,111.91,4,0.161,1.3,0.543,False,Credit Card,Oeste,8.8,561.74
34,1.2,Home & Living,87.36,1,0.0,12.4,0.334,False,Bank Transfer,Sur,9.7,148.07
25,2.6,Home & Living,66.92,1,0.007,3.2,0.122,True,Bank Transfer,Central,9.3,126.41
23,0.5,Fashion,80.87,7,0.473,6.2,0.283,True,Credit Card,Central,8.7,53.01
43,0.5,Electronics,175.6,5,0.328,2.9,0.045,False,Digital Wallet,Norte,6.7,381.07
31,0.7,Fashion,106.9,4,0.332,4.6,0.136,True,Credit Card,Este,10.0,288.93
41,5.2,Fashion,55.21,7,0.007,4.8,0.186,True,Credit Card,Sur,6.5,965.39
27,2.5,Electronics,274.32,1,0.016,4.5,0.403,False,Credit Card,Oeste,8.0,488.78
40,0.5,Fashion,73.91,5,0.205,1.5,0.073,False,Digital Wallet,Este,6.5,296.89
53,3.9,Home & Living,95.41,3,0.052,19.9,0.448,True,Digital Wallet,Norte,8.2,528.44
45,1.9,Electronics,207.32,2,0.016,4.7,0.715,True,Digital Wallet,Central,8.6,787.07
33,2.5,Fashion,93.55,8,0.004,2.8,0.162,True,Credit Card,Norte,7.1,1169.46
41,0.8,Home & Living,95.07,3,0.049,4.0,0.504,False,Credit Card,Norte,5.4,378.42
35,2.8,Fashion,86.5,5,0.155,7.8,0.715,False,Digital Wallet,Central,7.6,619.64
38,13.5,Fashion,19.27,5,0.6,4.3,0.144,True,Credit Card,Oeste,10.0,13.84
34,0.5,Fashion,48.77,5,0.234,6.7,0.09,False,Digital Wallet,Norte,10.0,197.93
36,1.2,Fashion,63.57,5,0.305,1.4,0.075,False,Digital Wallet,Oeste,8.2,195.67
40,1.0,Electronics,137.32,3,0.082,4.3,0.327,False,Credit Card,Central,7.7,652.85
26,1.0,Home & Living,92.75,3,0.162,3.8,0.602,False,Digital Wallet,Este,10.0,260.06
25,1.7,Fashion,77.07,6,0.197,6.8,0.079,False,Digital Wallet,Central,9.1,427.78
21,6.0,Fashion,89.16,3,0.131,6.8,0.334,True,Credit Card,Este,9.0,542.44
18,8.5,Fashion,70.99,5,0.379,6.3,0.539,True,Digital Wallet,Central,8.9,178.42
23,0.8,Electronics,223.06,1,0.051,3.0,0.612,False,Credit Card,Norte,3.6,150.35
39,2.7,Home & Living,93.17,2,0.163,9.2,0.484,False,Bank Transfer,Central,6.1,166.75
27,3.5,Home & Living,120.68,2,0.032,3.9,0.172,False,Credit Card,Sur,7.3,287.8
44,2.6,Electronics,179.54,0,0.133,6.9,0.181,False,Credit Card,Norte,8.4,5.0
38,2.0,Home & Living,35.99,5,0.115,2.5,0.064,False,Bank Transfer,Norte,7.8,223.38
18,0.7,Fashion,120.3,4,0.135,1.9,0.136,False,Digital Wallet,Central,7.5,434.39
45,2.3,Fashion,105.17,7,0.156,5.7,0.1,True,Digital Wallet,Central,6.2,1081.4
47,1.8,Fashion,46.77,5,0.052,8.6,0.199,False,Bank Transfer,Sur,7.4,248.27
26,5.6,Electronics,165.53,0,0.002,4.5,0.364,True,Credit Card,Norte,7.6,5.0
43,5.0,Fashion,61.61,4,0.521,4.5,0.645,False,Credit Card,Norte,6.6,24.35
27,0.5,Electronics,226.26,2,0.02,2.3,0.272,False,Bank Transfer,Norte,8.8,685.74
39,0.5,Fashion,76.21,7,0.014,16.8,0.132,False,Bank Transfer,Central,1.1,383.12
22,8.4,Fashion,106.01,5,0.009,4.9,0.46,True,Credit Card,Norte,7.2,1149.45
18,2.7,Home & Living,85.46,6,0.005,4.0,0.599,True,Bank Transfer,Central,8.6,626.08
33,6.8,Fashion,75.14,4,0.333,4.6,0.07,False,Digital Wallet,Oeste,9.5,190.86
36,0.5,Electronics,91.42,2,0.179,11.1,0.227,False,Credit Card,Sur,8.0,173.05
33,2.6,Home & Living,67.26,0,0.002,4.9,0.158,True,Credit Card,Este,8.7,5.0
23,2.7,Fashion,101.58,8,0.099,4.5,0.248,False,Digital Wallet,Norte,7.5,1191.49
33,6.9,Fashion,88.81,7,0.443,2.6,0.179,False,Digital Wallet,Este,1.0,27.74
41,0.5,Electronics,195.0,1,0.016,5.3,0.242,False,Credit Card,Este,7.7,283.52
37,1.0,Home & Living,109.83,1,0.085,10.5,0.173,False,Credit Card,Central,6.5,110.23
40,1.8,Home & Living,98.25,5,0.005,4.3,0.191,False,Bank Transfer,Oeste,6.3,712.56
29,7.0,Home & Living,117.81,3,0.024,5.0,0.332,False,Bank Transfer,Oeste,8.8,583.78
52,9.8,Home & Living,144.57,2,0.0,6.8,0.486,True,Digital Wallet,Norte,5.0,595.73
23,15.0,Electronics,229.76,0,0.248,9.0,0.462,True,Credit Card,Este,8.6,5.0
43,11.2,Home & Living,82.65,3,0.054,2.7,0.153,True,Credit Card,Central,9.0,573.95
52,0.5,Fashion,112.01,4,0.065,11.5,0.523,True,Digital Wallet,Central,9.1,884.92
43,0.5,Electronics,177.05,0,0.285,4.4,0.612,False,Credit Card,Norte,8.0,5.0
35,0.6,Fashion,85.12,6,0.127,4.0,0.2,False,Digital Wallet,Oeste,8.7,701.92
31,1.5,Fashion,85.98,1,0.27,6.8,0.318,False,Credit Card,Oeste,5.5,63.57
50,6.2,Electronics,238.72,7,0.002,4.6,0.42,True,Bank Transfer,Oeste,6.1,3297.03
20,7.8,Electronics,218.14,1,0.011,2.6,0.538,True,Credit Card,Central,8.3,471.83
26,0.7,Electronics,120.67,2,0.366,5.3,0.501,True,Digital Wallet,Central,8.9,103.47
33,3.4,Fashion,60.28,7,0.255,9.4,0.168,False,Credit Card,Central,6.5,308.24
52,8.7,Electronics,167.77,2,0.377,9.5,0.684,False,Digital Wallet,Central,7.2,93.78
42,2.2,Electronics,258.02,0,0.001,7.3,0.46,False,Credit Card,Central,8.9,5.0
26,0.5,Fashion,69.05,4,0.057,5.9,0.828,False,Credit Card,Sur,5.3,291.06
34,2.1,Home & Living,51.92,1,0.077,3.9,0.177,True,Digital Wallet,Norte,7.7,81.57
30,1.6,Home & Living,73.64,4,0.025,4.4,0.043,False,Credit Card,Norte,9.6,537.42
29,3.0,Electronics,153.0,1,0.102,12.7,0.23,True,Credit Card,Central,7.2,259.67
49,2.0,Home & Living,112.45,3,0.039,4.7,0.533,True,Credit Card,Central,6.9,582.1
21,0.5,Fashion,69.79,1,0.04,6.2,0.362,True,Credit Card,Norte,8.6,117.92
57,15.0,Fashion,130.43,5,0.004,8.7,0.084,False,Credit Card,Central,8.8,1065.46
47,2.7,Fashion,91.89,1,0.061,3.6,0.13,True,Bank Transfer,Central,10.0,182.49
51,2.2,Fashion,39.82,1,0.371,2.6,0.14,True,Credit Card,Norte,7.7,13.58
32,10.8,Electronics,196.39,1,0.178,14.6,0.678,True,Digital Wallet,Sur,7.7,310.43
36,0.6,Fashion,74.41,4,0.237,8.1,0.274,False,Digital Wallet,Sur,5.3,263.31
20,0.7,Fashion,47.31,9,0.041,2.6,0.131,False,Bank Transfer,Norte,7.6,508.3
31,5.8,Fashion,30.43,4,0.378,4.4,0.415,True,Credit Card,Oeste,6.3,47.37
43,1.1,Home & Living,115.06,3,0.002,5.8,0.489,False,Bank Transfer,Central,8.2,532.0
53,5.6,Fashion,54.88,6,0.262,3.0,0.588,False,Bank Transfer,Central,9.2,235.19
24,1.1,Fashion,106.22,3,0.025,2.4,0.345,False,Credit Card,Este,3.0,273.47
33,0.5,Fashion,75.2,4,0.316,2.4,0.149,True,Credit Card,Sur,7.8,175.99
36,2.5,Home & Living,119.57,3,0.005,5.7,0.785,False,Bank Transfer,Sur,7.1,492.99
21,0.8,Fashion,15.0,4,0.093,9.4,0.151,False,Credit Card,Oeste,6.2,64.44
45,5.0,Home & Living,51.05,6,0.326,4.7,0.464,True,Bank Transfer,Este,8.0,208.77
29,3.6,Home & Living,106.83,6,0.202,2.8,0.1,True,Credit Card,Oeste,7.2,774.03
35,9.0,Fashion,63.8,5,0.264,2.3,0.303,False,Credit Card,Norte,8.6,305.68
32,5.3,Fashion,52.74,3,0.098,2.4,0.393,False,Digital Wallet,Oeste,7.9,243.3
28,0.7,Electronics,157.22,2,0.053,6.7,0.188,False,Credit Card,Sur,8.0,339.71
37,5.6,Home & Living,106.47,4,0.176,1.4,0.363,True,Credit Card,Sur,7.8,549.27
35,3.6,Electronics,109.12,2,0.019,3.9,0.285,True,Digital Wallet,Sur,8.2,569.59
33,3.9,Fashion,89.24,4,0.02,7.6,0.083,False,Bank Transfer,Oeste,10.0,596.34
29,6.2,Electronics,106.88,0,0.179,3.2,0.428,False,Bank Transfer,Central,9.1,5.0
41,3.0,Fashion,69.59,4,0.022,2.6,0.403,True,Digital Wallet,Este,6.6,539.47
57,2.2,Fashion,56.63,4,0.329,3.3,0.361,False,Credit Card,Este,10.0,124.43
39,3.5,Home & Living,88.12,2,0.001,3.0,0.395,False,Digital Wallet,Norte,7.5,302.8
49,1.2,Fashion,97.61,4,0.005,4.2,0.204,False,Bank Transfer,Central,7.3,535.47
21,0.7,Home & Living,84.87,3,0.141,6.2,0.258,False,Credit Card,Oeste,8.2,236.59
39,3.4,Fashion,40.62,5,0.121,2.2,0.112,False,Digital Wallet,Oeste,6.6,307.38
24,0.9,Electronics,177.34,2,0.055,1.6,0.427,False,Credit Card,Sur,8.3,512.15
20,0.5,Electronics,183.07,1,0.025,3.8,0.37,False,Digital Wallet,Central,8.6,194.99
29,0.5,Fashion,97.11,3,0.18,3.2,0.215,True,Credit Card,Sur,7.5,363.79
52,3.3,Electronics,159.5,3,0.036,9.6,0.168,True,Credit Card,Este,2.8,373.35
49,1.6,Fashion,51.97,5,0.21,7.0,0.08,False,Bank Transfer,Norte,7.6,209.4
40,4.9,Electronics,175.89,0,0.175,8.1,0.732,False,Digital Wallet,Este,5.0,5.0
19,1.6,Fashion,83.38,8,0.328,7.1,0.617,False,Digital Wallet,Sur,7.4,281.93
35,2.3,Fashion,80.63,3,0.031,1.0,0.545,False,Bank Transfer,Norte,7.0,368.19
41,1.8,Fashion,70.52,3,0.235,4.7,0.14,True,Credit Card,Norte,7.6,259.15
40,3.7,Electronics,172.87,1,0.099,5.5,0.246,False,Credit Card,Central,6.2,232.76
18,1.5,Electronics,207.52,1,0.001,9.8,0.146,True,Credit Card,Este,6.1,321.18
27,11.6,Fashion,56.47,6,0.126,5.1,0.334,True,Digital Wallet,Oeste,3.4,275.68
37,9.6,Electronics,153.25,3,0.036,0.5,0.232,False,Bank Transfer,Central,8.4,652.5
44,6.6,Fashion,62.68,2,0.1,4.0,0.44,False,Credit Card,Norte,7.7,181.1
18,8.9,Fashion,61.84,4,0.142,5.9,0.135,True,Digital Wallet,Norte,5.0,290.68
36,2.1,Electronics,198.14,1,0.165,7.1,0.154,True,Credit Card,Norte,6.2,254.18
39,2.7,Fashion,110.61,6,0.041,9.2,0.412,True,Credit Card,Sur,9.0,1691.0
48,4.7,Fashion,103.28,5,0.035,2.2,0.288,False,Bank Transfer,Central,7.4,690.88
46,4.2,Electronics,151.12,1,0.002,6.4,0.503,False,Digital Wallet,Central,8.9,225.91
44,7.7,Fashion,105.67,4,0.496,7.0,0.066,True,Digital Wallet,Sur,8.5,51.49
28,4.4,Electronics,213.89,3,0.01,3.8,0.395,True,Digital Wallet,Sur,8.3,1105.91
18,15.0,Fashion,53.91,7,0.155,2.4,0.099,True,Digital Wallet,Norte,5.9,401.41
33,1.5,Home & Living,81.05,1,0.0,3.8,0.378,False,Credit Card,Oeste,8.4,103.09
50,6.3,Electronics,161.24,3,0.459,6.5,0.33,True,Credit Card,Central,6.6,44.67
54,4.2,Fashion,127.07,4,0.162,4.8,0.424,False,Credit Card,Sur,2.5,338.3
46,4.1,Fashion,83.0,2,0.35,1.0,0.246,False,Digital Wallet,Sur,5.0,56.8
43,1.4,Electronics,15.0,0,0.005,4.8,0.473,True,Digital Wallet,Este,2.8,5.0
42,5.4,Fashion,71.88,3,0.222,3.8,0.059,False,Credit Card,Central,7.2,213.59
31,8.1,Fashion,55.94,4,0.435,15.9,0.636,False,Digital Wallet,Central,8.9,24.84
36,0.9,Fashion,59.58,7,0.001,7.3,0.476,False,Credit Card,Este,8.9,797.85
58,3.4,Fashion,57.12,4,0.041,4.3,0.374,False,Credit Card,Norte,7.6,342.39
26,1.7,Home & Living,118.45,4,0.031,6.4,0.695,False,Credit Card,Este,6.7,561.23
57,15.0,Home & Living,108.86,1,0.01,3.7,0.489,True,Bank Transfer,Norte,3.4,123.88
34,2.3,Fashion,71.3,6,0.247,1.2,0.303,True,Digital Wallet,Oeste,6.6,425.8
53,0.9,Home & Living,83.46,3,0.248,5.5,0.676,False,Bank Transfer,Este,8.0,166.72
21,1.7,Electronics,137.35,2,0.078,5.4,0.624,False,Bank Transfer,Sur,8.0,336.95
45,3.7,Fashion,69.27,3,0.595,2.1,0.643,False,Credit Card,Este,9.9,22.25
29,0.5,Electronics,137.02,2,0.084,5.2,0.483,False,Credit Card,Norte,9.0,471.57
21,3.2,Electronics,184.09,0,0.015,2.3,0.184,False,Credit Card,Norte,7.4,5.0
40,9.4,Fashion,113.58,5,0.256,6.0,0.414,True,Credit Card,Sur,7.8,900.84
50,6.6,Fashion,62.72,4,0.21,3.3,0.273,True,Digital Wallet,Central,3.1,164.29
27,0.5,Fashion,89.91,4,0.179,3.5,0.363,False,Credit Card,Norte,8.6,396.44
20,15.0,Fashion,56.29,4,0.072,2.8,0.082,True,Bank Transfer,Sur,9.1,445.18
36,4.2,Fashion,83.75,6,0.317,9.7,0.277,True,Digital Wallet,Norte,7.5,469.03
36,0.6,Fashion,88.66,4,0.562,2.8,0.623,False,Digital Wallet,Sur,8.1,28.46
44,0.5,Electronics,235.44,1,0.014,5.0,0.328,False,Credit Card,Norte,2.1,171.45
49,0.7,Fashion,65.39,7,0.046,5.0,0.072,True,Digital Wallet,Norte,4.0,514.63
37,6.4,Electronics,141.45,3,0.095,5.5,0.198,False,Digital Wallet,Norte,8.5,651.51
60,0.5,Fashion,55.4,4,0.127,7.2,0.167,False,Credit Card,Sur,7.4,225.93
40,0.9,Electronics,208.83,2,0.002,1.9,0.532,False,Credit Card,Norte,9.4,650.84
33,5.0,Electronics,179.74,0,0.056,2.2,0.548,True,Digital Wallet,Norte,5.6,5.0
18,3.1,Fashion,95.86,3,0.015,6.4,0.272,True,Credit Card,Norte,4.4,371.87
34,5.3,Fashion,43.45,5,0.02,2.6,0.129,True,Credit Card,Central,7.2,521.18
33,4.8,Fashion,95.02,0,0.354,13.1,0.327,False,Credit Card,Central,7.0,5.0
49,0.5,Electronics,292.72,3,0.086,10.9,0.511,True,Credit Card,Central,5.7,836.67
43,7.8,Fashion,66.27,4,0.047,5.5,0.162,True,Digital Wallet,Central,6.5,553.19
23,0.9,Home & Living,105.55,6,0.0,1.2,0.513,False,Credit Card,Sur,9.6,968.16
40,2.8,Home & Living,150.96,2,0.308,4.8,0.321,True,Bank Transfer,Sur,3.9,134.51
46,3.6,Fashion,76.64,4,0.042,1.8,0.651,False,Credit Card,Central,4.7,353.42
56,0.6,Electronics,186.32,3,0.188,6.8,0.183,False,Credit Card,Este,3.4,273.36
48,13.1,Fashion,101.5,1,0.053,1.3,0.654,True,Credit Card,Oeste,3.4,140.56
47,2.3,Electronics,35.11,3,0.162,15.0,0.014,True,Credit Card,Norte,3.5,74.12
38,0.5,Electronics,134.17,2,0.003,1.7,0.679,True,Credit Card,Norte,7.8,498.43
42,9.7,Electronics,220.95,3,0.329,10.4,0.617,True,Credit Card,Central,8.1,591.89
52,3.1,Home & Living,128.29,6,0.0,2.7,0.336,True,Credit Card,Sur,8.8,1410.77
22,4.2,Fashion,44.35,4,0.222,7.0,0.359,False,Digital Wallet,Norte,8.7,186.74
33,2.6,Fashion,54.15,3,0.084,5.6,0.438,False,Credit Card,Central,5.2,263.41
28,6.3,Fashion,62.17,7,0.457,8.0,0.294,True,Digital Wallet,Central,9.4,64.33
42,0.5,Electronics,20.13,2,0.003,0.5,0.578,False,Credit Card,Norte,9.5,62.84
52,1.1,Fashion,107.7,8,0.368,1.8,0.364,False,Credit Card,Norte,8.5,212.3
30,2.2,Fashion,96.86,4,0.292,7.5,0.173,False,Bank Transfer,Norte,4.0,168.73
18,0.5,Fashion,75.83,5,0.378,1.6,0.392,False,Credit Card,Central,9.4,83.63
33,4.3,Home & Living,95.29,1,0.002,5.7,0.733,False,Credit Card,Este,3.3,98.66
48,1.8,Electronics,196.9,1,0.214,2.0,0.521,False,Digital Wallet,Central,8.5,161.84
44,1.1,Home & Living,105.14,3,0.051,3.9,0.674,False,Credit Card,Sur,8.2,382.78
43,0.5,Fashion,75.45,5,0.02,1.7,0.186,True,Credit Card,Central,8.3,670.78
34,4.5,Fashion,112.17,2,0.248,7.0,0.549,False,Credit Card,Central,7.9,247.92
22,6.3,Fashion,95.36,5,0.105,6.1,0.475,False,Credit Card,Central,7.7,641.58
44,1.8,Home & Living,137.81,4,0.0,3.4,0.542,True,Digital Wallet,Este,9.0,1290.03
27,2.9,Electronics,251.46,1,0.041,4.5,0.244,False,Credit Card,Oeste,7.4,407.7
64,0.9,Fashion,61.27,2,0.289,6.2,0.247,False,Credit Card,Sur,7.2,70.76
44,3.4,Fashion,66.6,5,0.169,2.4,0.368,False,Credit Card,Central,8.2,366.68
31,0.5,Electronics,220.67,2,0.017,5.8,0.345,False,Credit Card,Oeste,7.1,640.67
30,2.3,Electronics,101.93,2,0.036,8.9,0.67,False,Credit Card,Sur,9.0,400.96
36,3.6,Home & Living,90.81,7,0.003,2.4,0.245,False,Digital Wallet,Este,3.4,612.9
35,8.8,Electronics,139.43,1,0.035,1.2,0.273,True,Credit Card,Norte,3.5,203.83
51,1.7,Electronics,183.06,0,0.003,4.4,0.469,False,Digital Wallet,Oeste,5.7,5.0
40,5.1,Home & Living,94.61,2,0.132,10.0,0.384,False,Bank Transfer,Norte,9.5,293.71
29,3.2,Fashion,104.9,4,0.221,1.5,0.198,False,Credit Card,Oeste,6.7,355.51
60,9.2,Electronics,143.43,4,0.301,2.2,0.149,False,Credit Card,Central,8.7,334.65
38,1.8,Fashion,81.37,4,0.021,2.2,0.383,True,Credit Card,Norte,7.3,738.54
47,1.3,Fashion,85.45,4,0.127,5.3,0.3,False,Credit Card,Sur,1.9,209.96
30,7.6,Home & Living,73.02,3,0.329,4.5,0.377,True,Credit Card,Central,6.4,139.59
42,0.5,Fashion,111.5,5,0.0,5.1,0.247,True,Digital Wallet,Norte,8.0,946.72
41,0.5,Home & Living,83.58,6,0.505,5.4,0.23,False,Digital Wallet,Oeste,3.5,23.76
18,0.5,Electronics,143.41,1,0.076,2.0,0.553,True,Credit Card,Norte,5.0,198.63
62,6.5,Fashion,71.85,2,0.543,8.0,0.167,True,Bank Transfer,Sur,8.2,13.04
53,0.5,Electronics,172.97,3,0.141,3.2,0.23,False,Credit Card,Central,7.4,363.36
33,6.9,Electronics,221.49,4,0.13,2.9,0.427,False,Bank Transfer,Sur,4.9,748.58
24,2.1,Fashion,79.93,3,0.191,3.8,0.488,False,Credit Card,Sur,6.1,262.4
42,0.5,Electronics,221.07,2,0.36,1.7,0.435,False,Credit Card,Norte,7.6,152.04
39,1.8,Fashion,85.34,2,0.178,2.9,0.316,False,Bank Transfer,Sur,4.0,106.07
42,0.7,Home & Living,83.24,2,0.047,3.9,0.58,True,Credit Card,Central,8.7,343.57
40,3.4,Fashion,58.33,2,0.296,6.0,0.221,False,Digital Wallet,Central,8.5,84.88
44,4.0,Electronics,221.63,4,0.081,1.2,0.14,False,Digital Wallet,Norte,7.2,1183.08
55,2.3,Fashion,78.94,6,0.295,8.5,0.285,False,Digital Wallet,Este,9.7,316.15
44,0.5,Home & Living,120.26,3,0.0,2.7,0.295,True,Digital Wallet,Central,3.6,340.06
25,3.7,Fashion,87.37,5,0.189,6.4,0.079,True,Credit Card,Norte,6.0,673.63
54,6.5,Fashion,29.6,3,0.054,5.0,0.17,False,Bank Transfer,Este,9.4,141.26
57,4.5,Electronics,158.59,1,0.158,3.3,0.328,False,Bank Transfer,Este,3.7,88.62
75,6.2,Electronics,134.79,0,0.063,7.5,0.091,False,Digital Wallet,Este,3.5,5.0
24,0.8,Fashion,75.72,5,0.108,3.5,0.233,False,Credit Card,Este,6.6,410.92
40,7.7,Electronics,257.21,3,0.002,1.7,0.167,False,Credit Card,Central,9.6,1748.74
18,1.4,Home & Living,124.38,3,0.12,4.0,0.101,False,Credit Card,Norte,7.8,410.61
44,0.5,Fashion,41.66,5,0.221,7.7,0.479,False,Credit Card,Sur,6.6,172.26
31,6.5,Fashion,102.89,7,0.042,3.0,0.464,False,Credit Card,Este,3.3,856.77
61,10.0,Home & Living,137.54,4,0.015,11.4,0.417,False,Bank Transfer,Sur,7.8,804.63
28,3.7,Home & Living,128.81,1,0.54,2.6,0.038,True,Credit Card,Central,7.3,9.59
18,0.9,Fashion,113.27,2,0.041,10.9,0.401,False,Credit Card,Central,2.4,161.48
32,1.0,Home & Living,120.07,2,0.018,4.6,0.508,True,Bank Transfer,Norte,9.2,392.15
18,2.2,Home & Living,56.51,6,0.002,4.5,0.265,True,Digital Wallet,Central,8.4,527.54
47,8.0,Home & Living,100.58,4,0.078,2.0,0.609,False,Digital Wallet,Oeste,9.0,499.6
18,0.6,Home & Living,59.53,3,0.005,7.0,0.133,False,Digital Wallet,Norte,8.9,198.99
38,6.1,Fashion,113.86,1,0.332,2.7,0.226,False,Credit Card,Sur,7.0,67.19
18,1.2,Fashion,91.7,2,0.017,5.5,0.149,False,Bank Transfer,Norte,8.5,279.45
34,5.8,Electronics,239.34,0,0.269,3.7,0.328,True,Bank Transfer,Oeste,5.0,5.0
57,8.9,Electronics,203.27,2,0.008,12.2,0.459,True,Credit Card,Norte,5.7,985.11
42,2.0,Electronics,166.16,3,0.009,7.6,0.256,False,Credit Card,Central,6.0,594.18
27,1.6,Electronics,241.02,2,0.094,7.3,0.293,False,Credit Card,Sur,6.3,632.81
37,5.7,Fashion,47.23,5,0.048,4.7,0.334,False,Digital Wallet,Central,7.7,371.7
38,2.6,Electronics,134.9,1,0.098,6.3,0.11,False,Credit Card,Sur,6.0,174.48
43,4.0,Home & Living,79.08,7,0.252,3.2,0.167,False,Credit Card,Norte,7.5,419.28
21,3.4,Home & Living,94.56,4,0.05,2.2,0.562,False,Credit Card,Central,7.2,457.91
45,0.6,Electronics,135.43,0,0.076,6.3,0.381,False,Bank Transfer,Central,7.3,5.0
18,6.5,Electronics,180.86,1,0.214,4.9,0.159,False,Digital Wallet,Norte,9.2,151.32
30,0.8,Home & Living,88.06,3,0.016,0.9,0.148,False,Digital Wallet,Sur,7.9,296.96
32,9.4,Home & Living,57.19,3,0.079,2.4,0.374,True,Digital Wallet,Norte,3.7,202.3
45,1.0,Home & Living,72.68,8,0.0,4.2,0.683,False,Credit Card,Central,9.1,999.01
38,4.6,Home & Living,109.39,2,0.001,0.9,0.675,False,Digital Wallet,Central,6.1,349.39
21,1.2,Home & Living,91.75,3,0.228,3.6,0.292,False,Digital Wallet,Norte,8.6,205.64
26,1.3,Fashion,94.19,6,0.109,3.7,0.442,True,Bank Transfer,Este,6.8,929.82
40,1.3,Electronics,170.86,1,0.126,6.6,0.673,False,Digital Wallet,Central,7.4,212.38
37,4.8,Home & Living,134.35,5,0.032,8.2,0.556,False,Digital Wallet,Oeste,8.4,1192.69
31,2.8,Electronics,157.62,2,0.026,3.4,0.354,False,Credit Card,Sur,7.3,549.88
32,7.5,Home & Living,96.42,3,0.004,2.2,0.199,True,Bank Transfer,Este,9.6,562.31
46,1.3,Fashion,15.0,3,0.254,9.4,0.195,True,Digital Wallet,Central,9.8,44.96
31,4.1,Home & Living,81.2,4,0.16,6.7,0.4,True,Credit Card,Este,7.7,396.94
36,4.9,Electronics,199.47,3,0.038,8.6,0.054,False,Digital Wallet,Sur,7.4,1218.19
64,0.6,Fashion,58.85,3,0.179,2.2,0.231,True,Credit Card,Norte,8.4,197.87
20,1.8,Fashion,143.29,3,0.292,4.8,0.246,False,Credit Card,Central,4.3,157.23
18,2.3,Home & Living,111.4,5,0.454,1.7,0.528,False,Credit Card,Norte,6.6,33.45
47,1.5,Electronics,127.15,5,0.004,2.6,0.185,False,Credit Card,Este,6.6,743.44
29,1.4,Home & Living,106.53,1,0.046,11.7,0.421,False,Credit Card,Sur,5.8,161.0
34,4.1,Home & Living,77.22,2,0.213,4.5,0.353,False,Credit Card,Norte,6.4,177.29
28,0.9,Fashion,31.68,4,0.218,6.9,0.076,True,Bank Transfer,Central,10.0,146.14
34,4.3,Home & Living,135.23,3,0.02,1.7,0.111,True,Bank Transfer,Central,6.4,696.78
57,9.6,Fashion,74.07,5,0.161,10.1,0.392,False,Credit Card,Central,10.0,519.56
47,2.9,Electronics,181.41,2,0.119,2.1,0.474,False,Digital Wallet,Sur,9.2,577.33
48,3.3,Electronics,206.93,4,0.089,2.0,0.272,True,Credit Card,Sur,5.2,987.24
21,0.5,Home & Living,60.03,0,0.138,2.4,0.619,False,Credit Card,Sur,6.8,5.0
24,7.0,Fashion,98.02,3,0.574,4.7,0.114,True,Digital Wallet,Norte,8.9,29.85
18,1.2,Electronics,216.05,0,0.098,2.4,0.328,False,Credit Card,Este,6.3,5.0
28,3.3,Fashion,68.05,3,0.018,3.6,0.437,False,Credit Card,Sur,9.2,403.34
49,13.5,Fashion,62.05,1,0.08,7.4,0.078,True,Credit Card,Este,8.2,143.5
44,3.2,Electronics,197.19,2,0.222,3.0,0.566,True,Credit Card,Este,9.4,534.33
35,4.5,Fashion,63.53,7,0.011,4.5,0.354,False,Bank Transfer,Central,2.4,457.54
37,2.1,Electronics,187.89,2,0.066,3.1,0.407,False,Digital Wallet,Central,3.3,354.75
29,0.5,Electronics,93.21,0,0.003,8.2,0.206,False,Digital Wallet,Central,5.7,5.0
40,5.6,Fashion,29.12,4,0.007,1.6,0.341,False,Credit Card,Norte,6.4,266.36
47,0.5,Fashion,73.36,9,0.544,11.2,0.195,False,Bank Transfer,Sur,6.3,44.9
18,4.2,Electronics,160.82,2,0.38,2.7,0.02,False,Bank Transfer,Este,9.3,81.43
41,0.5,Fashion,83.78,5,0.01,2.5,0.135,True,Bank Transfer,Norte,5.3,533.38
49,6.9,Electronics,238.6,2,0.011,1.9,0.26,False,Credit Card,Este,10.0,943.02
33,0.6,Electronics,113.88,0,0.259,1.9,0.163,False,Credit Card,Norte,9.9,5.0
46,2.5,Electronics,157.22,3,0.006,13.0,0.35,False,Bank Transfer,Central,7.8,695.91
71,3.2,Electronics,151.24,6,0.228,5.9,0.346,False,Digital Wallet,Central,8.7,741.14
36,2.1,Electronics,199.55,0,0.365,1.4,0.429,True,Credit Card,Sur,10.0,5.0
42,1.5,Home & Living,74.46,3,0.005,7.3,0.201,False,Credit Card,Sur,7.8,395.54
29,2.2,Fashion,97.37,5,0.059,2.6,0.306,True,Credit Card,Sur,6.0,890.12
40,1.3,Electronics,179.7,1,0.148,8.6,0.398,False,Credit Card,Este,9.1,269.23
43,2.0,Electronics,227.81,1,0.432,9.4,0.428,False,Digital Wallet,Norte,5.4,16.34
40,1.6,Electronics,77.99,1,0.002,2.1,0.387,False,Credit Card,Sur,7.7,101.8
25,2.9,Home & Living,97.38,4,0.213,8.6,0.575,True,Credit Card,Oeste,7.6,445.11
40,1.0,Fashion,87.51,6,0.105,4.1,0.192,False,Credit Card,Norte,7.6,597.96
55,15.0,Electronics,144.71,2,0.359,0.9,0.343,True,Credit Card,Norte,8.7,147.3
43,2.4,Fashion,81.12,7,0.258,1.2,0.202,False,Credit Card,Oeste,5.4,377.23
49,0.8,Fashion,100.15,7,0.146,3.4,0.307,True,Digital Wallet,Oeste,7.8,848.94
35,2.3,Electronics,160.43,0,0.007,3.0,0.168,False,Credit Card,Central,7.7,5.0
46,7.0,Fashion,80.96,2,0.157,4.0,0.421,False,Bank Transfer,Este,5.0,178.49
41,0.5,Fashion,100.8,4,0.404,1.2,0.539,True,Credit Card,Sur,8.9,83.29
26,4.0,Electronics,122.67,2,0.18,6.8,0.676,True,Credit Card,Oeste,8.3,354.4
41,2.8,Fashion,72.01,4,0.092,16.3,0.17,False,Credit Card,Oeste,3.4,252.48
26,0.7,Fashion,41.56,7,0.201,2.6,0.049,False,Credit Card,Norte,6.3,250.59
30,6.0,Fashion,42.44,4,0.042,2.3,0.399,True,Digital Wallet,Central,7.4,392.53
40,1.6,Electronics,147.44,1,0.012,4.8,0.449,False,Credit Card,Sur,9.9,196.83
41,1.2,Fashion,51.63,3,0.334,3.1,0.626,True,Credit Card,Sur,9.6,107.95
23,6.2,Fashion,32.94,3,0.6,5.2,0.217,False,Digital Wallet,Este,7.3,6.09
50,3.6,Fashion,121.2,4,0.339,2.9,0.21,True,Credit Card,Central,9.9,339.34
44,8.0,Fashion,88.2,2,0.079,3.3,0.413,True,Bank Transfer,Este,10.0,289.27
29,3.5,Electronics,265.31,0,0.001,3.1,0.077,True,Credit Card,Central,8.1,5.0
19,4.7,Fashion,74.19,1,0.088,5.6,0.73,True,Digital Wallet,Este,8.9,113.07
36,6.3,Fashion,30.34,2,0.392,4.3,0.269,False,Credit Card,Sur,8.3,18.25
32,0.5,Fashion,103.93,6,0.055,6.8,0.068,False,Digital Wallet,Norte,6.8,833.35
39,5.2,Home & Living,95.87,4,0.147,1.7,0.183,False,Credit Card,Oeste,6.5,479.33
33,3.3,Home & Living,74.17,3,0.017,4.5,0.129,True,Credit Card,Este,2.0,212.95
18,0.5,Electronics,223.99,1,0.086,11.8,0.565,False,Digital Wallet,Central,9.7,245.29
33,2.5,Home & Living,80.39,5,0.008,3.1,0.128,False,Bank Transfer,Central,8.5,530.73
34,0.5,Fashion,106.07,3,0.088,4.0,0.069,True,Digital Wallet,Este,4.1,288.11
45,4.7,Fashion,34.15,8,0.147,7.0,0.323,True,Credit Card,Este,9.5,502.48
29,2.8,Home & Living,111.27,1,0.022,2.6,0.449,False,Credit Card,Este,8.1,184.22
58,10.7,Fashion,90.69,6,0.07,3.2,0.524,True,Credit Card,Este,7.1,879.0
18,0.7,Fashion,86.6,5,0.146,3.8,0.095,False,Bank Transfer,Central,4.0,219.99
53,3.3,Home & Living,41.28,1,0.159,3.8,0.37,True,Bank Transfer,Central,7.6,44.82
35,0.8,Electronics,134.86,1,0.232,6.1,0.462,False,Credit Card,Central,4.2,101.49
48,3.3,Electronics,239.55,1,0.075,1.5,0.48,True,Credit Card,Este,6.9,453.44
38,4.5,Fashion,123.32,6,0.138,3.7,0.074,True,Digital Wallet,Este,6.7,924.52
51,4.5,Home & Living,67.65,4,0.0,4.5,0.415,True,Credit Card,Norte,5.6,425.06
33,5.9,Home & Living,82.73,3,0.128,4.4,0.221,False,Digital Wallet,Central,9.1,334.63
24,6.7,Electronics,190.09,0,0.027,3.7,0.175,True,Credit Card,Norte,7.7,5.0
55,0.5,Home & Living,54.98,2,0.211,6.9,0.462,True,Credit Card,Sur,7.7,99.42
36,1.5,Electronics,240.19,3,0.007,1.3,0.55,False,Digital Wallet,Norte,9.1,1346.95
40,4.1,Home & Living,94.56,8,0.191,4.0,0.106,False,Digital Wallet,Norte,6.7,806.73
52,2.4,Fashion,54.72,5,0.002,7.1,0.448,False,Credit Card,Central,9.7,419.79
25,0.7,Electronics,155.26,3,0.018,1.4,0.34,False,Credit Card,Sur,7.5,598.38
45,2.8,Electronics,118.79,3,0.023,10.9,0.124,False,Digital Wallet,Central,5.9,538.59
30,1.8,Electronics,99.46,2,0.051,4.2,0.342,False,Digital Wallet,Central,7.0,243.32
36,1.7,Electronics,211.82,0,0.155,12.1,0.077,True,Digital Wallet,Sur,8.2,5.0
38,5.8,Home & Living,66.83,6,0.187,2.4,0.217,False,Digital Wallet,Norte,7.9,526.57
19,1.8,Electronics,221.85,2,0.6,5.3,0.045,False,Credit Card,Norte,6.3,26.05
28,0.5,Home & Living,75.19,5,0.055,3.3,0.268,False,Credit Card,Sur,8.0,419.65
54,0.5,Fashion,60.95,4,0.055,3.4,0.152,False,Credit Card,Central,7.7,294.48
48,6.8,Fashion,58.44,4,0.303,0.8,0.089,False,Digital Wallet,Este,7.9,132.32
37,11.3,Electronics,65.71,1,0.062,3.4,0.09,True,Digital Wallet,Central,9.3,147.24
40,4.1,Home & Living,125.45,3,0.003,2.0,0.603,True,Digital Wallet,Oeste,8.4,700.91
34,1.6,Fashion,75.03,6,0.031,5.2,0.432,True,Credit Card,Central,7.8,857.4
54,9.8,Home & Living,54.4,4,0.392,5.9,0.146,True,Digital Wallet,Oeste,7.1,53.84
35,3.8,Home & Living,53.06,2,0.047,12.3,0.489,False,Credit Card,Sur,7.0,203.54
40,6.5,Electronics,208.57,1,0.455,3.7,0.409,True,Credit Card,Este,6.5,22.98
51,5.1,Electronics,204.36,1,0.009,2.2,0.453,False,Credit Card,Central,8.7,252.6
28,1.7,Home & Living,76.49,5,0.34,15.2,0.349,True,Digital Wallet,Sur,8.7,253.31
56,2.3,Home & Living,15.0,1,0.006,3.0,0.595,True,Digital Wallet,Central,9.6,24.96
19,0.7,Fashion,72.84,4,0.049,4.2,0.055,False,Bank Transfer,Sur,9.8,345.01
57,1.2,Fashion,38.85,7,0.103,2.8,0.747,True,Digital Wallet,Norte,7.9,341.42
33,5.3,Fashion,44.17,9,0.361,6.6,0.214,False,Credit Card,Central,7.4,192.41
35,7.9,Electronics,195.66,3,0.014,2.5,0.45,False,Digital Wallet,Este,5.5,945.63
18,4.5,Electronics,100.26,1,0.164,1.0,0.436,True,Credit Card,Sur,9.8,135.58
32,2.2,Fashion,120.39,2,0.103,4.6,0.15,True,Digital Wallet,Central,8.0,342.3
25,0.5,Electronics,209.36,1,0.02,3.9,0.442,False,Credit Card,Central,8.7,259.83
30,0.5,Fashion,78.49,6,0.084,8.2,0.252,True,Credit Card,Central,8.2,899.71
36,1.6,Home & Living,122.52,5,0.135,3.4,0.393,True,Digital Wallet,Central,9.2,991.34
49,2.2,Home & Living,106.31,4,0.003,1.8,0.272,True,Digital Wallet,Este,3.0,404.54
40,3.3,Home & Living,84.11,8,0.001,5.9,0.359,False,Bank Transfer,Central,6.4,1123.71
41,0.5,Home & Living,95.95,5,0.016,2.2,0.792,False,Credit Card,Central,9.1,722.66
24,15.0,Fashion,52.94,9,0.063,7.5,0.251,True,Bank Transfer,Este,8.8,998.63
27,1.6,Home & Living,115.76,3,0.176,6.1,0.093,True,Digital Wallet,Central,7.8,361.68
59,6.6,Home & Living,145.64,2,0.0,1.5,0.56,True,Credit Card,Sur,6.7,529.86
29,2.7,Home & Living,73.24,3,0.299,3.7,0.182,False,Bank Transfer,Norte,7.0,125.28
57,0.5,Fashion,58.51,4,0.003,2.4,0.122,False,Digital Wallet,Central,6.6,273.27
35,5.6,Electronics,231.56,2,0.218,5.3,0.216,True,Credit Card,Oeste,6.7,598.4
38,4.3,Electronics,164.82,2,0.381,0.8,0.413,True,Credit Card,Central,7.9,99.43
50,2.6,Electronics,140.15,4,0.087,6.3,0.681,True,Credit Card,Norte,7.6,957.85
53,2.5,Home & Living,92.89,3,0.059,3.6,0.127,True,Credit Card,Norte,6.8,441.76
36,0.5,Fashion,99.41,6,0.018,1.3,0.622,True,Credit Card,Norte,7.3,1416.82
33,3.7,Home & Living,95.26,3,0.051,3.5,0.599,True,Credit Card,Central,6.2,537.62
37,8.5,Fashion,65.53,2,0.39,6.2,0.125,True,Digital Wallet,Oeste,7.9,50.05
42,0.5,Fashion,48.0,4,0.098,2.1,0.147,True,Credit Card,Oeste,6.8,267.19
48,1.1,Electronics,291.22,3,0.174,3.2,0.18,False,Digital Wallet,Sur,9.6,691.64
38,8.1,Electronics,180.23,3,0.509,4.4,0.576,True,Credit Card,Este,7.5,69.24
45,1.2,Fashion,96.73,4,0.013,7.5,0.079,False,Credit Card,Norte,6.9,633.21
57,3.7,Fashion,69.19,3,0.03,6.6,0.306,True,Credit Card,Central,4.6,268.57
42,2.7,Electronics,113.16,1,0.001,4.3,0.24,True,Digital Wallet,Norte,8.5,228.33
41,3.2,Home & Living,123.87,6,0.001,1.3,0.276,True,Credit Card,Central,8.3,1671.14
19,1.9,Fashion,107.33,4,0.027,7.8,0.415,False,Digital Wallet,Oeste,7.7,597.32
18,1.2,Home & Living,117.72,3,0.012,8.4,0.371,False,Credit Card,Este,9.1,567.09
42,0.5,Electronics,162.8,1,0.001,2.5,0.321,True,Digital Wallet,Central,7.3,249.38
36,4.8,Fashion,109.92,6,0.039,1.1,0.422,True,Credit Card,Central,8.2,917.81
31,4.8,Electronics,42.68,4,0.075,3.1,0.276,False,Bank Transfer,Este,6.1,227.15
40,3.9,Home & Living,106.63,1,0.262,3.9,0.175,False,Credit Card,Norte,7.3,83.23
37,3.6,Fashion,101.32,2,0.027,3.9,0.416,True,Credit Card,Oeste,3.2,263.62
51,1.0,Fashion,40.76,3,0.125,3.8,0.208,False,Digital Wallet,Central,4.5,66.71
39,0.5,Home & Living,111.45,4,0.063,11.1,0.162,False,Credit Card,Oeste,8.3,629.86
29,5.8,Electronics,197.21,3,0.004,4.0,0.043,False,Digital Wallet,Norte,7.7,826.79
49,2.4,Electronics,125.5,1,0.0,7.6,0.736,False,Credit Card,Central,8.4,194.79
35,1.3,Home & Living,110.48,2,0.005,1.3,0.559,False,Credit Card,Sur,7.0,264.72
44,0.5,Fashion,84.37,3,0.531,11.9,0.544,False,Digital Wallet,Este,7.7,20.81
32,0.5,Electronics,64.33,3,0.367,10.4,0.276,False,Bank Transfer,Central,6.4,54.21
30,1.5,Fashion,66.2,4,0.305,4.4,0.724,False,Credit Card,Sur,2.0,82.53
39,5.7,Electronics,161.57,1,0.108,3.5,0.349,False,Credit Card,Este,7.2,278.51
38,8.8,Electronics,181.3,1,0.119,7.3,0.471,True,Bank Transfer,Norte,6.9,286.49
43,7.9,Fashion,72.58,2,0.163,7.0,0.329,False,Digital Wallet,Central,9.5,216.79
34,8.8,Home & Living,96.03,1,0.036,2.2,0.227,True,Credit Card,Sur,10.0,234.13
18,8.3,Fashion,70.99,2,0.005,1.7,0.329,True,Credit Card,Este,6.5,292.84
32,2.6,Fashion,69.27,3,0.291,1.5,0.679,False,Bank Transfer,Norte,9.1,166.93
47,0.9,Home & Living,107.73,4,0.017,6.6,0.358,True,Digital Wallet,Central,8.1,843.73
34,5.6,Electronics,187.97,4,0.065,11.9,0.16,True,Bank Transfer,Central,7.2,1515.57
35,0.8,Fashion,119.19,1,0.155,1.1,0.647,True,Credit Card,Central,6.2,143.53
49,1.1,Home & Living,118.07,3,0.051,6.2,0.202,True,Digital Wallet,Norte,9.1,423.03
29,0.9,Electronics,189.59,2,0.026,5.9,0.368,False,Bank Transfer,Central,7.7,503.42
19,2.5,Fashion,110.48,4,0.236,5.9,0.521,True,Bank Transfer,Sur,7.9,354.59
36,1.4,Home & Living,87.05,0,0.025,1.6,0.538,True,Credit Card,Sur,9.0,5.0
32,0.6,Home & Living,91.2,2,0.033,5.9,0.643,False,Credit Card,Central,9.2,340.36
26,2.1,Electronics,134.81,1,0.036,0.7,0.238,False,Digital Wallet,Este,6.5,184.33
35,7.2,Electronics,160.83,1,0.117,11.9,0.499,False,Digital Wallet,Este,7.3,231.43
43,3.0,Electronics,161.77,2,0.065,1.6,0.537,False,Digital Wallet,Oeste,7.6,418.84
37,7.4,Fashion,82.42,3,0.285,2.9,0.276,False,Credit Card,Central,8.1,246.43
41,0.8,Fashion,35.85,5,0.101,5.6,0.124,True,Bank Transfer,Central,8.8,248.56
59,0.6,Fashion,78.44,8,0.055,4.0,0.519,False,Credit Card,Este,1.7,345.9
33,3.0,Home & Living,139.42,2,0.0,2.7,0.322,False,Digital Wallet,Este,7.6,476.13
41,2.2,Electronics,198.41,1,0.117,10.1,0.201,False,Digital Wallet,Norte,8.3,262.06
31,3.8,Home & Living,96.87,3,0.575,2.9,0.132,True,Digital Wallet,Este,8.4,32.38
27,5.5,Electronics,160.14,2,0.107,6.2,0.168,True,Credit Card,Norte,6.6,444.33
30,4.9,Electronics,186.33,0,0.061,7.1,0.128,False,Digital Wallet,Central,4.2,5.0
32,10.0,Fashion,45.3,2,0.451,5.9,0.605,True,Credit Card,Norte,10.0,14.44
42,1.8,Electronics,137.89,5,0.268,1.8,0.325,True,Credit Card,Norte,9.2,732.9
66,0.8,Fashion,61.06,6,0.143,9.5,0.253,False,Digital Wallet,Norte,6.5,363.89
29,2.8,Home & Living,136.79,4,0.052,10.1,0.129,True,Digital Wallet,Norte,6.7,824.28
33,0.5,Electronics,252.71,0,0.053,4.7,0.388,False,Digital Wallet,Central,8.7,5.0
37,1.2,Fashion,70.05,9,0.037,6.7,0.254,True,Digital Wallet,Norte,8.7,1168.37
42,0.8,Electronics,223.27,1,0.241,7.4,0.659,False,Credit Card,Norte,8.2,180.71
41,1.8,Electronics,190.28,2,0.031,6.3,0.428,False,Credit Card,Norte,7.8,676.79
53,0.5,Fashion,85.01,6,0.075,1.9,0.131,False,Credit Card,Este,8.9,477.53
18,0.5,Home & Living,101.7,5,0.011,4.5,0.24,True,Digital Wallet,Central,4.2,480.25
18,3.7,Fashion,138.41,7,0.074,1.5,0.302,True,Credit Card,Sur,6.1,1530.75
32,3.3,Fashion,46.65,10,0.165,0.8,0.12,False,Digital Wallet,Central,7.9,550.85
51,4.3,Home & Living,123.4,4,0.363,2.6,0.093,False,Digital Wallet,Central,4.3,82.87
19,3.8,Home & Living,102.22,6,0.008,3.8,0.445,True,Credit Card,Sur,8.9,1110.18
18,0.5,Electronics,114.29,0,0.359,1.9,0.427,False,Credit Card,Central,7.8,5.0
44,1.2,Fashion,93.15,4,0.039,10.1,0.255,False,Credit Card,Central,7.8,574.65
40,0.5,Fashion,64.28,5,0.068,9.9,0.514,True,Bank Transfer,Sur,8.2,630.32
24,6.5,Fashion,15.51,7,0.097,8.1,0.109,True,Digital Wallet,Norte,6.9,252.35
26,4.8,Fashion,92.38,9,0.189,5.5,0.383,False,Credit Card,Norte,8.2,1075.04
26,0.8,Electronics,162.14,3,0.029,3.5,0.306,False,Credit Card,Oeste,7.1,709.13
39,1.5,Fashion,72.38,4,0.195,4.5,0.434,True,Credit Card,Sur,3.2,284.99
30,11.9,Fashion,91.92,3,0.074,1.5,0.269,True,Bank Transfer,Oeste,5.3,407.74
43,3.2,Fashion,65.88,7,0.109,3.0,0.446,False,Credit Card,Central,7.2,690.48
18,5.7,Home & Living,84.07,2,0.092,10.6,0.094,True,Credit Card,Central,3.3,155.25
27,1.1,Home & Living,94.26,2,0.009,5.1,0.119,True,Digital Wallet,Norte,2.7,169.76
24,0.8,Fashion,21.16,0,0.019,2.0,0.202,True,Digital Wallet,Central,6.5,5.0
34,5.4,Fashion,42.85,10,0.085,12.9,0.663,True,Digital Wallet,Sur,3.0,508.97
31,4.1,Fashion,47.7,3,0.247,9.5,0.636,True,Digital Wallet,Norte,3.9,114.07
47,4.0,Fashion,119.73,5,0.273,7.9,0.528,True,Digital Wallet,Oeste,7.7,662.87
18,2.8,Home & Living,104.4,4,0.149,4.8,0.471,False,Bank Transfer,Sur,7.6,355.08
38,2.9,Fashion,81.01,9,0.068,5.5,0.369,False,Credit Card,Central,3.3,772.51
44,4.7,Electronics,209.57,6,0.244,4.3,0.154,False,Digital Wallet,Norte,8.9,643.17
60,1.1,Fashion,90.08,6,0.167,4.4,0.284,True,Credit Card,Central,6.2,572.67
32,1.5,Fashion,74.68,7,0.131,3.0,0.109,False,Credit Card,Sur,8.0,809.89
41,7.2,Fashion,81.33,5,0.164,13.5,0.447,True,Digital Wallet,Sur,2.8,400.18
18,1.3,Fashion,107.18,3,0.217,4.1,0.417,True,Credit Card,Norte,8.2,354.65
18,2.8,Electronics,112.25,2,0.054,2.2,0.32,False,Digital Wallet,Norte,8.1,259.21
48,4.2,Electronics,177.84,1,0.007,3.5,0.324,False,Digital Wallet,Norte,7.6,285.42
37,15.0,Electronics,229.07,0,0.036,0.8,0.373,False,Bank Transfer,Oeste,6.7,5.0
52,2.0,Fashion,135.47,6,0.411,6.1,0.147,True,Digital Wallet,Central,7.6,118.43
21,2.0,Electronics,159.05,1,0.001,1.9,0.514,True,Credit Card,Central,6.3,276.3
44,6.5,Home & Living,100.44,3,0.009,1.4,0.28,False,Credit Card,Sur,6.9,505.47
60,5.7,Electronics,284.82,1,0.389,3.2,0.454,True,Digital Wallet,Central,4.9,52.49
43,4.6,Home & Living,85.04,3,0.002,2.5,0.602,False,Credit Card,Sur,7.9,341.97
41,2.2,Electronics,218.03,2,0.6,7.0,0.143,False,Credit Card,Sur,7.8,37.74
38,1.4,Electronics,55.55,1,0.057,2.2,0.376,False,Credit Card,Central,4.9,56.98
19,3.3,Fashion,77.85,6,0.239,6.7,0.389,True,Credit Card,Central,4.1,280.27
54,7.3,Electronics,185.01,0,0.276,4.0,0.157,True,Credit Card,Este,7.3,5.0
30,7.5,Home & Living,79.15,2,0.255,5.6,0.64,True,Bank Transfer,Central,1.0,82.43
44,0.5,Electronics,292.16,3,0.001,6.8,0.631,False,Credit Card,Norte,6.0,1190.31
19,2.0,Fashion,76.67,10,0.024,0.9,0.76,True,Digital Wallet,Sur,6.7,1088.88
23,2.2,Home & Living,124.16,2,0.001,3.7,0.226,True,Credit Card,Central,7.5,482.72
55,13.3,Fashion,90.8,2,0.061,2.3,0.446,True,Credit Card,Norte,7.2,324.32
33,4.0,Electronics,124.82,1,0.039,5.4,0.757,False,Credit Card,Norte,2.3,137.25
55,1.8,Electronics,151.47,6,0.043,2.4,0.507,False,Credit Card,Central,7.1,1197.39
37,0.5,Fashion,86.58,4,0.085,3.7,0.128,True,Credit Card,Oeste,6.0,643.68
18,2.9,Electronics,144.91,0,0.049,1.2,0.363,False,Digital Wallet,Norte,7.7,5.0
48,0.5,Fashion,80.51,4,0.134,13.0,0.563,False,Credit Card,Sur,7.8,336.66
30,6.3,Home & Living,102.2,2,0.066,1.8,0.367,False,Credit Card,Central,6.5,271.3
46,4.9,Home & Living,105.09,4,0.048,5.3,0.166,False,Credit Card,Este,6.4,639.09
38,2.2,Electronics,79.59,4,0.085,2.6,0.662,True,Credit Card,Central,7.3,681.62
19,2.0,Electronics,274.31,3,0.122,6.7,0.77,False,Digital Wallet,Norte,8.7,762.13
39,8.0,Electronics,168.3,3,0.198,1.8,0.524,False,Credit Card,Central,7.0,681.16
64,1.2,Fashion,84.93,3,0.537,0.9,0.265,True,Credit Card,Oeste,9.4,23.23
43,1.0,Fashion,99.1,5,0.146,5.0,0.39,False,Credit Card,Central,6.6,557.49
37,9.8,Home & Living,82.61,1,0.036,3.7,0.344,False,Digital Wallet,Sur,10.0,169.35
50,5.8,Fashion,88.55,5,0.084,2.1,0.249,True,Digital Wallet,Este,9.3,781.17
40,6.0,Electronics,68.94,1,0.036,3.6,0.485,True,Digital Wallet,Sur,6.3,107.31
40,0.8,Fashion,93.78,7,0.068,3.0,0.137,False,Credit Card,Este,5.7,713.56
24,0.5,Electronics,321.18,5,0.07,7.7,0.411,False,Digital Wallet,Sur,8.5,2032.93
40,0.5,Electronics,65.09,4,0.114,4.1,0.19,True,Digital Wallet,Este,3.3,246.69
50,0.9,Electronics,164.19,2,0.035,6.7,0.281,True,Credit Card,Sur,7.8,374.43
27,5.2,Electronics,174.21,2,0.271,5.5,0.471,True,Digital Wallet,Sur,9.0,315.98
55,1.0,Fashion,75.35,6,0.366,4.7,0.459,False,Bank Transfer,Central,2.0,51.95
36,4.6,Fashion,70.87,6,0.274,1.1,0.343,False,Credit Card,Oeste,4.0,184.91
27,1.0,Electronics,201.06,2,0.027,4.5,0.189,False,Credit Card,Sur,5.8,558.2
49,1.8,Home & Living,73.7,3,0.487,1.1,0.101,False,Credit Card,Sur,1.5,5.94
34,14.3,Fashion,57.12,7,0.415,7.3,0.049,True,Digital Wallet,Este,7.3,84.98
47,1.0,Electronics,204.83,1,0.464,2.0,0.64,False,Credit Card,Este,7.5,12.15
34,1.7,Electronics,198.05,1,0.023,5.0,0.333,True,Credit Card,Oeste,6.3,332.02
37,1.3,Fashion,66.79,3,0.219,4.5,0.402,False,Credit Card,Norte,6.9,198.81
43,0.5,Home & Living,80.32,4,0.019,2.8,0.085,False,Digital Wallet,Central,8.4,463.26
41,2.4,Fashion,98.51,9,0.056,6.0,0.435,False,Credit Card,Norte,7.4,1332.53
18,1.7,Home & Living,81.59,3,0.175,3.1,0.395,False,Digital Wallet,Sur,7.9,236.37
24,4.2,Fashion,60.69,3,0.261,3.2,0.489,False,Credit Card,Central,8.9,175.42
49,6.0,Fashion,82.05,4,0.146,4.4,0.682,False,Digital Wallet,Central,6.9,387.03
36,2.8,Fashion,63.66,4,0.24,1.8,0.181,False,Credit Card,Este,10.0,201.23
31,0.5,Fashion,133.99,8,0.077,5.9,0.173,False,Credit Card,Sur,5.3,1350.51
21,3.4,Fashion,98.26,2,0.069,1.8,0.649,False,Bank Transfer,Sur,1.0,89.57
25,0.5,Home & Living,96.2,2,0.077,10.3,0.236,False,Bank Transfer,Norte,3.5,128.9
18,3.4,Electronics,84.78,2,0.0,1.0,0.554,True,Credit Card,Sur,5.5,305.13
36,4.0,Fashion,16.11,5,0.19,3.8,0.612,True,Digital Wallet,Oeste,7.5,125.87
30,0.8,Fashion,105.79,6,0.031,7.1,0.171,True,Credit Card,Oeste,5.0,1031.42
26,6.0,Fashion,87.8,8,0.186,1.6,0.16,True,Digital Wallet,Norte,8.9,1040.24
37,8.5,Electronics,201.88,1,0.052,2.4,0.343,False,Credit Card,Central,6.3,330.76
42,5.9,Fashion,89.15,3,0.027,4.0,0.395,True,Credit Card,Central,8.8,559.25
63,1.3,Fashion,92.2,3,0.013,4.5,0.208,True,Digital Wallet,Oeste,8.3,394.98
19,3.1,Fashion,64.59,5,0.15,9.7,0.522,False,Credit Card,Oeste,9.1,379.38
51,8.6,Home & Living,96.53,5,0.092,1.4,0.056,True,Credit Card,Central,10.0,863.43
49,1.4,Fashion,101.22,1,0.122,7.0,0.557,False,Credit Card,Sur,7.6,140.92
28,6.0,Electronics,162.66,1,0.038,4.0,0.277,True,Digital Wallet,Sur,9.2,398.35
40,0.5,Home & Living,121.9,6,0.002,6.2,0.28,False,Credit Card,Norte,7.6,1250.66
32,0.5,Home & Living,87.13,3,0.063,2.5,0.291,True,Digital Wallet,Norte,6.2,315.97
40,5.0,Electronics,120.66,2,0.253,9.4,0.111,True,Credit Card,Norte,7.0,332.1
56,5.0,Electronics,176.97,4,0.104,0.7,0.149,True,Bank Transfer,Este,8.3,902.36
45,5.4,Electronics,181.23,1,0.044,3.2,0.573,True,Digital Wallet,Norte,7.4,342.63
44,9.3,Fashion,89.67,6,0.273,2.3,0.568,True,Digital Wallet,Sur,7.8,644.7
32,0.5,Home & Living,88.21,3,0.004,1.6,0.331,False,Credit Card,Central,6.3,311.14
20,0.9,Home & Living,83.39,3,0.169,5.6,0.043,False,Bank Transfer,Central,9.9,200.84
35,8.2,Home & Living,53.06,2,0.035,7.4,0.646,True,Credit Card,Oeste,8.3,241.85
52,0.7,Electronics,258.98,0,0.061,2.4,0.515,False,Digital Wallet,Este,2.3,5.0
19,4.0,Fashion,40.8,3,0.178,4.5,0.11,True,Bank Transfer,Este,8.8,141.88
25,2.6,Electronics,183.27,0,0.0,4.4,0.291,True,Digital Wallet,Oeste,9.3,5.0
39,0.5,Electronics,58.11,2,0.062,8.8,0.383,True,Digital Wallet,Sur,7.8,161.22
26,1.2,Fashion,79.95,2,0.433,2.5,0.369,False,Digital Wallet,Central,8.4,12.68
28,2.6,Electronics,133.84,1,0.011,4.1,0.385,True,Credit Card,Norte,6.1,272.26
32,6.7,Fashion,107.39,10,0.017,5.6,0.25,True,Digital Wallet,Este,8.3,2647.53
21,4.3,Fashion,102.24,7,0.176,1.4,0.56,False,Credit Card,Norte,10.0,798.53
26,3.4,Home & Living,157.59,3,0.013,1.0,0.716,False,Digital Wallet,Central,8.4,832.93
46,2.4,Electronics,251.08,4,0.454,3.8,0.236,False,Credit Card,Sur,7.7,64.11
22,1.2,Home & Living,62.8,4,0.069,1.3,0.202,False,Digital Wallet,Norte,8.1,274.88
18,0.5,Home & Living,101.75,3,0.009,0.9,0.32,True,Credit Card,Central,9.0,438.67
30,1.8,Home & Living,65.13,4,0.09,3.8,0.111,False,Digital Wallet,Central,8.0,285.03
46,0.5,Home & Living,136.82,4,0.04,3.1,0.098,False,Digital Wallet,Norte,3.1,355.77
35,0.8,Fashion,84.53,9,0.115,5.3,0.132,False,Digital Wallet,Oeste,7.4,909.66
32,2.0,Fashion,68.89,3,0.095,3.3,0.328,True,Digital Wallet,Este,2.9,203.31
38,1.9,Fashion,70.86,3,0.068,1.8,0.422,True,Credit Card,Central,7.8,444.01
18,0.5,Fashion,142.33,2,0.192,3.3,0.082,True,Digital Wallet,Norte,7.3,291.46
43,3.1,Fashion,77.07,6,0.063,4.9,0.254,False,Credit Card,Oeste,8.4,801.18
42,2.8,Home & Living,106.27,1,0.1,5.6,0.291,True,Credit Card,Norte,2.6,90.78
33,0.5,Fashion,24.47,9,0.281,5.2,0.418,False,Digital Wallet,Central,8.5,178.85
50,10.0,Electronics,234.55,0,0.285,5.3,0.151,False,Credit Card,Sur,8.9,5.0
24,0.5,Fashion,87.97,5,0.342,3.7,0.146,False,Bank Transfer,Central,8.7,160.05
51,6.8,Electronics,130.03,2,0.092,6.5,0.472,True,Digital Wallet,Este,5.1,385.82
39,0.5,Fashion,88.73,4,0.145,3.6,0.114,True,Credit Card,Este,8.0,563.21
33,7.5,Electronics,175.1,2,0.004,1.8,0.153,True,Digital Wallet,Oeste,9.4,899.8
37,0.5,Fashion,49.15,7,0.159,1.3,0.275,False,Credit Card,Sur,2.9,199.36
36,5.0,Home & Living,94.2,2,0.02,4.9,0.189,True,Credit Card,Este,9.4,456.82
52,1.6,Fashion,113.19,6,0.131,6.2,0.22,False,Credit Card,Sur,9.1,787.21
25,4.7,Electronics,239.09,1,0.014,1.4,0.711,True,Credit Card,Este,6.8,472.74
28,1.8,Fashion,52.24,6,0.021,6.8,0.392,False,Credit Card,Norte,4.0,389.36
50,0.5,Electronics,214.39,4,0.318,2.9,0.35,False,Credit Card,Central,6.6,374.65
30,5.1,Fashion,95.74,4,0.017,7.3,0.057,True,Digital Wallet,Sur,8.8,1116.74
48,0.5,Fashion,65.47,3,0.075,3.4,0.083,False,Digital Wallet,Sur,9.8,271.23
58,8.9,Home & Living,98.19,3,0.598,2.1,0.293,True,Digital Wallet,Central,8.1,25.72
33,0.5,Electronics,201.87,2,0.015,3.1,0.339,True,Credit Card,Central,8.7,758.25
46,2.3,Fashion,96.28,8,0.061,4.0,0.423,True,Digital Wallet,Este,2.9,871.5
24,4.5,Home & Living,80.17,4,0.027,2.8,0.222,True,Credit Card,Este,7.7,560.51
47,1.7,Home & Living,104.92,1,0.204,5.2,0.148,False,Credit Card,Sur,6.0,91.05
40,0.9,Electronics,102.56,1,0.136,6.1,0.531,True,Credit Card,Este,7.8,150.81
43,5.0,Fashion,58.61,4,0.217,3.0,0.349,False,Credit Card,Norte,9.3,311.86
30,5.4,Electronics,69.23,3,0.107,15.8,0.136,True,Digital Wallet,Norte,9.0,458.05
18,9.0,Fashion,67.84,2,0.364,2.1,0.24,True,Credit Card,Norte,9.3,76.64
44,1.7,Electronics,128.76,3,0.355,1.7,0.209,True,Bank Transfer,Central,7.4,144.17
18,2.5,Home & Living,72.32,1,0.003,5.1,0.361,True,Digital Wallet,Este,7.9,96.86
34,1.6,Electronics,285.82,4,0.135,3.6,0.278,False,Digital Wallet,Este,8.6,1249.37
49,1.0,Fashion,73.78,6,0.074,5.7,0.14,False,Credit Card,Sur,6.3,607.81
40,4.9,Fashion,29.56,5,0.075,6.0,0.338,False,Credit Card,Sur,9.9,277.22
61,1.5,Home & Living,79.16,4,0.16,3.0,0.553,True,Credit Card,Este,3.2,211.56
50,2.0,Fashion,42.1,3,0.445,3.3,0.323,True,Credit Card,Oeste,6.7,14.12
30,1.8,Electronics,130.88,1,0.345,3.2,0.76,False,Bank Transfer,Sur,7.5,52.43
38,4.4,Electronics,186.67,3,0.007,7.1,0.192,True,Credit Card,Central,8.5,1635.07
37,8.7,Electronics,123.52,0,0.148,1.0,0.146,True,Bank Transfer,Norte,7.9,5.0
19,3.8,Home & Living,79.72,4,0.114,2.9,0.451,True,Credit Card,Sur,7.9,398.12
26,2.2,Fashion,93.0,1,0.012,2.4,0.28,True,Credit Card,Norte,8.7,189.62
31,5.3,Fashion,72.97,4,0.346,3.0,0.295,True,Credit Card,Norte,8.0,219.45
18,3.6,Electronics,117.67,4,0.133,5.1,0.511,True,Digital Wallet,Central,4.3,392.7
38,0.5,Home & Living,115.33,3,0.005,2.3,0.259,True,Bank Transfer,Este,7.5,474.73
35,0.5,Fashion,58.5,8,0.232,1.6,0.112,False,Bank Transfer,Norte,8.9,366.29
18,0.5,Home & Living,80.13,4,0.016,3.0,0.434,False,Digital Wallet,Norte,6.5,359.16
42,2.1,Fashion,69.44,2,0.239,12.5,0.367,False,Credit Card,Este,8.5,139.63
46,6.1,Electronics,140.38,3,0.0,3.1,0.52,True,Bank Transfer,Norte,7.4,845.61
40,1.3,Fashion,78.57,6,0.005,1.9,0.718,False,Credit Card,Este,7.9,866.66
34,1.7,Electronics,224.08,2,0.0,7.1,0.427,False,Digital Wallet,Oeste,8.0,692.03
45,8.4,Fashion,64.14,1,0.272,11.5,0.021,True,Credit Card,Norte,8.8,78.69
46,6.3,Fashion,99.62,2,0.093,5.4,0.102,False,Digital Wallet,Este,7.7,304.5
41,3.8,Electronics,187.17,2,0.233,6.7,0.406,True,Credit Card,Norte,5.7,494.24
28,1.1,Electronics,211.63,1,0.002,9.5,0.382,True,Digital Wallet,Oeste,6.6,418.06
41,0.5,Electronics,165.29,2,0.001,2.3,0.585,False,Credit Card,Norte,1.3,219.37
52,0.5,Home & Living,57.8,5,0.006,4.5,0.032,True,Credit Card,Central,8.8,410.7
30,0.5,Electronics,82.42,2,0.6,2.0,0.416,False,Credit Card,Central,8.0,11.65
63,1.2,Electronics,229.14,4,0.578,11.7,0.1,True,Credit Card,Este,9.8,94.6
31,2.8,Electronics,191.63,2,0.167,3.2,0.326,False,Credit Card,Central,6.9,412.96
38,0.5,Fashion,76.57,4,0.058,2.2,0.431,False,Digital Wallet,Central,7.4,396.5
29,0.5,Fashion,88.36,5,0.209,3.4,0.169,True,Credit Card,Norte,8.8,493.08
40,0.7,Home & Living,65.65,0,0.003,4.6,0.457,False,Digital Wallet,Sur,7.0,5.0
18,3.5,Electronics,132.93,0,0.071,2.4,0.658,True,Digital Wallet,Este,7.5,5.0
31,3.3,Fashion,68.15,3,0.052,6.4,0.576,False,Bank Transfer,Sur,8.8,209.5
24,2.8,Fashion,61.0,6,0.407,4.9,0.29,False,Credit Card,Sur,6.8,51.58
39,1.0,Home & Living,19.68,5,0.015,2.2,0.657,False,Digital Wallet,Sur,9.2,144.92
49,1.6,Electronics,156.24,3,0.033,7.3,0.178,False,Digital Wallet,Norte,7.9,667.93
45,0.5,Electronics,201.85,2,0.206,11.4,0.125,False,Credit Card,Este,2.6,217.09
18,0.9,Fashion,53.21,1,0.258,5.0,0.49,False,Bank Transfer,Norte,7.2,32.34
62,8.0,Electronics,174.52,0,0.012,5.6,0.36,True,Digital Wallet,Sur,6.9,5.0
41,13.6,Electronics,148.19,2,0.021,5.6,0.241,True,Credit Card,Sur,6.6,589.91
28,3.7,Fashion,42.17,4,0.339,14.3,0.59,False,Digital Wallet,Norte,9.9,108.46
39,8.7,Fashion,64.8,4,0.038,3.6,0.554,True,Credit Card,Central,7.8,683.68
40,3.6,Fashion,127.36,6,0.334,2.8,0.516,False,Bank Transfer,Sur,6.6,369.27
29,0.5,Fashion,72.61,7,0.256,5.2,0.131,False,Credit Card,Central,8.6,400.0
40,15.0,Fashion,91.15,5,0.111,3.6,0.353,True,Credit Card,Sur,5.8,976.0
30,0.5,Fashion,79.22,6,0.249,8.7,0.391,False,Credit Card,Norte,8.5,500.92
33,4.0,Fashion,39.87,7,0.148,6.4,0.433,False,Digital Wallet,Sur,9.9,464.09
29,1.0,Fashion,111.22,3,0.201,1.0,0.142,False,Digital Wallet,Norte,7.4,302.46
20,1.7,Electronics,179.63,2,0.144,6.3,0.377,False,Credit Card,Este,9.4,393.54
39,3.6,Electronics,192.86,3,0.013,9.0,0.513,True,Digital Wallet,Norte,7.9,1057.41
45,2.0,Fashion,62.19,7,0.522,2.6,0.508,False,Bank Transfer,Central,7.6,33.8
44,1.0,Fashion,69.84,2,0.002,7.9,0.136,False,Bank Transfer,Norte,6.5,179.89
47,1.4,Home & Living,129.3,0,0.067,4.8,0.339,False,Digital Wallet,Norte,8.6,5.0
41,1.5,Fashion,57.98,4,0.116,8.8,0.64,True,Digital Wallet,Sur,8.1,372.51
31,11.2,Electronics,149.72,1,0.075,6.2,0.151,True,Bank Transfer,Oeste,8.1,319.09
48,5.6,Electronics,177.76,0,0.6,6.4,0.169,True,Credit Card,Norte,7.4,5.0
21,2.1,Electronics,91.95,2,0.272,14.2,0.384,False,Digital Wallet,Norte,1.8,61.74
27,0.8,Fashion,25.65,5,0.018,12.0,0.15,True,Credit Card,Norte,8.2,231.28
26,5.8,Fashion,71.91,7,0.053,1.8,0.315,False,Digital Wallet,Sur,9.9,907.5
50,0.6,Fashion,84.18,8,0.094,20.4,0.403,True,Credit Card,Central,10.0,892.63
49,0.8,Fashion,47.01,2,0.18,4.3,0.369,False,Credit Card,Norte,4.2,53.04
43,1.6,Home & Living,64.95,3,0.009,7.8,0.494,False,Digital Wallet,Este,9.8,338.84
50,7.4,Home & Living,86.59,5,0.129,1.7,0.117,False,Bank Transfer,Sur,2.7,235.4
27,0.5,Fashion,67.06,3,0.064,3.2,0.294,True,Credit Card,Oeste,3.9,196.33
42,0.5,Home & Living,104.03,6,0.052,3.6,0.289,True,Digital Wallet,Oeste,2.7,453.08
36,2.4,Fashion,60.17,3,0.292,4.1,0.405,False,Digital Wallet,Oeste,7.4,141.54
48,1.1,Home & Living,128.28,2,0.065,4.7,0.285,False,Credit Card,Este,3.8,196.43
36,2.9,Home & Living,102.8,2,0.054,2.4,0.388,False,Credit Card,Este,6.9,362.22
33,2.1,Home & Living,78.65,3,0.0,9.4,0.446,False,Digital Wallet,Sur,1.4,156.35
44,2.0,Fashion,90.29,3,0.6,2.3,0.527,False,Credit Card,Central,6.8,22.04
48,0.5,Home & Living,109.6,7,0.019,8.3,0.185,True,Credit Card,Oeste,8.2,1336.44
29,0.5,Fashion,111.67,4,0.09,6.1,0.561,False,Credit Card,Norte,8.8,642.79
37,6.0,Electronics,216.12,4,0.182,2.6,0.166,False,Credit Card,Central,8.6,715.94
25,7.6,Fashion,100.63,7,0.096,1.0,0.093,True,Digital Wallet,Central,7.3,1122.91
18,0.9,Home & Living,88.36,3,0.196,2.7,0.549,True,Digital Wallet,Central,6.8,222.35
40,0.5,Electronics,219.98,2,0.022,2.7,0.106,False,Credit Card,Norte,6.8,647.18
45,0.5,Fashion,48.81,4,0.433,5.9,0.384,True,Digital Wallet,Este,8.1,18.1
41,3.3,Fashion,51.99,7,0.217,3.5,0.106,False,Digital Wallet,Central,8.2,440.28
18,4.4,Fashion,131.21,6,0.401,6.0,0.351,True,Bank Transfer,Central,4.1,97.97
33,1.6,Home & Living,145.32,3,0.086,2.4,0.8,False,Credit Card,Sur,8.4,534.77
18,4.0,Home & Living,78.52,3,0.005,5.4,0.378,True,Credit Card,Central,9.2,472.75
54,4.4,Fashion,76.08,4,0.192,9.0,0.212,False,Credit Card,Sur,1.8,156.1
24,9.6,Electronics,273.17,1,0.001,10.9,0.407,True,Digital Wallet,Central,7.9,499.43
53,0.5,Fashion,61.5,2,0.039,5.0,0.041,False,Credit Card,Norte,7.9,134.16
49,0.7,Fashion,90.4,5,0.079,4.8,0.167,True,Credit Card,Central,7.9,669.18
27,0.5,Fashion,97.55,4,0.107,2.4,0.177,True,Digital Wallet,Sur,9.8,629.02
24,7.1,Electronics,140.85,2,0.198,0.9,0.471,True,Credit Card,Central,7.9,462.88
42,5.5,Fashion,68.29,5,0.163,5.8,0.225,True,Bank Transfer,Oeste,5.3,595.48
27,3.0,Electronics,107.45,1,0.081,5.0,0.502,True,Credit Card,Central,8.8,230.13
39,0.5,Fashion,62.57,4,0.045,5.1,0.518,False,Digital Wallet,Sur,5.2,289.78
32,1.1,Electronics,183.75,2,0.007,6.5,0.387,False,Bank Transfer,Este,8.6,589.98
18,1.2,Fashion,82.52,5,0.166,5.3,0.129,False,Credit Card,Central,8.3,368.73
18,2.9,Electronics,227.15,0,0.518,7.3,0.085,True,Bank Transfer,Este,8.4,5.0
40,1.0,Home & Living,100.37,0,0.06,4.8,0.452,False,Bank Transfer,Central,2.0,5.0
31,0.5,Fashion,18.37,6,0.005,5.9,0.358,False,Digital Wallet,Sur,3.0,81.17
31,4.6,Electronics,175.97,2,0.022,3.5,0.326,True,Credit Card,Norte,9.5,870.9
46,1.2,Fashion,97.64,6,0.038,2.6,0.279,False,Digital Wallet,Central,4.1,464.49
52,2.1,Home & Living,141.48,4,0.467,3.5,0.356,False,Digital Wallet,Este,8.3,30.72
34,0.5,Home & Living,77.88,3,0.155,2.9,0.605,False,Credit Card,Sur,7.3,227.33
33,5.7,Fashion,63.86,6,0.16,4.1,0.218,True,Bank Transfer,Este,8.4,581.47
44,2.9,Electronics,217.08,1,0.114,11.5,0.143,True,Credit Card,Central,7.6,392.89
21,8.1,Fashion,57.85,5,0.009,3.9,0.061,True,Digital Wallet,Sur,6.3,518.3
40,2.4,Home & Living,92.63,4,0.005,6.4,0.092,True,Digital Wallet,Oeste,8.2,545.11
44,9.9,Fashion,110.86,4,0.093,8.2,0.458,True,Credit Card,Este,2.5,536.46
46,7.8,Home & Living,118.94,6,0.031,5.5,0.546,True,Digital Wallet,Sur,6.1,1275.82
18,3.0,Electronics,133.57,5,0.146,3.5,0.53,False,Credit Card,Norte,8.5,687.1
28,9.5,Electronics,211.22,1,0.092,2.7,0.035,True,Credit Card,Sur,3.5,196.98
27,1.4,Home & Living,155.99,1,0.009,7.5,0.319,False,Credit Card,Central,4.5,154.35
39,1.6,Fashion,98.6,5,0.06,3.6,0.416,False,Digital Wallet,Oeste,7.1,585.11
43,0.5,Electronics,195.93,3,0.451,2.4,0.282,True,Digital Wallet,Sur,7.6,43.62
55,3.1,Fashion,109.44,6,0.197,2.9,0.206,True,Credit Card,Norte,7.7,824.49
32,4.5,Home & Living,156.37,4,0.085,4.4,0.293,False,Credit Card,Oeste,8.1,1118.27
32,5.2,Electronics,58.36,1,0.015,5.3,0.135,True,Credit Card,Norte,8.1,140.94
51,0.6,Electronics,213.32,3,0.007,4.7,0.788,True,Digital Wallet,Sur,8.7,1213.33
41,2.1,Electronics,142.17,3,0.054,5.9,0.317,False,Credit Card,Central,1.4,305.75
53,0.7,Home & Living,118.73,2,0.064,14.1,0.309,False,Digital Wallet,Norte,8.2,265.45
41,3.8,Home & Living,102.18,5,0.148,4.4,0.202,False,Credit Card,Central,7.8,658.35
24,0.6,Fashion,45.98,5,0.314,6.7,0.808,True,Digital Wallet,Norte,9.8,199.47
22,8.2,Fashion,100.45,5,0.43,2.4,0.364,True,Credit Card,Norte,6.2,52.41
19,0.9,Electronics,286.83,2,0.119,4.3,0.776,False,Digital Wallet,Central,6.7,584.97
45,1.2,Electronics,48.84,2,0.066,2.1,0.171,True,Digital Wallet,Central,9.4,142.43
52,6.7,Home & Living,83.62,3,0.036,8.2,0.545,False,Bank Transfer,Norte,6.9,317.95
60,2.1,Electronics,185.88,0,0.279,2.3,0.363,True,Credit Card,Norte,9.1,5.0
48,0.5,Fashion,91.17,5,0.383,4.1,0.128,False,Bank Transfer,Norte,7.6,100.88
51,2.4,Fashion,94.28,5,0.065,0.8,0.157,True,Digital Wallet,Norte,5.6,601.28
31,0.5,Electronics,136.02,2,0.002,1.7,0.099,False,Credit Card,Oeste,2.8,209.23
24,14.8,Fashion,62.48,6,0.061,5.4,0.248,True,Digital Wallet,Sur,2.3,412.74
48,3.1,Fashion,47.41,5,0.053,2.1,0.497,False,Credit Card,Oeste,3.4,230.28
43,1.0,Fashion,76.54,8,0.174,3.5,0.76,True,Digital Wallet,Oeste,3.5,535.93
39,2.9,Electronics,108.58,4,0.067,8.4,0.456,False,Bank Transfer,Central,6.3,512.81
42,0.5,Electronics,201.26,1,0.098,2.5,0.488,False,Credit Card,Central,7.7,281.7
41,5.6,Fashion,66.97,3,0.582,1.3,0.559,True,Credit Card,Central,9.2,26.51
53,9.1,Home & Living,70.19,5,0.556,2.4,0.317,False,Credit Card,Oeste,7.9,24.85
53,7.3,Electronics,207.6,1,0.006,5.6,0.529,True,Credit Card,Este,7.6,392.91
44,1.5,Home & Living,104.88,4,0.038,0.8,0.31,True,Digital Wallet,Sur,7.7,752.0
48,1.4,Fashion,105.6,6,0.041,6.6,0.523,True,Credit Card,Central,3.2,742.57
44,0.5,Home & Living,100.29,5,0.001,5.1,0.361,False,Digital Wallet,Este,8.8,663.01
32,3.7,Electronics,283.64,4,0.074,3.4,0.712,True,Digital Wallet,Oeste,7.1,2242.33
47,2.7,Electronics,218.0,4,0.031,2.8,0.455,False,Digital Wallet,Central,9.4,1449.12
21,2.2,Electronics,284.04,1,0.044,3.2,0.316,False,Credit Card,Norte,7.3,370.9
50,8.3,Fashion,104.11,5,0.005,7.6,0.035,True,Digital Wallet,Sur,10.0,1080.71
23,0.6,Home & Living,108.45,2,0.013,4.9,0.317,True,Credit Card,Norte,6.6,347.07
41,0.5,Electronics,123.94,1,0.004,3.9,0.243,False,Credit Card,Sur,9.0,199.0
27,0.5,Fashion,71.02,4,0.067,23.6,0.64,False,Bank Transfer,Norte,3.5,247.46
44,0.9,Electronics,176.65,2,0.007,14.6,0.331,True,Digital Wallet,Central,7.0,659.31
37,0.5,Fashion,101.77,1,0.415,5.4,0.077,True,Credit Card,Oeste,6.5,14.82
18,2.4,Electronics,168.5,2,0.004,4.2,0.296,True,Credit Card,Sur,7.7,527.48
43,1.3,Electronics,67.11,4,0.149,5.0,0.558,False,Credit Card,Oeste,2.7,169.98
31,0.7,Electronics,249.35,1,0.156,4.8,0.172,True,Digital Wallet,Sur,3.6,175.05
48,4.9,Home & Living,76.37,5,0.127,2.4,0.531,True,Credit Card,Este,7.8,589.66
38,0.8,Electronics,102.22,2,0.342,3.6,0.387,False,Digital Wallet,Oeste,9.6,89.59
42,4.1,Electronics,206.5,0,0.211,3.6,0.064,True,Credit Card,Sur,7.3,5.0
26,1.5,Electronics,132.93,2,0.006,7.8,0.09,True,Credit Card,Norte,7.7,555.31
30,2.5,Home & Living,151.25,2,0.028,3.3,0.284,False,Digital Wallet,Norte,3.3,264.22
32,9.5,Fashion,35.29,2,0.135,6.4,0.445,True,Credit Card,Central,8.0,156.44
48,0.5,Fashion,80.17,3,0.152,5.9,0.491,False,Credit Card,Norte,8.0,228.12
58,2.4,Fashion,97.97,3,0.034,3.0,0.383,False,Digital Wallet,Norte,7.9,444.55
28,6.7,Electronics,157.24,3,0.054,3.3,0.298,False,Credit Card,Central,6.9,940.38
50,3.1,Fashion,103.59,3,0.21,0.5,0.72,True,Credit Card,Oeste,8.2,384.59
18,1.1,Electronics,140.26,0,0.025,7.4,0.321,False,Credit Card,Central,2.7,5.0
23,1.8,Fashion,78.62,6,0.151,5.0,0.098,True,Digital Wallet,Oeste,7.8,676.6
26,4.0,Fashion,73.38,2,0.206,4.0,0.149,False,Credit Card,Oeste,8.7,175.77
21,7.8,Fashion,111.9,8,0.064,1.0,0.146,True,Digital Wallet,Central,7.2,1901.16
18,0.5,Electronics,117.09,1,0.002,3.2,0.281,True,Digital Wallet,Central,6.8,184.15
42,0.5,Electronics,174.02,0,0.23,4.7,0.377,False,Digital Wallet,Oeste,6.2,5.0
35,1.4,Home & Living,78.39,2,0.021,12.4,0.08,False,Credit Card,Sur,6.6,272.6
42,0.9,Fashion,63.61,7,0.041,5.8,0.151,False,Digital Wallet,Este,9.2,681.66
46,1.1,Electronics,225.68,1,0.16,2.0,0.258,False,Credit Card,Sur,7.9,249.42
41,0.9,Electronics,277.47,3,0.044,2.9,0.299,False,Credit Card,Central,8.8,1298.89
45,0.8,Home & Living,132.28,0,0.0,3.0,0.369,False,Credit Card,Sur,6.7,5.0
37,0.5,Home & Living,59.17,2,0.037,3.3,0.164,True,Digital Wallet,Central,3.1,108.34
23,9.5,Home & Living,128.38,2,0.427,5.5,0.677,True,Bank Transfer,Central,3.3,16.05
50,0.5,Electronics,264.72,1,0.005,1.3,0.274,True,Credit Card,Norte,8.4,436.01
30,0.8,Fashion,71.51,4,0.381,2.2,0.16,True,Credit Card,Norte,7.3,89.49
26,1.0,Electronics,223.04,2,0.014,2.3,0.449,False,Credit Card,Central,7.3,699.71
35,9.5,Fashion,80.77,10,0.211,3.4,0.272,True,Credit Card,Central,7.8,1228.93
27,4.9,Electronics,272.62,1,0.021,5.8,0.367,True,Credit Card,Norte,4.5,333.38
32,5.5,Electronics,156.33,2,0.107,4.2,0.382,True,Credit Card,Sur,8.6,565.93
42,0.5,Electronics,302.6,0,0.0,3.1,0.32,False,Bank Transfer,Central,7.8,5.0
42,6.3,Fashion,92.28,8,0.6,6.1,0.159,True,Credit Card,Oeste,7.4,87.77
27,1.8,Fashion,96.08,3,0.344,17.8,0.299,False,Bank Transfer,Central,5.8,128.93
32,1.1,Fashion,81.73,5,0.101,3.9,0.196,False,Credit Card,Norte,6.6,588.59
50,3.0,Home & Living,93.43,4,0.047,4.4,0.516,False,Credit Card,Central,9.2,498.27
43,6.0,Fashion,91.17,6,0.296,3.6,0.322,True,Credit Card,Este,8.2,590.38
62,5.3,Fashion,33.9,6,0.112,7.0,0.23,True,Digital Wallet,Oeste,6.6,299.51
52,7.7,Home & Living,88.79,6,0.042,2.2,0.491,True,Credit Card,Norte,8.0,926.62
51,9.2,Fashion,84.41,4,0.02,10.8,0.333,True,Credit Card,Norte,4.6,559.33
21,1.0,Electronics,118.92,1,0.592,8.9,0.082,True,Credit Card,Central,5.0,10.76
47,1.9,Home & Living,121.51,2,0.021,3.2,0.244,False,Digital Wallet,Central,5.9,284.32
37,0.5,Electronics,234.51,2,0.07,4.5,0.341,False,Credit Card,Central,7.8,653.98
31,7.4,Fashion,84.94,3,0.312,1.7,0.374,True,Digital Wallet,Central,9.4,207.97
40,0.6,Electronics,198.83,1,0.026,5.1,0.449,False,Digital Wallet,Central,6.3,248.19
49,6.9,Fashion,55.19,1,0.027,6.3,0.234,False,Digital Wallet,Norte,6.0,85.64
44,1.4,Fashion,39.55,5,0.242,4.6,0.035,True,Digital Wallet,Central,6.3,217.2
27,1.6,Electronics,223.6,2,0.05,8.7,0.423,False,Bank Transfer,Oeste,8.4,693.55
46,0.5,Fashion,56.44,4,0.041,2.2,0.248,False,Credit Card,Norte,9.1,246.2
30,1.4,Home & Living,100.38,1,0.003,9.7,0.226,False,Credit Card,Oeste,7.4,155.3
40,7.7,Electronics,172.0,0,0.002,4.8,0.304,False,Credit Card,Oeste,7.5,5.0
34,0.5,Fashion,103.78,5,0.471,5.1,0.731,False,Digital Wallet,Sur,7.8,41.02
35,1.8,Electronics,226.84,2,0.018,2.1,0.128,False,Digital Wallet,Central,7.5,693.5
47,0.5,Home & Living,96.35,2,0.098,1.0,0.367,True,Credit Card,Este,2.2,111.31
25,1.6,Fashion,92.24,2,0.063,5.0,0.461,False,Digital Wallet,Este,7.6,213.1
61,0.7,Home & Living,79.8,5,0.007,3.1,0.541,False,Digital Wallet,Norte,8.3,455.03
18,1.0,Electronics,171.47,3,0.037,8.2,0.061,False,Credit Card,Norte,6.1,507.7
30,7.4,Electronics,171.0,0,0.173,4.9,0.086,True,Digital Wallet,Central,7.5,5.0
42,2.0,Electronics,94.01,1,0.007,1.6,0.133,True,Digital Wallet,Este,7.6,157.47
45,1.1,Electronics,120.17,1,0.05,2.9,0.098,True,Digital Wallet,Este,8.8,163.78
36,3.1,Fashion,85.54,6,0.149,1.2,0.276,False,Credit Card,Norte,3.2,453.7
37,0.5,Home & Living,82.06,5,0.018,5.8,0.431,False,Credit Card,Sur,8.5,667.32
42,1.1,Fashion,63.19,9,0.248,12.4,0.297,False,Bank Transfer,Norte,9.1,490.39
35,2.8,Home & Living,115.08,2,0.063,2.6,0.364,True,Credit Card,Central,6.5,442.1
54,0.9,Electronics,277.96,0,0.002,0.3,0.323,False,Bank Transfer,Norte,8.9,5.0
48,4.0,Home & Living,86.21,4,0.005,6.5,0.616,False,Digital Wallet,Norte,8.7,595.47
48,2.4,Electronics,172.92,3,0.011,7.1,0.563,False,Credit Card,Central,6.4,772.96
26,5.2,Home & Living,153.89,6,0.002,14.3,0.599,False,Credit Card,Norte,6.6,1718.1
37,10.4,Electronics,106.0,0,0.054,11.6,0.373,True,Digital Wallet,Sur,8.4,5.0
34,0.5,Home & Living,87.28,2,0.001,1.8,0.609,True,Digital Wallet,Sur,7.5,309.03
25,1.4,Electronics,144.09,1,0.235,6.0,0.31,False,Credit Card,Central,6.8,128.06
42,1.3,Electronics,178.35,3,0.164,14.3,0.2,True,Credit Card,Norte,8.9,723.55
31,0.6,Fashion,23.02,5,0.118,11.4,0.146,True,Credit Card,Norte,7.3,163.49
45,5.8,Fashion,97.51,4,0.112,5.8,0.616,False,Bank Transfer,Central,8.4,626.66
25,5.0,Fashion,126.18,6,0.02,6.8,0.349,False,Bank Transfer,Oeste,9.0,1395.5
58,2.3,Home & Living,95.46,5,0.114,3.0,0.716,False,Credit Card,Este,6.9,505.69
27,2.7,Fashion,39.32,4,0.07,10.3,0.05,True,Digital Wallet,Norte,7.9,308.76
40,0.5,Fashion,79.18,6,0.564,5.8,0.371,False,Digital Wallet,Sur,9.4,39.81
47,2.8,Electronics,212.97,0,0.0,12.9,0.388,True,Credit Card,Sur,5.9,5.0
31,5.5,Fashion,64.73,2,0.513,3.2,0.23,True,Digital Wallet,Central,8.0,12.71
48,3.0,Fashion,31.56,1,0.599,6.4,0.293,True,Credit Card,Central,8.7,5.0
23,1.1,Home & Living,85.46,2,0.248,0.3,0.644,False,Bank Transfer,Sur,7.1,81.55
55,3.9,Fashion,97.19,4,0.249,3.1,0.191,False,Credit Card,Norte,4.1,223.55
38,1.6,Fashion,146.17,5,0.114,1.7,0.604,False,Digital Wallet,Sur,7.7,829.98
30,2.8,Electronics,222.31,0,0.018,3.3,0.503,True,Credit Card,Sur,9.3,5.0
34,2.3,Electronics,189.15,0,0.002,4.0,0.139,False,Bank Transfer,Central,7.9,5.0
47,1.7,Fashion,74.7,3,0.097,5.2,0.402,False,Credit Card,Norte,6.6,231.73
30,4.4,Electronics,129.87,5,0.053,6.8,0.353,False,Credit Card,Sur,3.9,864.24
29,7.5,Electronics,189.02,1,0.211,4.2,0.636,True,Credit Card,Sur,8.1,300.63
35,0.5,Electronics,153.8,3,0.099,3.0,0.217,False,Credit Card,Oeste,6.4,564.75
23,9.5,Home & Living,105.98,1,0.18,9.5,0.28,True,Bank Transfer,Este,9.6,158.1
59,2.5,Electronics,152.0,1,0.0,2.6,0.407,False,Credit Card,Norte,8.8,210.16
31,4.2,Home & Living,134.48,3,0.03,3.9,0.693,True,Credit Card,Sur,5.0,641.73
47,6.8,Electronics,203.97,2,0.11,2.0,0.369,True,Credit Card,Sur,7.4,690.77
40,2.2,Electronics,110.23,2,0.013,6.7,0.576,True,Credit Card,Central,2.3,259.92
26,6.3,Fashion,42.67,3,0.134,2.3,0.341,True,Digital Wallet,Este,9.5,203.31
37,0.7,Fashion,80.48,5,0.072,13.5,0.227,True,Credit Card,Central,7.7,839.13
47,0.6,Fashion,64.9,4,0.011,7.6,0.08,False,Credit Card,Norte,8.6,311.45
35,3.7,Fashion,67.32,5,0.153,5.1,0.037,True,Digital Wallet,Norte,7.8,522.87
52,7.1,Electronics,255.23,2,0.258,1.7,0.367,False,Digital Wallet,Central,9.9,375.41
50,7.8,Fashion,109.22,7,0.388,7.5,0.29,True,Digital Wallet,Este,3.1,142.24
49,3.6,Fashion,44.12,5,0.08,2.7,0.353,True,Credit Card,Norte,6.7,373.99
32,2.6,Electronics,186.32,3,0.15,4.6,0.272,True,Digital Wallet,Oeste,8.9,809.8
25,1.4,Home & Living,98.62,4,0.0,2.0,0.282,False,Bank Transfer,Norte,7.0,498.12
30,13.7,Fashion,82.87,7,0.085,10.9,0.165,True,Bank Transfer,Este,7.9,1287.09
40,1.3,Fashion,18.34,2,0.031,9.6,0.571,False,Digital Wallet,Sur,8.0,68.69
44,4.8,Home & Living,111.19,3,0.085,9.3,0.194,False,Credit Card,Sur,7.8,518.42
18,2.7,Home & Living,103.66,3,0.044,2.1,0.153,False,Credit Card,Oeste,7.2,323.08
37,3.3,Fashion,94.65,2,0.23,3.8,0.085,False,Bank Transfer,Central,7.0,206.27
39,1.8,Electronics,244.01,0,0.114,6.7,0.153,True,Credit Card,Norte,7.3,5.0
34,11.7,Home & Living,77.23,5,0.01,1.3,0.101,True,Credit Card,Norte,6.9,788.39
53,3.0,Electronics,199.49,1,0.28,3.1,0.268,False,Digital Wallet,Sur,9.1,123.03
43,9.7,Electronics,162.51,2,0.014,5.1,0.09,True,Digital Wallet,Central,6.6,692.04
53,0.5,Electronics,96.36,1,0.13,3.8,0.362,True,Bank Transfer,Norte,8.9,103.02
35,3.0,Fashion,55.99,2,0.068,3.3,0.094,False,Bank Transfer,Este,7.1,154.09
49,4.4,Home & Living,85.5,3,0.012,3.2,0.126,False,Digital Wallet,Norte,7.3,328.78
57,4.8,Fashion,87.7,0,0.6,2.8,0.157,False,Credit Card,Norte,8.2,5.0
53,8.2,Home & Living,99.53,1,0.121,3.7,0.523,False,Credit Card,Central,8.7,108.77
24,0.5,Electronics,216.38,2,0.091,6.8,0.215,True,Credit Card,Central,7.5,794.74
34,0.5,Electronics,91.93,0,0.011,11.0,0.316,False,Credit Card,Central,8.0,5.0
33,2.2,Fashion,49.19,0,0.198,3.2,0.166,False,Digital Wallet,Central,10.0,5.0
43,0.5,Home & Living,131.81,7,0.0,1.9,0.258,False,Digital Wallet,Sur,8.1,1174.18
46,12.8,Fashion,84.64,6,0.02,6.7,0.751,True,Credit Card,Oeste,4.0,722.51
27,0.9,Electronics,158.51,0,0.298,8.4,0.54,True,Bank Transfer,Sur,6.1,5.0
38,2.2,Electronics,111.28,1,0.007,10.8,0.763,False,Credit Card,Norte,5.7,196.67
18,0.5,Electronics,212.29,2,0.068,4.6,0.234,False,Credit Card,Central,8.1,490.82
55,2.6,Electronics,246.03,1,0.142,4.9,0.314,False,Credit Card,Este,8.6,260.14
31,1.7,Electronics,148.5,4,0.045,5.7,0.488,False,Digital Wallet,Norte,5.5,816.54
38,0.5,Home & Living,153.71,0,0.154,2.8,0.496,False,Credit Card,Central,9.3,5.0
34,1.4,Fashion,57.47,5,0.253,11.3,0.24,False,Digital Wallet,Norte,8.9,253.19
51,1.7,Fashion,73.58,8,0.486,7.6,0.319,False,Digital Wallet,Central,6.9,46.97
18,15.0,Electronics,158.17,0,0.027,2.7,0.313,True,Bank Transfer,Oeste,7.0,5.0
37,0.8,Electronics,237.25,0,0.119,6.0,0.066,True,Bank Transfer,Este,6.8,5.0
36,2.8,Fashion,90.22,2,0.31,4.1,0.15,False,Digital Wallet,Norte,7.0,120.33
32,15.0,Home & Living,165.68,4,0.045,4.7,0.65,True,Credit Card,Central,8.9,1551.68
58,5.5,Fashion,50.68,5,0.049,3.3,0.131,True,Credit Card,Este,8.1,519.99
27,15.0,Home & Living,118.17,6,0.0,5.9,0.181,False,Digital Wallet,Sur,6.2,1116.19
47,12.1,Home & Living,84.71,3,0.397,7.6,0.089,True,Digital Wallet,Sur,7.5,62.57
42,2.4,Electronics,145.52,5,0.367,2.9,0.174,False,Credit Card,Oeste,9.2,241.14
53,4.2,Electronics,154.0,1,0.009,3.3,0.649,True,Credit Card,Central,7.2,299.31
29,0.5,Fashion,103.88,4,0.033,5.4,0.241,True,Credit Card,Norte,9.1,703.52
29,2.0,Fashion,111.32,7,0.006,3.7,0.393,False,Credit Card,Sur,9.0,1525.7
51,5.8,Electronics,278.72,3,0.093,1.7,0.529,True,Digital Wallet,Sur,8.0,1420.43
43,2.5,Fashion,82.33,7,0.34,3.8,0.054,False,Credit Card,Central,7.8,299.5
19,4.2,Fashion,75.97,5,0.298,2.7,0.135,False,Digital Wallet,Norte,8.8,246.23
31,4.8,Home & Living,49.1,1,0.17,0.7,0.201,True,Credit Card,Norte,6.2,56.08
42,1.0,Electronics,169.69,1,0.141,6.3,0.467,True,Bank Transfer,Oeste,3.9,167.86
48,7.3,Electronics,298.62,2,0.213,12.3,0.357,True,Credit Card,Norte,2.1,427.17
29,2.2,Fashion,120.61,2,0.397,0.4,0.577,True,Credit Card,Norte,8.0,68.22
18,0.8,Fashion,48.95,3,0.034,6.4,0.144,False,Credit Card,Oeste,7.5,176.74
44,7.0,Fashion,80.12,3,0.152,3.7,0.067,False,Digital Wallet,Central,8.6,296.4
23,1.9,Home & Living,63.24,2,0.055,9.3,0.287,False,Credit Card,Sur,6.3,175.45
18,4.9,Home & Living,113.56,4,0.184,5.4,0.287,False,Credit Card,Norte,6.6,359.4
18,2.8,Fashion,85.4,5,0.265,6.9,0.08,False,Bank Transfer,Sur,8.5,290.66
47,1.7,Electronics,177.31,3,0.102,4.7,0.161,False,Digital Wallet,Sur,8.4,790.23
39,5.8,Fashion,108.13,8,0.186,9.7,0.288,True,Credit Card,Norte,7.6,1421.71
35,3.1,Fashion,103.28,4,0.009,3.6,0.231,True,Credit Card,Este,4.6,615.04
54,1.7,Home & Living,124.03,3,0.158,7.0,0.185,False,Credit Card,Este,10.0,335.01
45,0.5,Home & Living,151.28,2,0.162,4.5,0.058,False,Digital Wallet,Sur,6.8,252.45
57,7.9,Fashion,94.82,3,0.275,6.3,0.027,True,Bank Transfer,Norte,4.4,153.02
21,0.5,Fashion,46.3,4,0.05,2.8,0.518,False,Bank Transfer,Norte,8.1,233.52
37,7.0,Electronics,215.14,1,0.034,4.1,0.082,True,Credit Card,Norte,5.6,385.4
18,1.6,Electronics,114.35,3,0.196,5.9,0.567,True,Credit Card,Norte,10.0,431.42
35,3.6,Electronics,191.72,2,0.001,10.6,0.375,True,Credit Card,Este,7.0,929.72
35,8.9,Electronics,213.04,4,0.094,3.5,0.297,False,Digital Wallet,Oeste,9.7,1819.33
45,0.6,Fashion,58.83,4,0.113,10.3,0.118,True,Credit Card,Norte,7.5,400.76
38,2.9,Electronics,177.6,1,0.06,5.2,0.336,False,Digital Wallet,Sur,8.6,261.59
45,5.1,Fashion,76.04,2,0.034,1.3,0.241,False,Digital Wallet,Este,8.2,253.3
46,5.0,Fashion,81.29,7,0.005,5.9,0.236,True,Digital Wallet,Este,7.1,907.83
63,2.6,Fashion,73.18,2,0.128,1.8,0.305,True,Credit Card,Central,3.0,75.86
34,3.4,Fashion,120.16,2,0.058,7.8,0.42,False,Digital Wallet,Sur,8.4,310.72
26,5.0,Electronics,202.93,2,0.001,2.9,0.326,True,Digital Wallet,Central,6.6,668.17
40,6.4,Home & Living,76.93,2,0.006,7.4,0.473,True,Bank Transfer,Norte,8.9,374.59
28,5.0,Electronics,239.61,4,0.141,3.7,0.493,False,Digital Wallet,Norte,7.9,1203.84
55,1.5,Home & Living,80.45,4,0.0,1.1,0.548,False,Credit Card,Central,8.2,434.26
34,15.0,Electronics,97.21,1,0.6,4.6,0.389,True,Digital Wallet,Sur,3.0,7.31
31,2.0,Fashion,70.58,8,0.129,4.0,0.375,False,Credit Card,Central,2.1,454.34
32,0.5,Electronics,164.26,3,0.046,3.6,0.305,True,Credit Card,Norte,3.3,468.12
46,1.6,Electronics,339.65,3,0.191,5.0,0.099,False,Bank Transfer,Central,7.3,1176.45
36,0.5,Fashion,77.14,3,0.14,4.4,0.097,True,Digital Wallet,Norte,7.7,350.26
30,0.5,Fashion,66.53,4,0.227,8.2,0.201,False,Credit Card,Oeste,7.2,202.2
57,1.2,Electronics,170.49,1,0.217,9.8,0.33,False,Credit Card,Central,9.0,144.79
27,0.5,Fashion,87.28,1,0.444,17.0,0.577,False,Credit Card,Central,4.7,5.0
38,4.1,Electronics,211.01,1,0.404,16.0,0.101,False,Bank Transfer,Sur,1.7,19.4
45,0.5,Fashion,51.11,5,0.375,8.7,0.398,False,Credit Card,Oeste,7.9,84.01
18,0.8,Home & Living,98.63,2,0.01,11.3,0.703,False,Digital Wallet,Norte,8.3,255.05
43,0.5,Home & Living,109.59,3,0.03,6.3,0.501,False,Digital Wallet,Central,2.6,249.18
25,0.5,Fashion,56.61,6,0.124,2.9,0.475,True,Credit Card,Norte,10.0,502.17
47,1.1,Electronics,84.34,1,0.208,7.5,0.316,True,Credit Card,Central,7.1,85.45
26,3.0,Electronics,226.04,0,0.018,1.7,0.275,False,Credit Card,Oeste,8.3,5.0
46,11.7,Home & Living,121.38,0,0.036,2.9,0.463,True,Credit Card,Sur,8.1,5.0
51,7.3,Electronics,172.41,2,0.199,3.8,0.47,True,Credit Card,Sur,8.0,432.28
48,7.3,Home & Living,82.91,0,0.0,5.7,0.362,True,Digital Wallet,Norte,6.8,5.0
41,0.7,Fashion,45.7,0,0.066,3.5,0.129,False,Credit Card,Sur,1.1,5.0
35,1.1,Home & Living,133.55,3,0.044,10.7,0.291,False,Digital Wallet,Sur,8.1,566.53
31,0.5,Fashion,100.61,5,0.034,12.3,0.556,False,Bank Transfer,Central,7.9,705.72
55,5.3,Fashion,46.65,5,0.097,6.6,0.62,False,Credit Card,Norte,9.0,339.39
29,0.5,Fashion,88.95,7,0.034,7.6,0.205,False,Bank Transfer,Este,7.0,970.04
25,2.8,Home & Living,105.22,5,0.002,1.6,0.463,False,Digital Wallet,Oeste,7.1,662.82
45,1.0,Home & Living,73.33,4,0.083,7.8,0.56,True,Credit Card,Este,7.0,449.14
28,1.0,Fashion,109.66,6,0.011,5.9,0.334,True,Digital Wallet,Norte,7.0,1307.27
26,15.0,Home & Living,63.85,6,0.06,14.2,0.308,True,Credit Card,Sur,8.8,924.61
20,4.9,Fashion,54.31,6,0.269,4.0,0.091,True,Digital Wallet,Este,4.3,183.85
32,6.3,Home & Living,60.67,5,0.001,5.3,0.365,True,Digital Wallet,Sur,8.0,717.04
37,3.0,Home & Living,123.7,5,0.07,14.0,0.357,False,Credit Card,Central,7.9,1352.6
40,7.2,Fashion,130.37,8,0.11,4.1,0.31,True,Credit Card,Norte,2.4,838.3
49,3.6,Fashion,101.51,1,0.25,4.2,0.358,False,Digital Wallet,Sur,8.8,60.71
44,10.2,Fashion,60.23,5,0.024,4.5,0.265,True,Bank Transfer,Sur,7.0,563.76
35,1.2,Fashion,63.12,6,0.036,1.3,0.035,False,Digital Wallet,Este,8.7,570.73
35,3.2,Home & Living,126.52,3,0.186,6.9,0.232,False,Bank Transfer,Central,8.3,466.6
44,4.1,Fashion,78.44,4,0.155,2.9,0.603,False,Digital Wallet,Sur,8.5,440.37
53,1.7,Electronics,112.99,1,0.187,7.4,0.146,False,Digital Wallet,Este,6.7,88.67
39,7.4,Fashion,77.2,4,0.1,1.0,0.344,True,Credit Card,Norte,7.0,529.23
32,13.7,Electronics,153.74,4,0.035,7.6,0.206,True,Credit Card,Sur,8.5,1511.35
26,2.4,Fashion,74.33,5,0.117,2.8,0.039,True,Credit Card,Este,5.7,550.91
20,1.7,Home & Living,127.53,3,0.088,7.9,0.11,False,Credit Card,Central,7.6,363.98
45,2.2,Fashion,76.35,8,0.046,0.8,0.465,False,Bank Transfer,Central,3.3,459.91
44,6.7,Home & Living,91.27,6,0.002,9.8,0.537,True,Digital Wallet,Oeste,8.9,1262.88
44,3.6,Electronics,187.89,4,0.251,2.0,0.122,True,Credit Card,Norte,7.0,547.48
36,0.5,Home & Living,48.23,3,0.004,6.8,0.502,True,Credit Card,Central,7.0,273.79
54,2.7,Fashion,129.8,4,0.275,3.5,0.286,False,Bank Transfer,Central,7.2,293.41
32,0.5,Electronics,132.64,2,0.098,2.0,0.205,False,Credit Card,Norte,3.4,194.4
49,5.3,Fashion,44.92,7,0.072,6.5,0.34,True,Digital Wallet,Central,8.5,541.15
37,1.4,Home & Living,111.34,4,0.0,7.4,0.194,False,Digital Wallet,Norte,7.8,569.7
30,2.2,Electronics,148.6,3,0.046,8.0,0.45,True,Credit Card,Oeste,8.2,960.6
45,5.6,Fashion,89.06,2,0.353,2.8,0.51,True,Credit Card,Sur,7.9,110.98
42,0.5,Home & Living,83.81,5,0.218,12.9,0.103,False,Credit Card,Este,9.2,323.77
42,0.6,Electronics,181.6,2,0.075,2.4,0.31,True,Digital Wallet,Norte,1.6,228.76
38,1.8,Fashion,60.11,4,0.287,1.3,0.426,False,Credit Card,Este,7.0,216.26
37,0.9,Fashion,57.84,6,0.167,2.9,0.261,False,Credit Card,Este,8.6,406.99
66,1.4,Electronics,233.69,0,0.102,5.2,0.12,False,Credit Card,Norte,8.7,5.0
52,15.0,Fashion,91.54,4,0.098,3.0,0.225,True,Digital Wallet,Sur,4.0,407.02
46,6.1,Electronics,212.13,3,0.003,1.9,0.544,True,Bank Transfer,Este,7.2,1252.21
39,7.5,Home & Living,78.91,6,0.079,1.4,0.2,True,Digital Wallet,Este,7.8,784.74
50,9.7,Electronics,338.76,3,0.279,3.9,0.247,True,Credit Card,Norte,8.0,946.95
44,1.5,Electronics,237.82,2,0.041,4.9,0.302,True,Credit Card,Este,7.3,922.56
38,1.2,Fashion,39.16,7,0.004,3.1,0.07,True,Digital Wallet,Sur,8.3,536.17
34,0.9,Fashion,100.57,5,0.03,8.6,0.238,True,Credit Card,Oeste,7.9,1285.69
37,6.2,Electronics,232.13,2,0.005,2.8,0.501,False,Credit Card,Central,8.7,802.48
18,4.0,Home & Living,79.42,2,0.107,6.4,0.176,True,Digital Wallet,Sur,7.8,228.05
40,0.9,Home & Living,116.01,3,0.299,2.7,0.584,False,Credit Card,Norte,8.1,202.4
32,1.7,Home & Living,98.24,1,0.187,5.1,0.331,True,Credit Card,Central,9.9,136.28
57,2.5,Fashion,78.17,3,0.255,4.6,0.175,False,Credit Card,Norte,10.0,154.58
38,2.6,Home & Living,113.41,3,0.001,6.6,0.34,False,Bank Transfer,Este,3.1,310.62
23,7.7,Home & Living,99.99,1,0.016,2.4,0.413,True,Credit Card,Central,8.1,200.38
37,1.7,Fashion,66.36,5,0.169,7.0,0.358,False,Credit Card,Central,7.4,386.69
25,8.4,Electronics,215.8,2,0.019,5.9,0.254,False,Credit Card,Este,8.8,888.92
43,2.0,Electronics,176.44,3,0.068,1.8,0.052,False,Credit Card,Este,4.0,527.37
41,4.8,Fashion,99.56,5,0.147,1.8,0.175,True,Digital Wallet,Sur,6.6,807.98
49,9.3,Home & Living,117.46,5,0.007,2.0,0.436,True,Bank Transfer,Oeste,7.9,965.01
28,8.3,Fashion,80.36,6,0.442,7.1,0.229,True,Digital Wallet,Norte,7.0,58.67
38,0.5,Fashion,78.6,5,0.127,2.8,0.27,False,Bank Transfer,Norte,8.7,414.68
21,0.8,Electronics,246.56,1,0.006,6.1,0.6,True,Credit Card,Oeste,3.9,332.06
46,2.3,Electronics,168.17,4,0.021,6.0,0.172,True,Digital Wallet,Central,9.9,1181.77
44,2.0,Fashion,15.0,4,0.16,3.7,0.306,False,Credit Card,Este,8.3,79.21
43,3.6,Home & Living,120.4,1,0.0,9.6,0.23,False,Credit Card,Norte,7.1,220.72
38,10.1,Fashion,92.51,5,0.016,1.6,0.314,True,Digital Wallet,Norte,3.5,577.52
42,0.5,Home & Living,103.03,4,0.1,2.3,0.107,False,Bank Transfer,Central,6.0,372.79
57,2.1,Electronics,250.44,2,0.007,0.8,0.831,False,Digital Wallet,Este,6.6,562.82
34,0.7,Fashion,39.13,2,0.384,6.4,0.147,True,Credit Card,Central,9.3,26.57
39,7.9,Fashion,80.22,2,0.095,2.6,0.226,False,Bank Transfer,Sur,5.8,242.24
24,11.7,Home & Living,110.64,4,0.022,4.6,0.6,True,Bank Transfer,Oeste,5.8,707.88
27,2.3,Electronics,29.22,0,0.114,0.6,0.292,False,Digital Wallet,Este,3.6,5.0
39,0.5,Electronics,298.31,0,0.05,1.5,0.526,False,Digital Wallet,Este,7.2,5.0
51,5.4,Electronics,164.2,2,0.137,3.0,0.439,True,Bank Transfer,Sur,5.3,393.88
34,4.2,Home & Living,116.77,0,0.252,6.8,0.198,True,Credit Card,Este,7.6,5.0
35,1.5,Electronics,176.7,3,0.076,4.4,0.42,True,Credit Card,Central,6.6,931.04
33,7.6,Electronics,201.19,2,0.125,3.4,0.205,True,Credit Card,Sur,7.7,778.79
31,13.0,Fashion,92.78,5,0.069,5.9,0.38,True,Digital Wallet,Sur,8.8,888.82
41,2.9,Fashion,97.83,3,0.237,1.4,0.155,False,Credit Card,Sur,7.9,298.96
20,2.9,Home & Living,93.55,1,0.015,4.5,0.084,True,Digital Wallet,Este,9.0,118.38
53,1.2,Home & Living,115.48,6,0.079,1.9,0.372,False,Credit Card,Norte,7.8,765.02
30,3.1,Fashion,65.22,4,0.011,8.8,0.178,True,Credit Card,Norte,7.0,607.15
46,2.0,Home & Living,77.03,1,0.002,6.7,0.207,False,Credit Card,Norte,6.7,98.65
22,1.3,Fashion,94.21,8,0.024,12.0,0.381,True,Credit Card,Norte,7.8,1212.21
46,0.5,Electronics,150.01,2,0.078,3.7,0.448,False,Credit Card,Norte,3.2,220.4
46,1.0,Home & Living,103.92,4,0.0,8.2,0.329,False,Bank Transfer,Sur,8.2,574.28
42,0.8,Fashion,24.88,4,0.351,3.8,0.436,False,Credit Card,Norte,6.9,44.31
26,2.7,Fashion,21.43,2,0.367,2.8,0.32,True,Credit Card,Este,9.5,21.02
40,3.2,Fashion,108.93,6,0.022,8.0,0.189,False,Credit Card,Sur,8.8,1396.48
23,3.3,Fashion,94.67,6,0.172,3.4,0.118,True,Credit Card,Central,6.4,777.84
34,1.7,Electronics,151.03,0,0.132,5.7,0.085,False,Credit Card,Norte,2.4,5.0
50,1.9,Fashion,72.35,3,0.013,3.2,0.16,True,Digital Wallet,Central,7.2,290.87
47,6.3,Home & Living,139.76,6,0.054,2.3,0.306,False,Bank Transfer,Central,10.0,1089.02
38,2.3,Fashion,87.5,5,0.092,6.4,0.325,False,Bank Transfer,Norte,7.6,635.33
26,15.0,Electronics,233.05,1,0.412,3.5,0.302,True,Credit Card,Este,7.1,51.66
45,2.0,Home & Living,103.78,4,0.007,1.0,0.04,False,Digital Wallet,Sur,7.8,616.42
38,3.7,Electronics,112.81,2,0.007,4.2,0.272,False,Credit Card,Central,7.5,425.47
18,0.5,Electronics,301.33,1,0.005,3.1,0.254,False,Digital Wallet,Central,8.0,310.89
47,3.7,Electronics,122.08,2,0.031,4.1,0.078,True,Digital Wallet,Oeste,9.1,389.88
37,6.7,Electronics,228.37,2,0.04,8.3,0.411,True,Bank Transfer,Este,6.1,1061.75
52,10.0,Fashion,77.48,6,0.189,11.9,0.14,True,Credit Card,Central,6.5,571.18
24,15.0,Fashion,66.05,6,0.143,7.0,0.115,True,Credit Card,Central,3.1,337.58
18,1.2,Home & Living,107.39,6,0.118,2.7,0.18,False,Bank Transfer,Central,8.5,507.26
41,3.0,Home & Living,117.19,6,0.121,4.6,0.228,False,Digital Wallet,Oeste,8.2,1000.44
41,2.1,Home & Living,71.06,4,0.0,2.2,0.474,False,Bank Transfer,Central,4.5,274.7
18,2.9,Fashion,55.84,3,0.026,7.5,0.27,True,Digital Wallet,Oeste,7.9,360.89
26,0.6,Fashion,68.64,2,0.237,6.8,0.768,False,Credit Card,Este,7.6,113.86
71,6.8,Home & Living,91.12,3,0.018,2.7,0.498,False,Credit Card,Central,2.9,248.59
34,8.4,Fashion,55.49,3,0.565,5.9,0.208,True,Credit Card,Central,8.1,22.6
46,2.1,Home & Living,86.03,0,0.0,4.7,0.205,False,Credit Card,Este,8.7,5.0
30,1.2,Fashion,63.0,2,0.356,5.5,0.073,False,Credit Card,Este,7.8,46.08
18,0.5,Fashion,73.77,4,0.427,4.4,0.453,False,Bank Transfer,Sur,8.2,16.28
35,4.0,Fashion,109.08,3,0.044,7.1,0.425,False,Credit Card,Sur,8.0,508.14
34,1.3,Fashion,46.0,5,0.026,6.6,0.244,False,Digital Wallet,Sur,6.9,363.71
33,8.4,Fashion,80.67,3,0.401,0.2,0.325,True,Credit Card,Oeste,7.4,71.97
36,3.9,Fashion,68.06,7,0.124,6.3,0.347,True,Credit Card,Sur,8.5,954.0
41,3.6,Fashion,69.3,7,0.31,6.1,0.196,True,Bank Transfer,Sur,7.8,349.42
36,2.9,Home & Living,44.85,3,0.115,3.2,0.368,False,Bank Transfer,Sur,7.2,136.95
22,0.5,Home & Living,116.26,7,0.003,6.9,0.212,False,Digital Wallet,Sur,10.0,1026.83
43,9.4,Electronics,115.08,3,0.057,11.1,0.231,False,Digital Wallet,Sur,8.6,677.73
18,3.5,Electronics,215.34,1,0.107,5.4,0.438,True,Digital Wallet,Central,6.3,300.14
18,15.0,Fashion,95.38,2,0.134,2.3,0.207,True,Credit Card,Norte,7.2,311.66
46,2.7,Fashion,49.97,5,0.343,1.9,0.241,False,Digital Wallet,Norte,7.7,93.3
44,4.3,Electronics,277.11,3,0.219,12.6,0.394,False,Credit Card,Norte,7.3,899.23
37,0.5,Electronics,217.43,1,0.188,9.8,0.392,True,Digital Wallet,Este,10.0,324.29
21,3.5,Home & Living,100.12,3,0.107,5.2,0.325,True,Credit Card,Sur,10.0,499.85
29,5.1,Home & Living,84.83,2,0.001,5.4,0.062,False,Credit Card,Este,7.2,320.94
34,5.3,Fashion,101.41,8,0.012,2.7,0.436,False,Credit Card,Central,8.3,1362.81
18,5.1,Fashion,60.19,1,0.125,5.4,0.327,True,Bank Transfer,Este,6.9,71.46
29,0.9,Fashion,85.54,5,0.296,6.1,0.643,False,Credit Card,Oeste,8.9,308.1
45,13.0,Electronics,153.89,1,0.008,3.5,0.244,True,Credit Card,Central,7.7,284.46
55,15.0,Fashion,66.52,3,0.001,2.0,0.326,True,Digital Wallet,Central,7.8,464.23
32,0.5,Electronics,278.79,2,0.014,5.7,0.593,False,Credit Card,Este,9.5,952.05
47,9.6,Fashion,64.92,3,0.306,4.8,0.104,False,Credit Card,Sur,3.1,79.94
18,1.2,Electronics,124.8,1,0.088,1.4,0.199,True,Credit Card,Norte,9.9,197.31
45,4.1,Fashion,100.08,4,0.077,4.6,0.191,True,Digital Wallet,Oeste,8.9,666.21
28,1.4,Fashion,61.97,10,0.147,3.0,0.114,True,Bank Transfer,Sur,8.1,796.3
41,12.0,Fashion,118.08,6,0.6,6.7,0.267,True,Credit Card,Norte,4.8,66.67
35,0.5,Electronics,245.22,3,0.14,8.1,0.281,False,Credit Card,Este,9.7,874.76
53,2.4,Electronics,100.87,3,0.067,6.0,0.6,False,Bank Transfer,Norte,8.2,310.38
27,2.0,Fashion,69.02,4,0.396,4.1,0.342,True,Credit Card,Central,6.6,74.19
45,1.4,Electronics,148.0,0,0.001,7.7,0.445,True,Digital Wallet,Central,6.7,5.0
34,3.6,Electronics,270.2,1,0.294,2.8,0.464,True,Credit Card,Norte,5.9,225.74
36,0.5,Fashion,85.64,6,0.289,2.1,0.172,True,Digital Wallet,Norte,3.7,307.97
35,4.4,Home & Living,93.04,2,0.089,13.0,0.371,True,Digital Wallet,Central,7.7,343.06
27,13.8,Electronics,147.14,4,0.039,3.6,0.327,True,Credit Card,Norte,7.9,1764.25
37,5.7,Fashion,54.29,6,0.106,0.6,0.253,True,Digital Wallet,Sur,7.1,700.54
37,6.9,Home & Living,122.93,0,0.058,11.7,0.335,True,Digital Wallet,Oeste,7.4,5.0
40,1.6,Home & Living,111.53,3,0.064,7.2,0.411,False,Bank Transfer,Este,7.0,373.34
39,1.4,Electronics,136.52,3,0.134,4.5,0.246,False,Credit Card,Norte,8.1,446.07
47,2.5,Home & Living,82.88,4,0.062,3.2,0.165,True,Digital Wallet,Sur,7.2,441.63
49,0.5,Fashion,65.37,2,0.188,1.4,0.582,False,Bank Transfer,Central,7.0,106.62
25,10.2,Home & Living,78.31,0,0.14,5.3,0.278,True,Digital Wallet,Norte,8.2,5.0
48,0.5,Fashion,85.36,2,0.045,3.0,0.39,False,Digital Wallet,Norte,7.3,214.84
23,8.2,Home & Living,92.64,5,0.15,4.5,0.116,False,Credit Card,Norte,7.2,579.39
45,0.5,Home & Living,68.65,1,0.039,6.7,0.467,True,Bank Transfer,Norte,4.3,63.18
45,6.1,Fashion,36.12,8,0.031,2.0,0.252,True,Credit Card,Norte,9.2,642.19
18,0.6,Home & Living,123.65,6,0.0,3.4,0.319,False,Credit Card,Este,2.4,427.79
39,0.5,Electronics,166.33,1,0.004,6.6,0.437,False,Bank Transfer,Este,8.0,227.95
32,4.4,Electronics,198.55,2,0.006,7.4,0.284,False,Digital Wallet,Central,9.2,820.12
28,1.2,Fashion,91.59,5,0.268,5.2,0.085,False,Bank Transfer,Central,9.2,314.86
54,4.4,Home & Living,83.24,0,0.066,7.3,0.516,True,Credit Card,Sur,9.1,5.0
30,2.8,Fashion,80.37,4,0.133,7.2,0.23,False,Digital Wallet,Este,7.6,490.95
28,0.5,Fashion,59.62,6,0.004,5.7,0.371,False,Bank Transfer,Sur,2.0,209.09
38,9.4,Fashion,98.87,4,0.066,4.1,0.841,True,Credit Card,Este,7.3,1173.36
46,2.1,Electronics,100.75,5,0.005,3.1,0.292,False,Digital Wallet,Norte,9.4,797.08
36,4.6,Fashion,58.59,3,0.091,2.6,0.247,False,Digital Wallet,Sur,3.5,148.08
51,2.4,Fashion,101.01,5,0.055,0.7,0.12,True,Credit Card,Sur,9.1,568.69
44,3.2,Home & Living,83.29,2,0.025,0.6,0.113,True,Bank Transfer,Sur,7.3,244.92
18,1.3,Electronics,203.71,3,0.044,8.6,0.872,True,Digital Wallet,Central,7.0,878.53
31,0.8,Fashion,33.21,3,0.275,5.0,0.285,True,Credit Card,Central,9.5,97.24
31,2.7,Electronics,187.33,1,0.164,5.7,0.266,False,Credit Card,Este,7.8,247.05
43,2.0,Electronics,159.19,2,0.13,6.5,0.323,False,Digital Wallet,Central,6.2,361.0
18,1.7,Fashion,49.61,5,0.045,5.2,0.497,False,Credit Card,Central,7.3,360.84
68,3.9,Fashion,121.9,3,0.263,1.4,0.307,False,Credit Card,Norte,2.9,144.34
44,4.1,Electronics,254.1,0,0.379,2.0,0.251,False,Credit Card,Norte,5.0,5.0
39,0.5,Electronics,181.32,2,0.119,3.5,0.617,False,Bank Transfer,Oeste,9.3,538.42
52,1.4,Home & Living,97.52,1,0.009,4.7,0.14,False,Bank Transfer,Norte,5.3,82.13
66,1.9,Home & Living,85.5,0,0.015,1.7,0.356,False,Digital Wallet,Norte,5.8,5.0
48,0.5,Electronics,260.83,0,0.107,2.7,0.228,True,Bank Transfer,Central,7.5,5.0
49,0.9,Fashion,91.9,5,0.012,5.5,0.138,False,Digital Wallet,Oeste,6.6,610.66
39,0.5,Electronics,103.14,2,0.39,2.0,0.041,False,Credit Card,Oeste,9.5,46.4
36,15.0,Home & Living,90.3,4,0.007,9.6,0.199,True,Digital Wallet,Central,7.8,894.4
32,4.7,Fashion,81.0,5,0.412,2.4,0.248,True,Bank Transfer,Sur,7.4,55.2
28,0.5,Home & Living,64.69,1,0.022,4.1,0.299,True,Digital Wallet,Oeste,6.8,86.63
29,0.5,Electronics,209.93,0,0.011,1.0,0.256,True,Credit Card,Norte,7.3,5.0
21,4.4,Fashion,101.52,6,0.136,14.6,0.222,True,Digital Wallet,Central,7.2,958.99
37,2.0,Fashion,84.8,4,0.127,4.9,0.39,False,Credit Card,Central,8.8,536.87
18,5.4,Electronics,160.28,3,0.226,1.1,0.331,True,Digital Wallet,Este,8.4,585.86
40,9.0,Electronics,167.02,2,0.118,16.1,0.24,True,Credit Card,Central,6.7,743.79
37,3.2,Fashion,95.37,1,0.082,6.3,0.148,False,Digital Wallet,Este,8.3,154.94
39,0.7,Fashion,65.52,5,0.351,4.7,0.254,True,Bank Transfer,Norte,7.9,143.9
31,5.3,Electronics,113.92,2,0.181,6.3,0.692,False,Digital Wallet,Este,7.4,233.55
74,10.9,Fashion,77.82,3,0.066,4.9,0.279,False,Credit Card,Norte,8.3,305.96
54,3.0,Electronics,243.22,4,0.013,0.7,0.361,False,Digital Wallet,Este,8.2,961.64
23,4.0,Electronics,139.16,2,0.309,2.5,0.059,True,Bank Transfer,Central,8.7,193.25
40,1.4,Fashion,65.93,8,0.172,4.8,0.317,False,Digital Wallet,Norte,6.7,477.83
30,1.7,Electronics,214.9,2,0.042,3.2,0.072,False,Digital Wallet,Norte,6.5,430.99
25,4.6,Fashion,61.85,4,0.055,4.8,0.212,True,Credit Card,Sur,10.0,558.94
21,9.2,Fashion,91.57,10,0.163,7.7,0.479,True,Credit Card,Norte,8.8,1541.17
43,3.5,Fashion,54.77,3,0.076,6.3,0.256,False,Credit Card,Central,8.1,285.15
29,5.5,Fashion,97.75,4,0.046,2.4,0.453,False,Credit Card,Central,7.0,514.04
49,0.7,Home & Living,47.25,7,0.004,2.8,0.44,False,Bank Transfer,Sur,8.6,402.09
49,0.8,Fashion,109.01,2,0.113,4.3,0.134,False,Bank Transfer,Oeste,3.5,126.38
54,2.7,Fashion,118.34,8,0.454,2.5,0.331,False,Bank Transfer,Sur,6.6,56.99
27,0.7,Electronics,91.29,0,0.016,2.5,0.487,False,Bank Transfer,Norte,5.8,5.0
43,3.5,Fashion,45.36,6,0.137,6.6,0.28,False,Credit Card,Central,4.2,206.8
45,1.2,Fashion,83.6,7,0.039,3.0,0.129,True,Credit Card,Central,7.7,1009.52
32,5.5,Electronics,247.8,3,0.005,4.2,0.675,False,Digital Wallet,Norte,6.4,1147.92
28,5.8,Fashion,157.01,6,0.098,2.3,0.067,False,Credit Card,Central,9.2,1910.51
57,2.2,Electronics,143.72,0,0.099,2.5,0.436,False,Bank Transfer,Norte,5.9,5.0
40,0.7,Electronics,166.91,3,0.012,6.6,0.208,False,Credit Card,Sur,8.1,762.44
45,3.6,Electronics,179.91,2,0.17,5.9,0.303,False,Bank Transfer,Norte,5.8,262.01
28,15.0,Fashion,15.0,4,0.153,8.5,0.281,False,Credit Card,Este,7.3,87.7
23,3.4,Home & Living,120.84,3,0.003,11.2,0.057,False,Digital Wallet,Sur,7.3,575.13
31,0.5,Electronics,208.93,0,0.021,1.5,0.249,True,Credit Card,Oeste,4.1,5.0
36,0.5,Fashion,65.25,3,0.214,4.7,0.244,False,Digital Wallet,Central,2.7,102.8
25,1.4,Electronics,223.6,0,0.242,3.5,0.168,False,Credit Card,Sur,9.2,5.0
37,0.8,Electronics,196.63,2,0.01,6.5,0.086,True,Credit Card,Oeste,8.1,729.43
18,5.9,Home & Living,100.36,4,0.059,5.2,0.232,False,Digital Wallet,Norte,7.3,371.76
24,6.5,Fashion,69.08,1,0.042,8.5,0.224,False,Digital Wallet,Norte,8.3,130.04
46,1.0,Electronics,173.75,2,0.031,8.6,0.276,False,Digital Wallet,Central,8.1,443.01
45,1.4,Electronics,120.63,1,0.597,4.9,0.491,False,Credit Card,Norte,6.6,10.27
33,0.9,Home & Living,99.41,3,0.002,2.5,0.183,False,Credit Card,Norte,8.9,416.25
25,8.4,Electronics,184.89,0,0.018,2.3,0.266,False,Credit Card,Central,6.2,5.0
25,2.4,Electronics,47.75,1,0.025,1.6,0.304,True,Credit Card,Oeste,7.4,83.05
33,3.7,Fashion,32.82,8,0.025,3.6,0.167,False,Credit Card,Sur,6.3,448.77
45,1.9,Fashion,91.53,4,0.087,6.6,0.23,True,Credit Card,Sur,2.9,379.57
49,3.5,Fashion,65.11,4,0.116,5.2,0.468,False,Credit Card,Sur,10.0,314.63
32,1.7,Home & Living,83.02,2,0.002,3.3,0.135,True,Bank Transfer,Norte,7.0,284.6
24,1.5,Electronics,156.55,2,0.008,1.9,0.515,False,Bank Transfer,Central,9.1,363.41
41,3.5,Fashion,81.84,9,0.203,4.6,0.093,True,Digital Wallet,Este,3.3,649.78
28,3.1,Electronics,212.51,0,0.0,7.5,0.463,False,Bank Transfer,Central,7.0,5.0
31,1.2,Fashion,59.89,4,0.536,18.9,0.301,True,Digital Wallet,Sur,8.9,25.14
53,0.6,Home & Living,102.09,2,0.0,2.5,0.517,False,Credit Card,Sur,5.4,214.76
47,1.6,Fashion,82.2,6,0.004,3.1,0.228,True,Digital Wallet,Norte,7.3,900.36
39,1.9,Fashion,75.74,8,0.034,5.2,0.195,True,Credit Card,Este,5.8,873.19
22,3.5,Home & Living,93.16,3,0.013,2.1,0.122,False,Credit Card,Oeste,7.1,375.42
40,8.6,Electronics,133.62,3,0.011,1.3,0.388,True,Digital Wallet,Norte,8.5,942.74
50,0.5,Fashion,56.29,7,0.396,11.1,0.135,False,Credit Card,Sur,7.9,85.47
33,1.0,Home & Living,78.95,3,0.122,3.4,0.278,True,Digital Wallet,Norte,7.1,339.61
54,0.8,Fashion,73.97,5,0.025,3.2,0.126,False,Digital Wallet,Central,10.0,547.63
53,2.4,Electronics,91.85,2,0.041,2.4,0.62,True,Credit Card,Este,10.0,381.39
57,2.0,Electronics,256.43,1,0.298,2.3,0.401,False,Bank Transfer,Este,9.3,108.0
41,4.6,Electronics,128.53,2,0.011,6.3,0.266,True,Credit Card,Sur,3.4,356.99
45,1.0,Electronics,226.02,3,0.0,7.1,0.108,False,Bank Transfer,Oeste,4.9,704.28
54,3.2,Fashion,104.71,9,0.307,10.3,0.486,False,Credit Card,Central,6.5,519.25
43,7.5,Electronics,194.89,3,0.28,6.3,0.555,True,Credit Card,Norte,7.4,527.85
31,8.5,Electronics,147.55,2,0.09,1.2,0.289,True,Credit Card,Oeste,9.5,610.12
32,11.2,Fashion,85.25,12,0.382,5.8,0.115,True,Digital Wallet,Oeste,6.4,418.96
40,5.2,Fashion,80.65,6,0.164,2.0,0.262,True,Credit Card,Sur,10.0,786.24
22,8.3,Fashion,95.2,3,0.133,1.4,0.042,False,Digital Wallet,Central,9.6,348.27
36,0.9,Fashion,50.62,7,0.114,1.5,0.197,False,Bank Transfer,Central,6.5,360.06
51,0.8,Electronics,150.25,4,0.22,18.5,0.288,True,Digital Wallet,Norte,6.5,630.5
18,0.5,Electronics,138.48,0,0.139,2.6,0.271,False,Credit Card,Norte,6.8,5.0
56,4.3,Electronics,248.9,1,0.016,13.3,0.2,False,Credit Card,Sur,7.0,429.14
51,9.7,Fashion,77.14,4,0.23,9.7,0.454,False,Credit Card,Norte,9.6,304.93
32,0.7,Electronics,137.17,3,0.109,3.9,0.569,True,Credit Card,Central,3.7,436.98
44,3.5,Fashion,61.63,5,0.211,3.3,0.259,False,Credit Card,Norte,2.4,143.87
38,4.8,Electronics,152.25,2,0.075,5.1,0.278,False,Credit Card,Sur,7.0,544.52
52,9.2,Home & Living,73.0,2,0.435,4.5,0.523,True,Bank Transfer,Oeste,8.5,12.56
49,3.6,Fashion,73.66,4,0.069,6.4,0.358,True,Credit Card,Central,2.9,275.87
21,12.3,Fashion,76.71,4,0.058,4.3,0.246,False,Digital Wallet,Central,8.5,536.47
45,1.5,Home & Living,133.57,2,0.016,5.6,0.058,False,Bank Transfer,Este,7.0,339.58
35,1.5,Fashion,63.66,4,0.059,3.7,0.163,False,Credit Card,Sur,8.5,401.07
38,2.7,Fashion,81.86,6,0.251,6.3,0.345,False,Bank Transfer,Central,8.6,468.61
29,1.7,Home & Living,65.71,4,0.084,10.5,0.513,False,Credit Card,Norte,6.7,360.28
58,0.5,Fashion,64.54,5,0.026,3.1,0.585,False,Credit Card,Norte,7.7,378.62
50,4.6,Home & Living,72.72,2,0.128,5.3,0.408,True,Credit Card,Sur,8.0,221.81
29,4.9,Fashion,72.21,2,0.214,5.9,0.344,True,Bank Transfer,Oeste,7.7,194.17
21,4.8,Home & Living,121.88,3,0.006,5.2,0.286,True,Credit Card,Sur,8.8,647.66
33,1.5,Electronics,93.55,0,0.126,7.5,0.786,False,Digital Wallet,Sur,8.5,5.0
43,2.6,Electronics,172.76,2,0.146,4.1,0.497,True,Credit Card,Sur,8.7,513.51
40,1.6,Fashion,73.24,2,0.172,1.6,0.557,False,Credit Card,Central,9.8,167.67
53,0.5,Electronics,214.96,0,0.042,5.5,0.319,False,Credit Card,Oeste,3.6,5.0
47,2.9,Electronics,222.22,1,0.006,4.7,0.438,False,Digital Wallet,Sur,2.0,168.32
49,0.5,Electronics,146.41,0,0.387,1.9,0.633,False,Credit Card,Sur,7.4,5.0
41,0.5,Fashion,74.78,3,0.334,2.3,0.253,False,Credit Card,Norte,6.3,107.04
21,4.9,Home & Living,92.35,4,0.005,5.9,0.207,True,Credit Card,Sur,2.3,374.69
35,0.5,Fashion,46.64,7,0.016,10.4,0.564,False,Credit Card,Central,8.4,595.22
50,11.2,Home & Living,15.0,2,0.071,2.9,0.102,False,Credit Card,Norte,8.1,43.29
37,2.5,Fashion,84.83,3,0.213,6.1,0.235,False,Credit Card,Central,6.0,214.1
44,14.3,Electronics,261.76,3,0.135,6.2,0.091,True,Credit Card,Oeste,6.5,1188.91
34,0.5,Electronics,112.67,2,0.158,5.5,0.463,False,Credit Card,Oeste,5.0,256.34
25,3.1,Fashion,98.65,5,0.412,7.1,0.526,False,Credit Card,Norte,3.1,42.57
36,1.5,Electronics,261.36,0,0.151,3.2,0.221,False,Credit Card,Norte,2.5,5.0
41,6.5,Electronics,97.8,1,0.174,9.7,0.316,False,Bank Transfer,Central,9.0,85.0
30,1.6,Fashion,114.48,4,0.075,7.2,0.259,False,Credit Card,Este,9.3,858.65
35,1.1,Fashion,81.67,4,0.202,3.2,0.316,False,Credit Card,Este,7.6,329.82
26,6.8,Fashion,85.22,7,0.017,7.4,0.538,True,Credit Card,Norte,8.5,1492.6
51,1.6,Home & Living,62.92,2,0.101,4.3,0.07,True,Digital Wallet,Central,6.0,134.87
34,0.5,Fashion,75.53,3,0.502,3.7,0.358,False,Credit Card,Central,7.2,17.54
55,1.7,Fashion,48.24,4,0.279,3.6,0.801,False,Credit Card,Sur,8.7,130.16
56,3.7,Home & Living,37.04,0,0.107,3.6,0.087,True,Credit Card,Este,7.6,5.0
37,1.0,Electronics,176.69,1,0.099,10.4,0.609,True,Credit Card,Central,8.7,371.95
25,2.0,Fashion,50.36,4,0.266,1.8,0.604,False,Credit Card,Central,8.9,152.04
18,0.5,Home & Living,87.26,5,0.001,13.7,0.498,False,Credit Card,Central,8.5,643.86
20,3.1,Fashion,65.35,3,0.414,4.5,0.271,True,Digital Wallet,Este,5.8,24.83
21,4.9,Home & Living,143.04,1,0.002,7.8,0.164,True,Bank Transfer,Este,7.9,236.45
54,1.9,Fashion,72.54,5,0.167,2.6,0.249,False,Digital Wallet,Este,5.7,260.22
39,1.9,Fashion,108.68,6,0.201,5.7,0.384,True,Bank Transfer,Sur,5.7,774.25
42,0.5,Electronics,183.38,3,0.117,12.2,0.36,True,Digital Wallet,Norte,3.3,447.92
18,0.8,Home & Living,72.74,4,0.218,6.5,0.223,True,Digital Wallet,Norte,8.7,270.97
23,0.6,Home & Living,35.9,3,0.055,2.3,0.298,True,Credit Card,Norte,9.7,149.34
48,2.3,Home & Living,101.53,2,0.008,3.1,0.275,False,Digital Wallet,Este,5.0,301.83
41,2.6,Fashion,65.39,4,0.18,7.0,0.289,True,Credit Card,Central,6.4,392.02
36,10.4,Electronics,241.22,4,0.14,4.7,0.047,True,Credit Card,Norte,7.4,1558.24
44,0.5,Electronics,296.61,2,0.2,16.2,0.156,False,Credit Card,Este,7.1,629.41
57,3.2,Home & Living,59.61,4,0.02,4.4,0.322,False,Digital Wallet,Central,3.2,146.52
35,2.6,Fashion,63.61,5,0.008,4.9,0.066,False,Credit Card,Oeste,6.9,654.0
38,2.5,Electronics,225.82,1,0.266,1.2,0.21,True,Credit Card,Sur,4.2,150.8
40,7.2,Fashion,87.14,4,0.027,6.3,0.236,False,Digital Wallet,Norte,9.8,754.0
66,0.8,Fashion,96.2,5,0.293,2.5,0.407,False,Credit Card,Central,8.1,249.65
18,0.5,Fashion,68.86,4,0.073,4.5,0.322,False,Credit Card,Sur,7.3,269.08
46,3.9,Fashion,119.54,0,0.289,5.5,0.227,False,Bank Transfer,Norte,9.6,5.0
36,1.5,Fashion,130.39,12,0.07,2.7,0.613,False,Digital Wallet,Central,6.9,2171.26
44,0.5,Home & Living,47.3,4,0.6,11.0,0.356,True,Credit Card,Este,10.0,19.9
30,1.0,Electronics,240.79,5,0.019,2.5,0.058,False,Digital Wallet,Sur,7.6,1734.05
37,1.3,Electronics,91.15,4,0.137,5.6,0.151,False,Bank Transfer,Sur,6.9,400.9
46,3.4,Fashion,44.39,5,0.008,12.4,0.266,False,Credit Card,Central,8.3,500.72
75,0.7,Home & Living,46.42,5,0.002,6.4,0.421,False,Credit Card,Este,8.7,267.8
47,1.9,Fashion,32.93,3,0.201,6.8,0.149,False,Bank Transfer,Oeste,5.0,84.49
27,2.3,Fashion,59.29,3,0.397,3.9,0.303,False,Digital Wallet,Sur,3.0,19.75
32,2.2,Fashion,44.19,3,0.089,2.6,0.335,False,Credit Card,Norte,8.6,226.59
32,12.8,Fashion,90.6,3,0.051,9.2,0.093,True,Credit Card,Oeste,10.0,599.41
18,0.5,Home & Living,84.18,2,0.016,1.6,0.249,False,Digital Wallet,Sur,6.6,181.4
34,10.6,Home & Living,130.44,3,0.0,2.1,0.233,False,Bank Transfer,Oeste,7.2,623.93
46,3.1,Fashion,93.7,6,0.272,2.6,0.211,False,Credit Card,Norte,5.7,422.57
22,5.6,Fashion,104.28,2,0.289,8.4,0.451,False,Bank Transfer,Sur,7.9,126.48
50,2.0,Electronics,164.02,2,0.016,6.1,0.206,True,Credit Card,Central,8.7,574.84
43,2.1,Fashion,82.77,5,0.101,3.8,0.567,False,Credit Card,Norte,9.6,645.93
29,7.4,Fashion,83.56,3,0.6,9.6,0.336,True,Digital Wallet,Este,6.4,27.93
36,7.9,Fashion,106.8,5,0.156,4.3,0.169,True,Credit Card,Norte,9.2,1053.09
57,1.0,Electronics,159.47,1,0.012,4.4,0.241,False,Digital Wallet,Sur,7.6,208.58
46,0.8,Home & Living,58.99,3,0.148,1.0,0.193,False,Bank Transfer,Central,8.0,137.14
38,2.4,Fashion,33.38,2,0.023,2.8,0.453,False,Credit Card,Norte,7.4,108.47
35,8.1,Fashion,58.39,2,0.129,1.0,0.759,True,Credit Card,Norte,8.4,245.07
38,1.4,Electronics,174.94,3,0.177,10.2,0.137,True,Bank Transfer,Central,7.6,637.21
31,3.7,Fashion,89.52,6,0.01,2.8,0.249,False,Credit Card,Norte,7.6,878.58
18,4.3,Home & Living,77.17,3,0.025,6.5,0.59,True,Credit Card,Norte,4.7,279.44
62,5.3,Fashion,63.15,6,0.31,10.0,0.416,True,Credit Card,Norte,6.8,274.35
39,2.9,Fashion,94.72,8,0.575,6.8,0.529,False,Digital Wallet,Este,7.4,56.07
42,1.8,Electronics,228.49,4,0.061,1.1,0.416,True,Digital Wallet,Sur,5.0,977.11
37,11.9,Fashion,94.8,6,0.365,1.1,0.281,False,Bank Transfer,Norte,6.2,171.82
29,3.3,Home & Living,163.34,2,0.068,3.0,0.533,False,Credit Card,Central,5.8,440.13
35,4.6,Fashion,62.78,4,0.292,4.2,0.41,False,Credit Card,Central,8.6,196.36
18,1.5,Home & Living,148.52,1,0.06,1.2,0.479,False,Credit Card,Central,9.5,181.78
65,3.9,Home & Living,108.07,3,0.047,0.1,0.081,False,Credit Card,Central,9.1,304.01
23,1.0,Home & Living,102.19,5,0.028,3.5,0.048,False,Credit Card,Central,7.4,664.63
25,1.0,Home & Living,89.95,2,0.024,3.5,0.455,False,Credit Card,Sur,9.0,217.09
32,4.4,Electronics,163.08,0,0.381,6.4,0.329,True,Bank Transfer,Oeste,6.7,5.0
53,2.6,Home & Living,107.95,0,0.004,2.1,0.58,False,Bank Transfer,Central,9.7,5.0
38,4.0,Electronics,125.21,1,0.02,2.0,0.126,True,Credit Card,Este,7.1,253.01
23,1.1,Electronics,242.03,3,0.018,6.8,0.166,False,Digital Wallet,Central,7.2,1002.59
53,3.2,Electronics,140.09,1,0.065,4.8,0.191,True,Digital Wallet,Central,9.0,230.35
46,2.1,Electronics,157.43,1,0.001,3.0,0.341,True,Credit Card,Central,7.0,278.02
44,3.2,Fashion,88.92,5,0.302,6.8,0.242,True,Digital Wallet,Central,6.2,391.3
46,1.2,Fashion,116.76,3,0.034,5.7,0.183,True,Digital Wallet,Central,7.1,571.2
66,4.4,Electronics,137.7,2,0.05,3.9,0.075,True,Digital Wallet,Central,8.0,481.49
64,5.7,Fashion,107.73,5,0.087,4.4,0.403,True,Digital Wallet,Oeste,7.4,951.18
29,1.1,Fashion,26.55,2,0.097,4.2,0.157,False,Digital Wallet,Sur,7.8,64.55
57,1.3,Home & Living,62.75,3,0.077,9.3,0.101,False,Bank Transfer,Oeste,5.4,170.08
42,3.8,Electronics,239.56,0,0.073,4.9,0.241,False,Digital Wallet,Sur,8.1,5.0
43,4.2,Electronics,171.62,2,0.122,0.5,0.241,False,Digital Wallet,Norte,3.0,226.15
18,4.3,Electronics,254.49,1,0.232,6.9,0.173,True,Digital Wallet,Central,5.8,192.46
35,4.0,Electronics,301.65,0,0.232,7.6,0.191,True,Credit Card,Central,8.2,5.0
28,1.7,Fashion,44.12,6,0.034,15.4,0.164,True,Digital Wallet,Norte,7.7,544.29
47,1.8,Fashion,96.63,6,0.258,5.2,0.125,False,Bank Transfer,Central,4.0,264.0
50,1.0,Electronics,218.46,2,0.132,7.5,0.335,True,Credit Card,Este,6.9,510.72
18,0.6,Fashion,84.06,5,0.069,7.2,0.192,False,Credit Card,Este,7.4,460.67
37,4.1,Fashion,68.02,6,0.009,5.0,0.533,True,Digital Wallet,Sur,9.0,908.2
51,0.5,Home & Living,96.06,7,0.001,6.6,0.108,False,Credit Card,Este,9.0,966.11
35,9.7,Electronics,127.66,1,0.049,6.7,0.736,False,Credit Card,Norte,5.8,221.34
46,6.1,Home & Living,117.69,3,0.094,3.9,0.068,True,Digital Wallet,Norte,3.6,353.15
42,6.8,Fashion,40.16,2,0.263,3.3,0.329,False,Digital Wallet,Oeste,3.2,41.18
42,8.3,Electronics,241.72,0,0.01,6.9,0.392,True,Digital Wallet,Oeste,4.4,5.0
34,1.8,Home & Living,111.82,0,0.064,2.3,0.068,False,Credit Card,Central,7.1,5.0
23,6.6,Home & Living,65.28,4,0.197,2.2,0.388,True,Digital Wallet,Central,8.8,284.5
24,0.6,Fashion,78.1,7,0.028,5.2,0.348,False,Bank Transfer,Norte,7.8,646.12
46,0.5,Fashion,74.41,4,0.502,6.0,0.293,False,Bank Transfer,Este,3.3,10.91
38,5.4,Fashion,90.55,5,0.393,2.0,0.38,False,Credit Card,Este,7.1,131.83
36,0.5,Electronics,56.81,1,0.019,3.1,0.396,True,Digital Wallet,Este,6.8,98.8
32,15.0,Electronics,222.09,1,0.004,2.5,0.304,True,Credit Card,Oeste,6.5,510.68
34,3.9,Home & Living,102.71,1,0.003,4.9,0.439,True,Digital Wallet,Norte,8.1,221.15
50,4.9,Home & Living,114.4,3,0.0,5.1,0.465,True,Credit Card,Este,8.0,644.8
33,1.0,Electronics,252.95,2,0.056,3.5,0.489,False,Credit Card,Este,6.8,687.55
21,3.9,Home & Living,37.85,3,0.029,2.1,0.444,False,Credit Card,Oeste,8.4,184.37
46,0.5,Fashion,76.52,3,0.064,2.1,0.402,False,Credit Card,Sur,3.3,147.59
35,6.4,Electronics,234.43,1,0.09,6.9,0.306,True,Digital Wallet,Central,6.9,348.84
38,0.7,Fashion,80.23,5,0.041,1.3,0.368,False,Digital Wallet,Sur,8.1,510.54
57,4.2,Fashion,34.64,4,0.006,3.5,0.308,True,Credit Card,Norte,9.9,294.74
37,0.9,Home & Living,121.49,2,0.258,2.5,0.442,True,Bank Transfer,Este,8.4,198.81
41,0.5,Home & Living,128.57,0,0.055,3.1,0.657,True,Credit Card,Norte,8.0,5.0
23,2.3,Electronics,167.55,1,0.357,0.6,0.348,False,Digital Wallet,Central,9.9,64.55
35,0.6,Fashion,132.65,1,0.134,5.5,0.709,False,Digital Wallet,Central,9.2,185.39
45,4.6,Home & Living,88.38,2,0.064,7.3,0.298,False,Credit Card,Sur,6.8,275.7
19,0.9,Home & Living,97.22,2,0.017,2.7,0.921,True,Credit Card,Sur,7.0,271.13
40,1.5,Electronics,197.26,3,0.061,4.9,0.253,False,Bank Transfer,Oeste,6.1,712.11
39,2.9,Fashion,80.53,0,0.03,1.5,0.142,False,Credit Card,Norte,8.5,5.0
38,1.2,Home & Living,114.58,5,0.0,3.2,0.195,False,Digital Wallet,Sur,8.2,930.69
50,1.7,Electronics,169.87,0,0.002,4.6,0.292,False,Credit Card,Sur,8.4,5.0
42,5.9,Fashion,91.63,5,0.036,4.2,0.26,False,Bank Transfer,Central,2.3,334.48
55,0.7,Home & Living,124.07,0,0.219,5.3,0.471,False,Credit Card,Sur,7.5,5.0
26,0.5,Electronics,119.96,0,0.305,10.3,0.491,False,Credit Card,Central,9.5,5.0
39,1.4,Home & Living,69.57,4,0.028,1.3,0.656,False,Bank Transfer,Sur,5.2,338.5
39,1.9,Electronics,42.07,4,0.178,6.5,0.195,False,Digital Wallet,Oeste,7.8,197.65
25,2.7,Electronics,165.07,1,0.034,3.4,0.476,True,Digital Wallet,Este,4.9,239.29
49,1.6,Electronics,239.0,3,0.083,1.3,0.091,False,Bank Transfer,Sur,6.1,760.69
65,5.5,Electronics,140.06,5,0.005,1.9,0.231,False,Digital Wallet,Norte,6.7,843.03
37,0.5,Electronics,189.73,0,0.237,5.7,0.334,False,Credit Card,Sur,3.3,5.0
44,2.0,Fashion,68.36,3,0.6,8.0,0.363,False,Digital Wallet,Norte,8.0,16.48
39,1.7,Electronics,132.73,0,0.084,1.4,0.453,False,Bank Transfer,Sur,9.5,5.0
29,3.7,Home & Living,95.97,0,0.038,1.8,0.49,False,Credit Card,Sur,7.4,5.0
18,11.9,Fashion,77.88,5,0.503,2.1,0.208,False,Credit Card,Norte,8.2,34.56
29,2.5,Fashion,60.66,6,0.243,1.6,0.488,False,Credit Card,Central,4.3,178.52
21,15.0,Fashion,102.01,4,0.117,4.3,0.304,True,Bank Transfer,Sur,7.8,738.2
58,1.3,Fashion,113.13,3,0.219,4.0,0.289,False,Digital Wallet,Oeste,8.6,284.09
36,0.5,Fashion,42.79,3,0.007,4.0,0.107,False,Credit Card,Central,6.2,174.81
33,0.6,Electronics,128.58,3,0.074,5.5,0.243,False,Credit Card,Central,7.4,628.42
48,1.8,Home & Living,157.98,6,0.0,8.6,0.32,False,Credit Card,Central,5.0,1451.43
24,1.3,Fashion,98.14,5,0.192,5.0,0.33,False,Bank Transfer,Norte,8.7,395.66
28,0.5,Electronics,161.32,1,0.266,3.1,0.495,False,Credit Card,Sur,5.0,97.85
38,2.0,Fashion,76.33,4,0.115,7.5,0.202,False,Credit Card,Oeste,6.8,448.6
50,1.4,Fashion,87.37,4,0.0,4.0,0.167,False,Credit Card,Central,7.7,540.07
44,0.5,Electronics,187.7,4,0.6,9.2,0.127,False,Credit Card,Central,6.4,56.71
40,1.2,Home & Living,69.76,4,0.016,4.0,0.285,False,Digital Wallet,Central,9.3,469.61
38,7.6,Fashion,87.74,3,0.081,2.1,0.288,True,Digital Wallet,Sur,8.6,582.55
42,1.3,Fashion,98.29,6,0.6,5.0,0.319,False,Digital Wallet,Central,9.2,52.91
40,4.4,Fashion,69.49,5,0.111,2.4,0.296,True,Digital Wallet,Sur,5.7,536.98
25,3.3,Home & Living,66.93,0,0.0,2.0,0.369,False,Digital Wallet,Este,6.4,5.0
38,2.0,Electronics,160.41,3,0.006,8.0,0.245,False,Credit Card,Norte,3.0,324.7
25,1.0,Fashion,92.78,3,0.082,4.3,0.235,False,Digital Wallet,Sur,2.3,159.12
38,1.6,Electronics,168.19,3,0.043,3.9,0.235,True,Bank Transfer,Central,3.4,391.52
32,3.1,Fashion,78.19,8,0.013,3.5,0.28,True,Bank Transfer,Oeste,8.2,1380.7
68,1.5,Electronics,91.64,1,0.005,3.3,0.34,False,Credit Card,Central,7.5,128.65
37,0.8,Electronics,131.32,6,0.045,3.8,0.429,False,Credit Card,Central,6.4,886.89
21,0.5,Home & Living,112.14,1,0.003,0.7,0.19,False,Credit Card,Central,2.1,52.67
36,7.4,Fashion,72.8,5,0.073,5.4,0.138,True,Credit Card,Este,8.9,737.83
44,2.0,Electronics,272.01,2,0.074,9.2,0.454,False,Digital Wallet,Norte,8.2,710.14
58,3.4,Fashion,42.23,2,0.17,3.5,0.079,True,Digital Wallet,Oeste,9.2,126.87
30,2.4,Fashion,99.37,5,0.375,5.7,0.328,False,Credit Card,Central,7.2,123.1
19,7.2,Electronics,207.8,3,0.212,2.9,0.543,True,Digital Wallet,Central,8.9,678.64
47,2.8,Electronics,265.46,2,0.121,5.5,0.473,False,Credit Card,Central,8.2,653.17
21,2.3,Home & Living,102.86,1,0.209,4.2,0.268,True,Digital Wallet,Oeste,8.7,115.44
32,9.0,Fashion,54.37,3,0.011,3.7,0.142,False,Credit Card,Este,7.6,309.8
34,4.5,Fashion,63.32,3,0.089,18.0,0.276,True,Digital Wallet,Sur,8.9,502.11
37,0.5,Home & Living,128.92,3,0.041,7.1,0.269,False,Digital Wallet,Sur,6.7,454.83
46,0.7,Fashion,85.77,2,0.384,4.2,0.258,True,Digital Wallet,Central,7.5,47.6
29,5.4,Electronics,181.69,4,0.04,11.3,0.437,False,Digital Wallet,Central,8.4,1129.42
34,6.3,Electronics,132.99,1,0.131,1.4,0.061,False,Digital Wallet,Oeste,7.8,154.89
37,2.8,Fashion,116.77,6,0.198,1.7,0.523,False,Credit Card,Norte,5.0,674.8
39,2.8,Home & Living,102.55,2,0.039,3.8,0.383,True,Bank Transfer,Sur,4.2,209.3
39,3.5,Electronics,132.74,3,0.023,7.0,0.573,False,Digital Wallet,Oeste,7.6,697.85
43,2.0,Electronics,216.5,1,0.243,4.8,0.471,False,Credit Card,Sur,2.7,109.02
48,4.0,Home & Living,79.07,4,0.002,7.5,0.537,False,Digital Wallet,Norte,9.5,551.54
42,0.5,Electronics,110.33,1,0.43,8.9,0.212,False,Digital Wallet,Sur,7.5,8.15
43,11.4,Fashion,59.43,2,0.032,4.5,0.287,False,Credit Card,Central,5.0,235.55
19,4.9,Electronics,145.31,1,0.002,1.1,0.2,False,Digital Wallet,Este,7.7,167.3
38,3.5,Fashion,53.93,3,0.215,1.0,0.036,False,Digital Wallet,Central,5.9,155.48
43,1.3,Fashion,82.94,7,0.312,10.7,0.297,True,Bank Transfer,Central,7.0,509.6
46,0.6,Electronics,210.04,0,0.043,5.5,0.04,False,Digital Wallet,Oeste,8.4,5.0
29,1.8,Fashion,109.61,4,0.028,9.4,0.3,False,Digital Wallet,Oeste,7.1,606.37
30,3.8,Fashion,99.29,0,0.046,5.0,0.168,True,Credit Card,Sur,8.9,5.0
31,3.5,Fashion,89.31,4,0.081,11.3,0.263,False,Credit Card,Este,8.9,533.04
44,1.7,Fashion,59.06,5,0.336,5.7,0.234,True,Digital Wallet,Sur,9.2,166.38
50,3.3,Fashion,55.36,5,0.007,4.1,0.387,False,Credit Card,Norte,8.5,451.36
33,5.9,Fashion,46.54,2,0.002,5.6,0.223,False,Credit Card,Este,9.1,182.57
48,0.5,Fashion,44.14,5,0.518,13.2,0.276,False,Digital Wallet,Norte,6.6,15.55
39,2.1,Fashion,74.96,4,0.309,2.7,0.202,False,Digital Wallet,Sur,8.3,205.48
36,5.0,Fashion,56.81,3,0.108,4.2,0.313,False,Credit Card,Este,3.5,182.83
35,2.8,Fashion,104.98,2,0.101,6.3,0.242,False,Bank Transfer,Este,8.4,277.96
46,3.7,Electronics,270.68,0,0.268,5.5,0.385,False,Credit Card,Norte,3.5,5.0
41,2.5,Electronics,172.38,2,0.012,2.4,0.118,True,Bank Transfer,Norte,4.7,393.76
65,15.0,Electronics,160.13,1,0.007,0.8,0.23,True,Credit Card,Norte,7.7,324.03
27,0.5,Home & Living,58.48,2,0.099,8.1,0.508,False,Digital Wallet,Sur,9.8,145.79
44,2.4,Home & Living,98.88,3,0.065,6.4,0.034,False,Credit Card,Norte,8.9,460.59
31,0.5,Fashion,92.39,6,0.107,0.9,0.471,False,Credit Card,Norte,5.5,689.81
27,0.6,Electronics,128.65,1,0.012,2.7,0.481,False,Digital Wallet,Central,6.3,150.69
37,1.7,Electronics,181.55,2,0.147,6.5,0.571,False,Credit Card,Central,8.0,433.75
39,0.6,Home & Living,91.46,1,0.021,13.4,0.272,True,Credit Card,Oeste,7.9,203.4
73,11.6,Home & Living,94.02,1,0.011,3.5,0.327,True,Digital Wallet,Norte,5.6,161.72
35,10.3,Electronics,221.75,3,0.003,7.4,0.155,True,Credit Card,Sur,4.5,1166.35
24,1.4,Home & Living,139.26,1,0.002,0.7,0.208,False,Bank Transfer,Sur,7.8,165.97
41,3.6,Fashion,84.65,8,0.027,3.2,0.305,False,Bank Transfer,Oeste,6.6,1054.18
18,2.7,Electronics,184.19,0,0.015,2.8,0.193,False,Digital Wallet,Norte,6.9,5.0
36,5.9,Fashion,61.85,5,0.23,1.3,0.18,True,Digital Wallet,Oeste,1.3,161.2
38,3.5,Fashion,102.45,2,0.047,1.2,0.167,False,Credit Card,Norte,7.5,351.58
47,0.5,Home & Living,118.33,3,0.09,1.2,0.076,False,Credit Card,Central,6.8,377.94
49,5.0,Electronics,145.62,2,0.058,2.1,0.359,False,Digital Wallet,Norte,9.0,366.12
31,4.8,Electronics,242.06,1,0.022,7.5,0.494,False,Bank Transfer,Oeste,7.8,381.01
36,2.5,Electronics,204.26,1,0.173,4.4,0.237,False,Digital Wallet,Central,7.2,230.44
28,8.2,Electronics,127.38,4,0.186,6.0,0.543,False,Credit Card,Norte,9.1,834.41
24,8.4,Fashion,38.08,7,0.09,9.0,0.241,True,Digital Wallet,Este,8.0,426.51
41,2.6,Electronics,129.71,0,0.015,5.3,0.101,False,Credit Card,Oeste,5.9,5.0
22,3.3,Fashion,134.41,4,0.094,1.5,0.248,True,Credit Card,Central,8.3,989.94
33,15.0,Fashion,66.12,3,0.155,2.4,0.291,False,Credit Card,Norte,3.2,193.47
26,1.2,Fashion,71.83,7,0.07,5.0,0.378,False,Digital Wallet,Central,7.0,792.61
44,1.4,Fashion,105.99,5,0.209,4.3,0.236,False,Bank Transfer,Oeste,7.2,516.49
59,0.7,Fashion,76.67,6,0.109,1.8,0.334,False,Credit Card,Sur,7.9,582.27
22,7.9,Electronics,223.15,0,0.06,1.5,0.411,False,Bank Transfer,Oeste,7.5,5.0
18,4.8,Electronics,179.98,3,0.16,2.5,0.251,False,Bank Transfer,Oeste,9.4,552.65
36,0.5,Electronics,183.41,3,0.098,6.3,0.697,False,Digital Wallet,Sur,2.8,369.24
38,14.0,Electronics,167.63,1,0.063,2.5,0.235,True,Credit Card,Central,9.0,432.9
40,4.6,Electronics,152.54,3,0.343,1.7,0.732,True,Credit Card,Central,6.8,308.28
32,6.7,Electronics,229.18,1,0.022,2.7,0.203,False,Credit Card,Oeste,5.2,338.0
35,0.5,Fashion,65.67,1,0.272,2.9,0.499,False,Bank Transfer,Sur,3.0,26.61
42,2.5,Home & Living,96.9,6,0.001,0.9,0.153,False,Credit Card,Sur,9.9,1182.31
50,4.2,Electronics,213.58,2,0.007,1.3,0.4,False,Credit Card,Norte,7.8,610.95
18,2.7,Home & Living,106.19,4,0.0,11.2,0.532,False,Credit Card,Central,2.6,340.71
33,3.8,Electronics,130.24,6,0.155,1.8,0.208,False,Credit Card,Oeste,2.8,483.98
40,6.0,Fashion,57.67,5,0.114,3.9,0.307,True,Digital Wallet,Sur,2.2,303.1
26,1.6,Fashion,57.75,10,0.029,1.9,0.327,False,Credit Card,Sur,7.0,861.4
58,6.6,Home & Living,87.29,5,0.047,2.3,0.343,True,Credit Card,Central,8.0,739.65
30,0.6,Electronics,138.2,1,0.153,5.9,0.371,False,Credit Card,Oeste,9.6,190.79
37,1.1,Electronics,199.2,1,0.011,1.8,0.38,False,Bank Transfer,Sur,5.2,265.01
44,0.5,Electronics,121.71,1,0.111,18.7,0.619,False,Credit Card,Central,3.9,92.65
30,1.6,Fashion,89.72,2,0.136,4.7,0.415,False,Bank Transfer,Norte,8.6,206.94
18,1.7,Home & Living,77.96,3,0.003,4.5,0.124,False,Credit Card,Central,8.6,340.89
32,5.7,Home & Living,132.1,2,0.019,3.1,0.448,True,Credit Card,Norte,10.0,652.42
50,3.7,Fashion,109.71,2,0.257,8.8,0.169,True,Credit Card,Oeste,7.5,198.88
33,2.0,Fashion,110.44,4,0.524,4.3,0.329,False,Credit Card,Central,10.0,39.84
27,3.7,Home & Living,106.49,1,0.0,6.5,0.205,False,Credit Card,Oeste,6.8,168.43
49,0.5,Fashion,69.02,4,0.018,4.2,0.176,True,Credit Card,Sur,7.1,383.33
34,0.7,Electronics,188.51,2,0.0,2.6,0.516,True,Credit Card,Este,5.8,704.34
31,3.5,Home & Living,74.21,6,0.211,7.0,0.263,False,Digital Wallet,Central,6.3,494.18
39,3.6,Electronics,124.56,3,0.035,12.0,0.21,False,Credit Card,Central,7.0,674.12
47,5.2,Electronics,160.28,1,0.004,4.3,0.031,True,Credit Card,Oeste,7.8,333.78
66,1.8,Electronics,158.14,1,0.036,12.9,0.247,False,Bank Transfer,Este,7.4,194.38
47,4.5,Fashion,86.42,5,0.308,10.1,0.228,False,Credit Card,Sur,3.8,161.49
51,4.0,Fashion,45.61,5,0.165,2.4,0.148,True,Credit Card,Sur,7.6,324.85
31,11.6,Electronics,161.6,1,0.129,13.3,0.149,False,Bank Transfer,Central,7.5,270.21
25,0.8,Fashion,48.99,5,0.281,4.6,0.468,True,Credit Card,Oeste,10.0,198.55
38,2.8,Home & Living,69.12,4,0.003,6.0,0.14,False,Credit Card,Oeste,7.2,402.72
39,3.2,Home & Living,152.57,2,0.086,3.5,0.861,False,Bank Transfer,Norte,8.3,466.14
25,15.0,Fashion,97.65,4,0.002,1.7,0.209,True,Credit Card,Sur,7.7,1174.26
35,0.8,Home & Living,91.82,0,0.053,2.6,0.207,False,Credit Card,Central,10.0,5.0
42,2.6,Home & Living,97.16,7,0.495,9.5,0.216,False,Credit Card,Norte,8.2,58.25
42,1.5,Electronics,174.95,2,0.187,8.6,0.362,True,Credit Card,Este,9.5,510.89
44,2.6,Electronics,268.21,5,0.08,4.9,0.686,True,Credit Card,Central,9.4,2327.75
41,0.9,Fashion,81.43,5,0.321,4.9,0.425,False,Digital Wallet,Sur,5.7,190.82
31,0.5,Electronics,185.49,2,0.005,3.3,0.555,True,Credit Card,Central,7.7,641.52
31,3.0,Electronics,42.54,4,0.049,6.1,0.307,True,Credit Card,Norte,7.5,345.16
23,1.4,Fashion,99.76,4,0.165,3.9,0.604,False,Bank Transfer,Central,5.7,408.14
59,0.7,Electronics,181.13,3,0.0,3.6,0.493,False,Credit Card,Central,5.9,612.67
38,1.4,Electronics,190.93,3,0.344,2.1,0.277,False,Bank Transfer,Central,8.4,242.78
35,0.5,Fashion,97.72,4,0.037,4.1,0.432,True,Bank Transfer,Norte,9.5,749.65
26,10.5,Fashion,63.85,11,0.237,9.1,0.346,True,Credit Card,Sur,7.6,844.95
73,3.0,Home & Living,75.07,5,0.066,3.5,0.374,True,Credit Card,Este,6.4,702.61
25,5.9,Fashion,59.89,2,0.05,3.5,0.36,False,Digital Wallet,Norte,8.5,180.38
32,1.9,Fashion,88.35,9,0.415,6.5,0.573,False,Bank Transfer,Este,7.7,123.2
42,8.2,Fashion,50.15,5,0.6,9.1,0.281,True,Digital Wallet,Norte,7.5,26.4
45,2.3,Electronics,201.2,2,0.025,1.6,0.498,False,Credit Card,Norte,7.4,553.62
49,3.0,Electronics,198.45,2,0.1,2.2,0.186,False,Credit Card,Norte,5.1,366.25
59,2.4,Home & Living,126.82,3,0.094,8.4,0.044,False,Credit Card,Sur,8.5,460.52
44,4.6,Fashion,84.71,7,0.285,7.3,0.534,False,Bank Transfer,Central,3.3,226.46
25,2.9,Home & Living,73.27,1,0.484,2.5,0.547,True,Credit Card,Central,2.5,5.0
34,1.1,Fashion,85.16,3,0.6,3.5,0.371,True,Credit Card,Sur,10.0,28.43
41,0.6,Electronics,249.55,1,0.383,8.3,0.348,False,Credit Card,Este,7.7,58.56
62,3.3,Fashion,129.8,4,0.257,10.6,0.352,False,Credit Card,Sur,5.0,318.5
21,2.4,Fashion,62.21,6,0.141,5.5,0.285,False,Credit Card,Sur,9.4,476.47
52,0.5,Fashion,101.23,3,0.019,2.1,0.189,False,Credit Card,Norte,8.3,345.71
40,1.8,Fashion,80.03,4,0.042,2.2,0.458,False,Credit Card,Norte,8.5,619.16
48,2.5,Home & Living,108.9,4,0.011,5.1,0.125,False,Bank Transfer,Sur,1.7,240.9
36,6.1,Home & Living,74.24,3,0.059,6.4,0.324,True,Credit Card,Este,6.7,428.89
27,0.5,Home & Living,56.47,1,0.228,4.2,0.167,False,Credit Card,Central,8.4,52.35
47,1.5,Electronics,131.28,1,0.03,8.8,0.455,True,Digital Wallet,Oeste,6.8,244.46
45,6.1,Electronics,150.72,2,0.076,8.4,0.462,False,Credit Card,Este,7.5,530.47
49,3.7,Electronics,167.39,2,0.155,7.8,0.566,False,Credit Card,Este,5.9,386.16
37,1.2,Electronics,237.05,3,0.107,9.9,0.391,False,Credit Card,Norte,9.0,898.74
30,6.5,Fashion,52.82,6,0.186,3.5,0.53,True,Credit Card,Sur,6.2,467.14
19,2.4,Fashion,71.18,5,0.143,3.9,0.364,False,Credit Card,Oeste,9.2,374.86
47,2.4,Fashion,64.5,6,0.017,6.7,0.569,True,Credit Card,Central,7.6,761.4
43,13.1,Home & Living,75.2,5,0.054,7.7,0.149,False,Credit Card,Este,7.9,454.54
26,10.3,Home & Living,144.88,4,0.0,3.9,0.184,False,Digital Wallet,Oeste,8.2,937.81
31,1.6,Electronics,187.19,0,0.375,0.8,0.372,False,Bank Transfer,Este,8.7,5.0
32,0.5,Home & Living,63.38,1,0.517,7.5,0.355,False,Credit Card,Central,8.8,5.25
20,1.4,Fashion,72.44,4,0.068,9.5,0.412,False,Credit Card,Este,3.1,212.31
28,0.5,Fashion,85.28,7,0.117,3.3,0.585,False,Bank Transfer,Central,8.5,729.48
24,0.5,Home & Living,89.44,0,0.102,11.9,0.038,False,Credit Card,Central,6.5,5.0
33,1.8,Electronics,199.46,2,0.026,4.1,0.176,False,Credit Card,Central,6.6,556.16
29,9.9,Home & Living,72.41,4,0.051,13.6,0.722,True,Bank Transfer,Central,7.8,698.55
18,7.2,Fashion,104.58,3,0.256,10.2,0.094,True,Credit Card,Oeste,7.1,264.31
62,2.5,Home & Living,151.72,0,0.023,5.9,0.231,False,Bank Transfer,Central,5.8,5.0
53,2.9,Home & Living,101.81,6,0.041,5.5,0.407,True,Digital Wallet,Sur,8.7,1131.51
28,0.5,Fashion,83.45,2,0.093,7.1,0.434,False,Credit Card,Este,5.0,224.87
41,0.8,Electronics,184.35,2,0.253,2.7,0.153,False,Credit Card,Norte,5.5,284.35
43,0.5,Electronics,112.91,2,0.008,2.8,0.491,False,Credit Card,Sur,6.9,289.34
52,4.9,Electronics,171.65,1,0.0,9.2,0.4,True,Credit Card,Norte,8.9,396.48
28,0.6,Electronics,176.49,2,0.055,3.9,0.203,False,Credit Card,Norte,6.6,454.26
51,7.1,Home & Living,78.4,3,0.085,2.7,0.431,True,Credit Card,Sur,7.7,307.91
31,3.6,Electronics,163.6,2,0.336,9.4,0.403,True,Credit Card,Central,7.0,266.92
21,0.9,Home & Living,53.55,0,0.04,7.4,0.318,False,Digital Wallet,Norte,8.1,5.0
46,0.6,Fashion,78.69,6,0.043,1.7,0.249,False,Bank Transfer,Central,7.2,506.39
53,3.5,Electronics,133.94,5,0.338,3.5,0.448,True,Digital Wallet,Sur,8.6,390.52
69,8.1,Fashion,47.83,1,0.04,15.7,0.398,True,Bank Transfer,Este,10.0,107.53
23,4.4,Fashion,30.26,3,0.146,3.3,0.119,True,Digital Wallet,Norte,7.0,154.41
46,1.5,Fashion,86.54,3,0.07,5.1,0.153,True,Credit Card,Norte,9.5,466.14
33,3.1,Fashion,43.77,5,0.079,2.0,0.342,False,Credit Card,Sur,9.2,436.42
47,1.3,Electronics,269.49,0,0.288,3.7,0.183,False,Credit Card,Norte,7.5,5.0
20,15.0,Fashion,81.58,4,0.271,5.7,0.036,False,Credit Card,Central,8.2,310.41
22,4.8,Fashion,108.79,4,0.247,4.2,0.402,True,Credit Card,Sur,3.2,252.41
28,3.3,Home & Living,32.57,0,0.004,2.8,0.258,True,Digital Wallet,Este,4.1,5.0
38,1.9,Home & Living,99.32,5,0.088,6.0,0.52,False,Bank Transfer,Central,3.6,393.08
30,3.4,Electronics,161.51,1,0.036,11.3,0.313,True,Bank Transfer,Central,9.3,308.98
45,1.5,Electronics,193.68,2,0.023,9.6,0.396,False,Credit Card,Oeste,6.2,508.48
50,0.5,Fashion,24.04,8,0.179,3.5,0.454,False,Bank Transfer,Este,10.0,149.93
45,1.8,Home & Living,56.8,1,0.013,2.0,0.399,True,Digital Wallet,Central,7.8,106.17
57,9.3,Fashion,91.72,2,0.377,6.5,0.273,True,Credit Card,Oeste,3.8,46.39
42,3.4,Electronics,128.4,1,0.544,2.1,0.086,True,Credit Card,Este,5.4,11.28
23,0.5,Electronics,105.3,4,0.002,0.4,0.459,False,Bank Transfer,Este,8.6,407.62
54,7.6,Electronics,207.11,1,0.102,2.1,0.352,True,Credit Card,Norte,9.9,377.09
30,1.1,Electronics,114.86,3,0.002,16.7,0.365,False,Credit Card,Norte,7.5,593.69
48,1.0,Fashion,105.35,3,0.13,2.0,0.031,False,Credit Card,Central,4.4,222.93
56,1.2,Fashion,61.65,5,0.116,1.2,0.581,False,Credit Card,Sur,3.0,184.61
43,3.0,Electronics,258.53,2,0.153,1.7,0.58,True,Bank Transfer,Sur,6.1,671.62
20,2.8,Electronics,78.94,0,0.127,3.7,0.383,True,Credit Card,Sur,8.1,5.0
26,2.4,Fashion,91.79,8,0.389,8.9,0.147,True,Credit Card,Este,5.9,216.61
53,4.4,Home & Living,81.26,5,0.013,4.1,0.416,False,Credit Card,Oeste,6.2,432.05
35,1.3,Fashion,104.72,7,0.422,10.1,0.328,False,Digital Wallet,Norte,7.2,54.08
38,5.3,Home & Living,104.69,6,0.092,7.4,0.158,True,Credit Card,Norte,9.7,1229.89
47,0.7,Fashion,87.31,4,0.251,7.0,0.381,False,Credit Card,Sur,7.0,250.26
46,5.3,Electronics,218.78,1,0.141,5.3,0.139,True,Credit Card,Norte,9.5,334.55
41,3.8,Electronics,232.47,3,0.274,7.5,0.356,True,Credit Card,Central,6.1,636.02
35,4.0,Fashion,102.24,4,0.096,5.2,0.442,False,Digital Wallet,Central,7.8,586.99
34,2.3,Fashion,32.0,5,0.125,4.7,0.247,False,Digital Wallet,Central,7.4,187.43
48,3.8,Fashion,80.61,3,0.172,2.0,0.258,False,Digital Wallet,Este,8.2,274.55
44,0.5,Home & Living,135.45,3,0.122,11.9,0.157,False,Credit Card,Central,8.3,469.78
34,6.7,Fashion,81.65,7,0.035,1.4,0.34,True,Bank Transfer,Central,9.0,1203.42
50,0.5,Electronics,203.67,2,0.005,2.0,0.277,False,Credit Card,Central,7.5,508.3
36,0.6,Home & Living,141.56,3,0.012,4.3,0.09,True,Credit Card,Central,1.0,220.45
27,3.0,Fashion,69.72,3,0.051,4.1,0.351,False,Digital Wallet,Central,8.3,377.04
28,4.7,Fashion,74.93,3,0.095,7.2,0.171,False,Credit Card,Oeste,7.9,354.34
26,0.5,Fashion,82.89,5,0.011,4.1,0.113,False,Credit Card,Norte,8.8,624.9
34,8.9,Fashion,70.55,2,0.142,1.8,0.187,True,Digital Wallet,Norte,2.7,107.42
52,12.7,Electronics,74.59,1,0.007,1.4,0.087,False,Credit Card,Sur,7.5,109.54
28,3.3,Fashion,80.35,5,0.159,3.8,0.18,True,Bank Transfer,Central,4.1,395.5
40,2.3,Electronics,185.51,1,0.036,2.7,0.354,True,Credit Card,Central,9.0,377.15
30,4.7,Fashion,65.87,4,0.469,2.4,0.133,False,Credit Card,Norte,9.6,25.53
34,1.4,Electronics,345.76,2,0.004,2.1,0.071,False,Credit Card,Este,5.6,849.07
19,2.4,Electronics,145.29,0,0.301,4.8,0.051,True,Digital Wallet,Sur,9.6,5.0
35,8.7,Electronics,225.14,1,0.334,9.4,0.363,True,Digital Wallet,Sur,9.5,183.9
35,10.9,Fashion,97.53,7,0.044,14.8,0.209,True,Credit Card,Central,6.9,1956.22
44,9.2,Home & Living,62.27,5,0.203,0.4,0.286,True,Credit Card,Norte,8.2,441.3
40,1.1,Electronics,224.31,2,0.444,4.0,0.24,False,Credit Card,Central,7.0,37.62
23,0.9,Fashion,111.21,5,0.136,1.4,0.281,True,Credit Card,Central,8.4,755.12
51,1.2,Electronics,228.14,3,0.015,2.2,0.432,False,Credit Card,Norte,7.2,925.65
40,2.0,Home & Living,80.4,5,0.023,0.6,0.43,False,Credit Card,Sur,8.5,568.44
40,1.3,Electronics,188.29,1,0.0,6.4,0.561,False,Credit Card,Norte,7.1,296.61
37,1.6,Electronics,164.54,0,0.243,1.8,0.286,False,Credit Card,Norte,6.9,5.0
31,3.4,Electronics,237.84,3,0.04,3.7,0.494,True,Digital Wallet,Central,9.0,1803.97
40,5.0,Home & Living,142.75,4,0.126,4.0,0.234,False,Credit Card,Sur,6.8,743.92
43,4.7,Fashion,84.71,5,0.057,2.1,0.378,True,Digital Wallet,Norte,6.7,823.79
18,5.9,Electronics,155.09,3,0.166,7.2,0.624,False,Digital Wallet,Este,7.2,466.09
31,0.5,Electronics,217.15,2,0.257,5.1,0.511,False,Credit Card,Norte,7.1,320.43
34,0.5,Electronics,172.74,2,0.055,2.7,0.452,True,Credit Card,Central,8.6,720.06
41,5.5,Electronics,127.51,5,0.242,4.3,0.451,True,Credit Card,Sur,7.0,772.72
52,2.7,Home & Living,43.05,1,0.099,3.1,0.15,False,Digital Wallet,Oeste,10.0,52.61
28,3.0,Fashion,84.24,4,0.413,1.3,0.625,True,Digital Wallet,Sur,6.8,44.32
32,0.5,Fashion,70.68,4,0.153,2.3,0.457,True,Credit Card,Sur,7.9,421.96
31,1.0,Electronics,183.37,1,0.135,12.3,0.208,False,Credit Card,Central,7.5,201.02
28,3.6,Fashion,88.02,6,0.29,6.0,0.395,False,Credit Card,Central,5.9,406.79
33,6.9,Electronics,119.76,3,0.11,9.4,0.21,False,Bank Transfer,Norte,1.8,215.76
47,8.7,Electronics,152.66,1,0.281,5.6,0.09,False,Digital Wallet,Central,6.5,109.02
25,2.4,Fashion,50.51,3,0.321,0.6,0.397,False,Credit Card,Este,5.2,70.83
43,2.8,Electronics,98.87,1,0.016,2.7,0.599,False,Credit Card,Sur,8.2,189.15
18,6.3,Fashion,80.55,8,0.116,4.8,0.447,True,Digital Wallet,Este,5.1,976.13
31,2.7,Home & Living,122.99,4,0.318,4.1,0.404,False,Credit Card,Oeste,7.5,277.36
34,2.5,Electronics,245.71,7,0.157,2.6,0.168,False,Bank Transfer,Sur,8.9,2177.66
58,8.2,Home & Living,97.71,2,0.068,7.0,0.484,True,Digital Wallet,Sur,2.4,172.31
34,5.5,Electronics,111.48,1,0.053,5.3,0.304,True,Credit Card,Sur,5.0,262.51
18,8.4,Electronics,168.47,1,0.113,7.2,0.213,False,Digital Wallet,Central,8.0,178.86
18,0.9,Fashion,74.53,2,0.057,3.7,0.218,False,Credit Card,Central,6.1,166.84
38,2.6,Fashion,64.13,8,0.032,3.1,0.279,True,Digital Wallet,Oeste,8.0,1140.84
45,6.5,Electronics,161.42,0,0.016,6.3,0.33,True,Digital Wallet,Norte,8.4,5.0
42,0.5,Home & Living,119.42,5,0.001,13.6,0.489,True,Bank Transfer,Norte,6.7,1018.01
40,5.5,Home & Living,78.37,3,0.07,0.2,0.587,False,Credit Card,Norte,8.1,352.62
51,0.7,Electronics,187.83,1,0.004,8.3,0.195,True,Credit Card,Sur,8.4,246.31
31,5.8,Home & Living,86.81,3,0.025,11.6,0.289,False,Bank Transfer,Central,7.7,470.26
48,3.3,Fashion,52.99,3,0.114,4.8,0.36,False,Credit Card,Este,9.7,235.15
18,0.8,Home & Living,91.86,2,0.042,4.3,0.163,False,Credit Card,Sur,7.9,219.84
27,2.2,Electronics,174.94,2,0.331,3.2,0.151,True,Credit Card,Oeste,6.9,261.53
18,4.0,Home & Living,73.46,6,0.011,5.8,0.148,False,Digital Wallet,Central,6.3,525.04
34,3.5,Electronics,218.62,1,0.013,5.5,0.297,True,Digital Wallet,Sur,8.3,418.55
37,2.0,Home & Living,112.03,4,0.08,5.7,0.055,False,Bank Transfer,Este,7.9,485.3
39,8.0,Fashion,50.84,6,0.453,5.7,0.14,False,Credit Card,Sur,4.7,23.75
38,2.6,Fashion,36.91,0,0.051,8.3,0.152,True,Credit Card,Central,9.0,5.0
26,2.5,Electronics,174.49,2,0.018,1.8,0.223,False,Credit Card,Norte,8.6,498.78
35,0.5,Home & Living,121.8,6,0.047,4.8,0.397,False,Credit Card,Central,3.8,554.79
20,8.9,Fashion,76.84,4,0.053,2.9,0.602,False,Bank Transfer,Este,7.7,450.21
54,0.7,Fashion,122.18,2,0.145,12.2,0.296,True,Digital Wallet,Sur,7.0,233.75
34,2.6,Fashion,55.79,6,0.003,1.1,0.43,True,Bank Transfer,Sur,10.0,777.44
32,5.7,Home & Living,73.55,3,0.009,0.4,0.332,True,Bank Transfer,Central,8.7,329.12
57,0.8,Electronics,102.44,4,0.001,2.6,0.333,False,Credit Card,Central,7.9,492.55
23,2.6,Electronics,187.37,4,0.018,10.2,0.252,False,Credit Card,Central,7.5,1127.88
24,1.0,Home & Living,77.54,2,0.001,4.7,0.259,False,Credit Card,Sur,5.0,175.52
24,5.0,Fashion,29.2,10,0.113,6.6,0.442,True,Credit Card,Central,9.2,524.76
37,2.9,Electronics,272.95,0,0.092,8.1,0.43,True,Digital Wallet,Norte,3.2,5.0
43,6.8,Electronics,285.48,1,0.361,5.1,0.221,True,Credit Card,Central,3.0,77.77
46,7.9,Home & Living,63.86,4,0.0,1.1,0.487,True,Digital Wallet,Norte,7.9,500.79
68,3.7,Electronics,209.78,2,0.074,2.1,0.151,False,Bank Transfer,Oeste,6.8,490.25
18,4.5,Fashion,107.83,3,0.561,2.3,0.087,True,Credit Card,Sur,8.5,33.67
45,2.8,Home & Living,104.3,6,0.225,1.4,0.179,False,Credit Card,Este,10.0,419.94
31,1.7,Electronics,204.05,3,0.04,6.6,0.109,False,Credit Card,Sur,10.0,1246.43
30,3.7,Home & Living,82.75,1,0.008,7.2,0.337,True,Credit Card,Sur,5.2,192.43
30,8.4,Fashion,76.69,3,0.4,17.6,0.088,False,Digital Wallet,Sur,7.8,57.54
27,1.9,Fashion,85.9,4,0.034,1.3,0.496,False,Digital Wallet,Oeste,6.6,424.67
58,1.3,Fashion,76.75,4,0.014,6.1,0.065,False,Digital Wallet,Central,7.1,348.41
48,1.7,Fashion,97.29,3,0.086,8.6,0.171,False,Credit Card,Central,7.3,458.01
38,2.0,Electronics,166.49,1,0.089,5.7,0.021,False,Digital Wallet,Norte,8.0,182.95
54,0.5,Electronics,249.48,2,0.041,6.3,0.251,True,Credit Card,Central,3.1,455.32
19,2.4,Home & Living,95.34,3,0.6,6.5,0.721,True,Digital Wallet,Norte,4.3,14.74
22,2.4,Electronics,212.07,1,0.006,7.4,0.212,False,Digital Wallet,Sur,7.8,246.98
18,3.1,Home & Living,53.4,3,0.015,5.5,0.623,False,Credit Card,Central,9.4,235.76
29,1.6,Electronics,205.3,3,0.004,3.2,0.503,True,Credit Card,Central,6.8,1112.33
39,3.3,Fashion,45.71,8,0.412,8.6,0.329,True,Digital Wallet,Sur,9.9,69.36
39,7.4,Home & Living,109.94,0,0.054,1.9,0.268,True,Digital Wallet,Sur,7.5,5.0
39,10.9,Electronics,134.74,3,0.047,3.9,0.28,True,Credit Card,Sur,4.0,760.5
21,3.1,Home & Living,130.33,2,0.002,5.2,0.399,False,Credit Card,Sur,6.3,357.12
47,0.5,Fashion,54.45,6,0.049,1.5,0.441,False,Bank Transfer,Oeste,8.9,352.43
40,12.2,Fashion,82.85,6,0.16,4.2,0.467,True,Credit Card,Central,8.8,935.3
46,4.3,Fashion,91.92,3,0.362,5.2,0.369,True,Digital Wallet,Este,10.0,167.88
18,1.4,Electronics,187.45,0,0.034,5.9,0.634,True,Digital Wallet,Oeste,6.3,5.0
41,0.6,Electronics,172.98,3,0.001,4.7,0.116,False,Credit Card,Norte,6.7,655.58
23,0.5,Fashion,53.02,3,0.286,6.6,0.5,True,Credit Card,Central,6.1,130.97
33,0.6,Electronics,177.52,2,0.061,2.2,0.081,False,Credit Card,Norte,6.9,462.39
44,0.5,Electronics,318.54,4,0.074,2.1,0.347,False,Credit Card,Central,8.9,1814.74
39,8.1,Home & Living,165.6,2,0.044,6.8,0.099,True,Credit Card,Norte,8.6,818.78
27,2.7,Home & Living,121.73,1,0.061,4.9,0.229,False,Bank Transfer,Oeste,8.1,124.92
38,4.2,Fashion,43.33,5,0.069,2.9,0.442,False,Credit Card,Sur,3.4,234.54
19,6.2,Fashion,120.29,5,0.176,3.8,0.248,False,Bank Transfer,Sur,6.7,527.87
51,5.5,Fashion,70.66,5,0.032,1.3,0.392,False,Credit Card,Central,3.4,278.86
35,7.5,Fashion,65.01,1,0.248,6.0,0.424,False,Credit Card,Sur,10.0,70.33
51,12.0,Fashion,69.67,2,0.085,3.4,0.396,True,Bank Transfer,Sur,6.4,233.63
31,2.0,Home & Living,99.41,3,0.025,2.3,0.414,False,Digital Wallet,Norte,5.6,331.34
31,10.5,Electronics,186.1,3,0.074,9.8,0.355,True,Digital Wallet,Sur,8.0,1264.99
28,4.5,Fashion,75.87,4,0.022,3.2,0.532,False,Credit Card,Central,9.1,626.68
48,0.5,Home & Living,75.0,5,0.004,2.4,0.116,True,Credit Card,Central,2.5,277.64
29,4.0,Fashion,43.44,3,0.092,7.7,0.474,True,Credit Card,Central,7.7,308.32
45,4.1,Home & Living,97.18,2,0.009,3.6,0.393,True,Credit Card,Central,8.6,341.34
33,8.3,Electronics,63.72,1,0.308,3.2,0.36,False,Bank Transfer,Oeste,3.4,27.46
18,1.6,Electronics,187.56,1,0.133,0.6,0.313,False,Bank Transfer,Sur,8.5,189.45
31,3.1,Home & Living,104.99,1,0.009,3.8,0.311,False,Credit Card,Sur,3.3,124.83
23,0.5,Fashion,48.69,9,0.6,2.5,0.128,True,Digital Wallet,Norte,4.9,24.13
38,1.4,Fashion,81.69,5,0.009,4.2,0.528,False,Bank Transfer,Oeste,10.0,667.56
23,0.5,Electronics,234.2,2,0.003,7.2,0.416,False,Credit Card,Norte,9.4,770.94
49,2.6,Home & Living,69.39,5,0.294,3.7,0.146,True,Digital Wallet,Norte,10.0,231.63
36,6.0,Fashion,28.92,5,0.043,2.3,0.14,True,Bank Transfer,Sur,5.7,280.96
35,0.8,Electronics,77.25,1,0.101,16.8,0.206,True,Bank Transfer,Central,8.1,137.91
45,2.6,Fashion,63.79,3,0.478,7.1,0.396,False,Bank Transfer,Este,6.5,11.6
49,0.8,Fashion,44.21,5,0.221,2.3,0.412,False,Digital Wallet,Central,9.5,208.23
37,0.5,Electronics,125.09,5,0.283,1.2,0.228,False,Digital Wallet,Norte,8.5,399.6
28,2.5,Fashion,61.21,7,0.149,1.9,0.149,False,Digital Wallet,Sur,6.9,583.45
18,0.5,Fashion,74.61,0,0.457,12.4,0.366,False,Bank Transfer,Sur,8.2,5.0
29,3.1,Electronics,219.95,0,0.001,3.8,0.408,False,Digital Wallet,Oeste,8.4,5.0
30,0.5,Home & Living,105.22,4,0.135,3.1,0.297,False,Credit Card,Central,9.6,474.93
39,0.5,Electronics,261.05,1,0.174,6.6,0.196,True,Credit Card,Norte,8.5,357.74
33,2.8,Electronics,217.86,1,0.001,1.5,0.343,True,Credit Card,Central,5.9,383.35
46,3.1,Fashion,60.4,7,0.045,12.6,0.354,False,Digital Wallet,Este,7.9,661.06
30,0.5,Fashion,91.72,6,0.341,5.5,0.298,True,Digital Wallet,Norte,9.0,327.73
37,3.0,Home & Living,79.77,1,0.01,3.0,0.228,True,Credit Card,Central,8.1,164.05
52,6.4,Electronics,162.61,1,0.053,8.2,0.693,False,Credit Card,Norte,10.0,213.34
42,4.5,Fashion,79.43,0,0.104,2.0,0.462,True,Credit Card,Norte,6.8,5.0
37,0.5,Electronics,214.4,3,0.001,6.6,0.176,False,Digital Wallet,Central,10.0,1014.32
30,3.1,Home & Living,60.41,1,0.007,8.0,0.317,False,Bank Transfer,Norte,7.6,101.1
30,3.9,Fashion,54.71,2,0.003,9.0,0.535,True,Bank Transfer,Central,6.9,230.99
27,0.5,Fashion,93.69,7,0.075,7.1,0.449,False,Credit Card,Norte,7.9,926.46
31,6.8,Electronics,279.79,0,0.161,8.4,0.329,False,Digital Wallet,Sur,5.1,5.0
47,8.3,Home & Living,59.97,5,0.0,3.3,0.403,False,Digital Wallet,Este,7.7,504.27
35,6.7,Fashion,113.41,3,0.127,14.1,0.331,True,Digital Wallet,Sur,1.6,351.27
21,6.1,Home & Living,121.73,6,0.011,14.6,0.467,False,Digital Wallet,Sur,8.0,1189.08
59,4.8,Electronics,94.75,2,0.055,3.0,0.294,True,Credit Card,Central,2.2,163.69
41,3.5,Fashion,81.61,2,0.11,0.3,0.316,False,Credit Card,Oeste,9.0,249.31
21,4.0,Home & Living,64.93,1,0.087,1.1,0.027,True,Digital Wallet,Este,7.9,90.73
32,5.7,Fashion,46.86,3,0.6,3.5,0.264,True,Bank Transfer,Este,2.9,8.73
39,3.8,Electronics,162.99,0,0.1,4.9,0.392,False,Credit Card,Central,9.8,5.0
58,1.4,Home & Living,96.89,2,0.004,2.6,0.274,False,Digital Wallet,Norte,3.5,141.36
24,1.7,Electronics,119.65,0,0.357,5.2,0.435,False,Digital Wallet,Central,8.9,5.0
49,8.0,Electronics,230.7,1,0.031,3.8,0.569,True,Digital Wallet,Este,1.7,207.37
54,0.5,Fashion,74.58,2,0.016,7.1,0.407,True,Digital Wallet,Oeste,7.6,204.83
30,4.2,Fashion,70.1,1,0.072,16.0,0.229,True,Digital Wallet,Sur,2.0,69.35
34,10.8,Home & Living,43.12,3,0.217,4.7,0.411,False,Credit Card,Central,8.5,157.09
25,4.3,Fashion,47.11,6,0.059,11.0,0.249,False,Credit Card,Sur,3.0,277.71
35,15.0,Fashion,55.5,5,0.083,11.1,0.523,True,Credit Card,Norte,6.9,753.44
37,4.1,Fashion,71.52,3,0.172,4.1,0.063,False,Credit Card,Norte,8.4,265.36
45,0.5,Fashion,44.97,7,0.072,2.6,0.386,False,Bank Transfer,Central,6.4,283.79
51,6.1,Home & Living,53.63,1,0.048,8.6,0.588,True,Credit Card,Norte,6.1,83.19
29,1.2,Home & Living,106.17,7,0.253,7.3,0.235,False,Credit Card,Oeste,1.8,274.94
18,2.1,Fashion,94.66,2,0.09,1.2,0.295,False,Credit Card,Norte,8.4,240.72
37,1.3,Electronics,195.37,1,0.113,5.5,0.459,False,Bank Transfer,Central,7.9,187.03
41,1.1,Home & Living,127.97,4,0.149,1.1,0.48,False,Credit Card,Norte,7.1,580.13
40,2.0,Electronics,176.9,1,0.226,12.3,0.741,True,Credit Card,Central,9.3,225.3
34,1.7,Electronics,211.67,2,0.139,3.7,0.679,True,Digital Wallet,Norte,10.0,697.36
39,3.5,Electronics,128.81,0,0.099,0.6,0.406,True,Credit Card,Sur,7.6,5.0
56,5.9,Electronics,104.68,3,0.112,6.0,0.267,True,Digital Wallet,Central,8.4,563.88
42,1.2,Home & Living,79.67,2,0.004,7.1,0.197,True,Credit Card,Central,7.7,301.85
33,0.8,Fashion,86.45,2,0.069,4.3,0.161,False,Digital Wallet,Norte,9.5,240.03
31,3.8,Home & Living,76.14,2,0.015,3.3,0.171,False,Credit Card,Sur,7.4,244.65
35,3.9,Electronics,249.8,5,0.477,3.8,0.1,True,Digital Wallet,Sur,6.7,115.59
57,8.1,Fashion,54.81,4,0.026,1.7,0.168,False,Bank Transfer,Central,6.3,272.95
35,0.5,Home & Living,84.97,1,0.33,6.0,0.341,True,Credit Card,Este,10.0,45.87
37,6.7,Home & Living,67.66,2,0.053,8.4,0.667,True,Digital Wallet,Sur,7.6,282.0
32,2.6,Fashion,55.04,9,0.341,2.3,0.093,False,Credit Card,Norte,7.4,198.71
51,3.4,Electronics,133.03,1,0.004,6.6,0.548,False,Bank Transfer,Sur,7.8,134.09
61,0.5,Home & Living,92.8,7,0.06,3.8,0.362,True,Credit Card,Este,5.9,864.37
43,2.0,Electronics,141.8,1,0.375,3.8,0.229,False,Digital Wallet,Este,1.9,17.33
38,0.9,Fashion,53.1,1,0.139,0.2,0.505,False,Digital Wallet,Central,1.2,20.22
38,1.0,Fashion,96.44,6,0.181,5.7,0.262,False,Credit Card,Este,8.3,670.79
18,2.5,Fashion,99.22,4,0.014,1.4,0.078,False,Credit Card,Este,9.3,529.92
46,5.9,Fashion,40.37,5,0.047,1.7,0.33,True,Credit Card,Oeste,2.9,222.26
39,4.8,Fashion,92.47,2,0.458,2.5,0.25,False,Credit Card,Norte,7.1,16.67
43,3.1,Electronics,243.88,5,0.1,3.7,0.383,False,Digital Wallet,Norte,8.8,1401.8
29,2.7,Fashion,26.46,6,0.073,1.4,0.498,False,Bank Transfer,Norte,8.5,232.94
33,2.0,Fashion,64.92,5,0.184,5.4,0.265,False,Digital Wallet,Central,10.0,401.7
33,12.6,Electronics,50.62,7,0.08,5.3,0.525,True,Credit Card,Norte,9.8,1189.42
50,2.9,Electronics,193.12,1,0.04,0.5,0.469,True,Credit Card,Sur,5.9,310.0
33,1.0,Electronics,221.92,1,0.308,8.8,0.099,False,Credit Card,Sur,8.3,154.04
62,0.9,Fashion,55.92,6,0.052,11.2,0.283,False,Credit Card,Norte,7.7,443.32
43,3.3,Home & Living,80.35,0,0.134,6.2,0.462,True,Digital Wallet,Norte,7.0,5.0
22,2.6,Electronics,86.59,5,0.286,2.0,0.307,False,Credit Card,Sur,9.2,329.84
36,0.5,Fashion,62.03,4,0.575,2.6,0.262,False,Credit Card,Central,8.5,18.94
30,6.2,Fashion,71.68,4,0.293,5.7,0.362,True,Digital Wallet,Norte,3.9,143.32
18,4.3,Electronics,164.67,4,0.003,15.2,0.239,False,Credit Card,Norte,4.7,746.6
57,3.8,Home & Living,44.93,4,0.022,0.9,0.081,True,Digital Wallet,Norte,8.6,226.22
46,0.5,Fashion,96.77,7,0.098,4.7,0.381,True,Credit Card,Este,8.4,949.22
44,1.6,Home & Living,103.32,4,0.015,15.4,0.391,False,Digital Wallet,Sur,5.0,654.69
39,9.6,Electronics,194.98,1,0.022,8.5,0.136,False,Credit Card,Oeste,10.0,435.77
21,6.9,Electronics,114.84,1,0.0,2.6,0.2,True,Credit Card,Central,7.0,223.64
32,1.2,Electronics,141.47,0,0.1,2.3,0.257,False,Credit Card,Norte,7.3,5.0
48,0.6,Electronics,132.04,0,0.371,2.8,0.45,False,Credit Card,Norte,8.3,5.0
25,2.1,Home & Living,84.17,3,0.006,4.0,0.126,False,Digital Wallet,Central,6.9,400.59
18,1.5,Electronics,219.12,2,0.003,3.4,0.257,False,Digital Wallet,Norte,7.5,540.39
35,4.0,Fashion,91.21,1,0.368,3.7,0.141,True,Digital Wallet,Central,5.5,38.34
36,11.9,Electronics,273.9,3,0.09,4.2,0.345,True,Credit Card,Central,6.2,1449.27
39,1.6,Home & Living,122.13,2,0.087,2.3,0.458,True,Digital Wallet,Sur,9.2,360.27
46,0.5,Home & Living,76.32,2,0.242,6.3,0.19,True,Credit Card,Sur,5.2,146.8
45,8.0,Fashion,87.26,4,0.029,4.5,0.578,False,Digital Wallet,Central,7.4,617.12
41,0.5,Electronics,160.07,1,0.197,1.8,0.132,False,Bank Transfer,Central,6.1,133.09
52,10.7,Fashion,65.84,7,0.052,3.8,0.162,True,Credit Card,Sur,6.4,1042.35
19,3.8,Electronics,275.37,1,0.015,1.0,0.227,False,Credit Card,Este,10.0,378.91
44,9.9,Electronics,124.65,0,0.142,4.7,0.181,False,Digital Wallet,Central,7.9,5.0
45,0.8,Fashion,93.46,0,0.1,5.9,0.407,True,Bank Transfer,Norte,2.1,5.0
23,0.5,Home & Living,38.54,6,0.001,3.7,0.202,False,Bank Transfer,Sur,7.0,238.41
19,2.3,Home & Living,30.39,2,0.001,3.2,0.501,False,Digital Wallet,Sur,2.0,39.02
29,2.1,Fashion,63.37,5,0.238,9.1,0.243,False,Bank Transfer,Norte,2.8,153.26
30,1.4,Fashion,111.5,4,0.115,1.9,0.204,False,Credit Card,Norte,7.7,681.2
47,11.1,Home & Living,145.69,5,0.225,7.5,0.395,True,Digital Wallet,Central,9.8,888.79
30,6.1,Fashion,47.63,2,0.315,4.9,0.277,True,Credit Card,Sur,2.4,49.82
27,3.8,Fashion,58.74,4,0.107,3.6,0.421,True,Credit Card,Central,3.5,257.25
30,0.6,Home & Living,62.31,1,0.045,3.7,0.294,True,Credit Card,Norte,8.1,98.91
51,4.6,Electronics,85.0,2,0.162,4.7,0.394,True,Bank Transfer,Oeste,6.1,159.88
38,4.5,Electronics,248.17,4,0.23,4.4,0.455,True,Credit Card,Central,10.0,1258.42
35,1.9,Fashion,55.9,5,0.143,3.9,0.218,False,Credit Card,Central,9.1,391.86
36,9.1,Electronics,123.05,1,0.109,3.0,0.257,True,Credit Card,Oeste,7.4,235.05
53,0.6,Fashion,53.42,2,0.028,1.1,0.176,True,Credit Card,Sur,2.1,58.68
29,1.1,Fashion,28.0,3,0.528,1.4,0.482,True,Credit Card,Norte,7.0,8.18
53,0.5,Fashion,19.52,5,0.089,2.4,0.093,False,Credit Card,Norte,8.0,112.49
40,5.6,Home & Living,88.16,3,0.237,4.1,0.066,True,Credit Card,Norte,8.0,304.62
36,3.4,Electronics,161.59,3,0.387,11.1,0.635,False,Digital Wallet,Norte,8.0,144.05
68,1.3,Fashion,91.39,2,0.017,8.6,0.267,False,Credit Card,Sur,5.0,184.76
25,0.6,Electronics,91.3,2,0.051,4.3,0.158,False,Credit Card,Central,8.0,236.05
33,0.5,Fashion,41.37,1,0.34,3.9,0.243,True,Bank Transfer,Norte,10.0,20.84
23,0.6,Fashion,61.8,4,0.046,2.1,0.161,False,Credit Card,Este,6.3,238.36
49,2.1,Fashion,75.08,4,0.209,6.5,0.52,True,Credit Card,Sur,8.0,327.0
58,1.0,Electronics,81.05,1,0.163,5.7,0.583,True,Digital Wallet,Oeste,8.6,116.98
58,1.0,Fashion,92.94,8,0.114,2.1,0.438,True,Digital Wallet,Central,6.7,871.5
52,7.3,Fashion,65.8,2,0.311,4.6,0.036,True,Digital Wallet,Norte,7.6,103.33
35,2.5,Electronics,202.18,0,0.336,4.0,0.611,False,Credit Card,Oeste,3.4,5.0
33,4.6,Fashion,53.91,4,0.133,5.4,0.165,True,Credit Card,Norte,7.8,411.07
18,0.5,Fashion,76.86,10,0.228,2.1,0.365,True,Credit Card,Sur,8.4,795.32
62,1.6,Home & Living,110.42,1,0.014,4.5,0.363,False,Credit Card,Norte,9.0,141.76
43,2.3,Home & Living,74.43,0,0.082,2.9,0.313,False,Digital Wallet,Sur,7.6,5.0
32,0.7,Fashion,87.34,4,0.052,12.6,0.222,False,Credit Card,Central,6.5,494.06
53,0.5,Home & Living,114.64,4,0.0,5.5,0.216,False,Digital Wallet,Norte,7.6,560.43
26,7.1,Fashion,55.99,4,0.122,8.9,0.59,False,Credit Card,Central,5.8,345.57
42,9.8,Home & Living,106.74,4,0.001,2.7,0.235,True,Credit Card,Norte,6.9,1072.39
35,0.5,Electronics,158.9,3,0.068,4.9,0.188,False,Credit Card,Central,8.4,578.75
45,1.5,Fashion,69.25,7,0.295,4.6,0.608,False,Digital Wallet,Central,2.5,149.42
37,11.1,Fashion,71.41,5,0.297,2.1,0.009,True,Credit Card,Norte,8.0,326.35
20,0.5,Fashion,86.66,2,0.019,3.2,0.606,False,Credit Card,Este,3.8,117.94
38,3.6,Electronics,106.6,1,0.183,1.0,0.247,False,Digital Wallet,Este,7.3,115.68
50,12.5,Electronics,174.87,5,0.011,13.3,0.314,True,Credit Card,Este,4.1,1406.32
37,13.4,Electronics,148.84,1,0.103,2.6,0.649,True,Credit Card,Central,7.0,346.93
47,2.2,Electronics,91.91,2,0.043,2.1,0.26,False,Credit Card,Central,8.9,303.6
25,0.6,Electronics,102.18,2,0.038,4.5,0.21,False,Digital Wallet,Norte,9.7,310.47
37,0.8,Fashion,91.31,3,0.358,3.6,0.449,True,Digital Wallet,Norte,7.9,122.2
30,7.7,Home & Living,104.92,1,0.001,13.2,0.298,True,Credit Card,Este,7.3,248.44
46,8.5,Fashion,68.76,5,0.028,1.7,0.316,True,Digital Wallet,Norte,9.6,906.97
38,3.3,Home & Living,169.36,1,0.041,3.6,0.303,False,Bank Transfer,Norte,3.3,141.58
46,5.1,Home & Living,135.51,1,0.011,3.1,0.346,False,Credit Card,Este,8.2,219.59
51,4.7,Fashion,106.0,5,0.158,6.7,0.591,True,Digital Wallet,Este,8.6,966.95
46,3.8,Electronics,199.62,2,0.007,6.6,0.285,False,Digital Wallet,Norte,6.4,739.51
41,6.1,Electronics,235.1,2,0.185,2.6,0.398,True,Credit Card,Norte,8.2,792.64
26,4.0,Home & Living,44.3,2,0.012,3.2,0.229,True,Credit Card,Sur,5.9,156.04
37,2.7,Electronics,268.14,1,0.168,6.3,0.211,False,Bank Transfer,Sur,7.0,234.88
31,0.9,Fashion,48.72,4,0.116,2.9,0.316,False,Credit Card,Oeste,4.4,165.7
33,4.8,Fashion,69.45,4,0.202,13.4,0.76,False,Digital Wallet,Sur,6.8,401.58
33,2.2,Home & Living,86.55,4,0.0,6.7,0.087,False,Credit Card,Central,8.6,552.34
26,1.2,Fashion,71.89,7,0.121,3.9,0.149,False,Digital Wallet,Sur,8.8,633.21
18,5.7,Home & Living,66.03,4,0.311,12.3,0.592,False,Credit Card,Oeste,9.3,158.78
29,4.2,Electronics,203.65,2,0.098,3.6,0.078,True,Digital Wallet,Norte,7.1,693.48
40,9.7,Electronics,213.64,0,0.02,6.3,0.499,True,Credit Card,Norte,5.8,5.0
21,0.6,Fashion,76.55,5,0.019,6.4,0.591,True,Credit Card,Norte,4.7,456.89
38,3.7,Home & Living,121.86,0,0.16,6.5,0.409,True,Credit Card,Sur,7.2,5.0
60,1.0,Fashion,98.18,3,0.086,8.0,0.262,False,Digital Wallet,Este,5.2,278.96
50,8.2,Home & Living,57.46,0,0.071,12.5,0.612,True,Credit Card,Oeste,8.4,5.0
57,0.5,Home & Living,126.92,0,0.101,8.4,0.312,False,Credit Card,Sur,5.7,5.0
42,3.7,Home & Living,97.67,1,0.185,3.2,0.178,False,Credit Card,Este,8.1,98.17
52,5.5,Fashion,53.67,5,0.101,3.5,0.678,True,Credit Card,Sur,8.9,480.52
29,1.5,Fashion,24.92,5,0.179,1.4,0.329,False,Bank Transfer,Este,7.4,142.71
30,10.8,Electronics,201.63,1,0.005,2.7,0.198,False,Bank Transfer,Norte,7.1,318.77
18,6.7,Home & Living,59.92,3,0.01,2.0,0.162,False,Credit Card,Norte,9.3,266.9
52,1.2,Home & Living,135.28,5,0.076,2.8,0.429,False,Credit Card,Norte,7.0,699.56
56,0.5,Fashion,74.54,3,0.139,7.2,0.275,True,Digital Wallet,Oeste,9.5,236.35
31,1.2,Electronics,15.0,1,0.022,3.3,0.29,False,Digital Wallet,Sur,4.4,13.44
34,1.2,Electronics,201.15,0,0.001,6.1,0.149,False,Credit Card,Sur,7.9,5.0
28,7.7,Home & Living,116.17,1,0.004,3.2,0.297,False,Bank Transfer,Central,9.4,160.11
42,12.0,Electronics,174.52,1,0.001,5.2,0.55,False,Credit Card,Central,2.8,168.78
51,0.5,Home & Living,115.27,4,0.014,7.7,0.216,False,Credit Card,Norte,2.7,322.74
18,2.2,Fashion,56.31,4,0.223,6.1,0.32,True,Credit Card,Este,6.6,241.65
42,2.8,Fashion,24.48,3,0.259,3.0,0.662,False,Credit Card,Central,9.6,61.48
34,0.5,Home & Living,98.95,2,0.038,4.6,0.265,True,Digital Wallet,Central,6.5,262.58
39,1.7,Electronics,222.69,1,0.02,3.5,0.331,False,Credit Card,Sur,8.3,387.98
43,1.3,Fashion,78.2,1,0.145,3.2,0.843,False,Digital Wallet,Sur,6.1,83.15
35,2.7,Home & Living,81.35,2,0.165,7.4,0.428,False,Digital Wallet,Este,6.9,203.74
36,3.8,Fashion,60.87,4,0.338,4.6,0.168,False,Credit Card,Central,7.5,124.21
35,4.3,Home & Living,108.14,2,0.16,5.1,0.667,False,Credit Card,Central,9.0,330.15
49,0.5,Home & Living,94.23,3,0.032,1.4,0.211,False,Credit Card,Central,3.9,208.95
43,5.9,Electronics,237.04,1,0.504,17.2,0.461,True,Credit Card,Este,9.2,36.07
40,4.0,Electronics,124.84,1,0.036,4.8,0.051,True,Digital Wallet,Norte,7.4,270.33
22,7.7,Fashion,65.91,2,0.014,5.0,0.163,True,Credit Card,Este,8.3,286.85
33,2.1,Fashion,36.46,5,0.12,5.4,0.443,False,Credit Card,Norte,2.4,145.34
48,7.9,Fashion,50.84,2,0.294,5.4,0.742,True,Credit Card,Oeste,8.8,118.82
38,7.0,Home & Living,56.96,3,0.124,1.3,0.341,True,Credit Card,Norte,1.9,155.05
45,2.0,Electronics,65.67,3,0.016,5.2,0.279,False,Credit Card,Norte,8.1,289.34
59,1.7,Fashion,70.89,4,0.101,4.8,0.578,False,Digital Wallet,Este,9.0,325.77
50,9.5,Electronics,252.97,3,0.239,5.8,0.24,False,Digital Wallet,Oeste,7.3,689.66
39,4.4,Electronics,215.59,3,0.04,2.3,0.158,False,Credit Card,Este,7.8,1373.17
31,9.2,Fashion,107.17,5,0.172,2.1,0.384,True,Bank Transfer,Este,7.7,865.16
18,5.6,Home & Living,81.86,2,0.0,4.9,0.291,True,Credit Card,Central,2.8,181.15
35,3.3,Electronics,223.47,3,0.003,9.1,0.72,True,Bank Transfer,Central,3.3,900.74
34,0.5,Fashion,98.31,3,0.133,2.5,0.145,False,Credit Card,Central,9.1,383.82
42,1.2,Fashion,59.4,5,0.085,3.2,0.464,True,Digital Wallet,Central,2.6,253.38
36,12.1,Electronics,230.07,3,0.012,6.6,0.057,True,Digital Wallet,Norte,6.7,1744.91
34,1.3,Fashion,44.41,5,0.049,3.8,0.656,True,Credit Card,Central,4.3,325.56
18,0.5,Home & Living,58.2,2,0.065,5.4,0.398,False,Credit Card,Oeste,4.6,80.54
26,4.3,Fashion,83.39,6,0.367,1.6,0.19,False,Credit Card,Central,8.8,181.08
43,4.6,Electronics,128.09,0,0.314,5.1,0.343,False,Digital Wallet,Este,8.4,5.0
58,1.2,Fashion,80.12,4,0.24,9.0,0.059,False,Credit Card,Sur,10.0,277.79
36,1.2,Fashion,102.58,4,0.132,2.3,0.332,False,Credit Card,Central,8.2,547.19
41,2.2,Electronics,141.46,2,0.184,4.1,0.08,True,Credit Card,Sur,7.5,364.77
49,0.5,Electronics,186.91,2,0.067,8.9,0.264,True,Credit Card,Este,9.2,656.63
28,5.5,Electronics,142.2,2,0.0,23.9,0.408,False,Bank Transfer,Oeste,6.3,639.91
42,1.3,Electronics,150.82,2,0.026,1.2,0.49,False,Digital Wallet,Sur,6.8,449.92
29,6.7,Electronics,248.79,2,0.09,9.4,0.373,True,Credit Card,Central,6.7,988.56
48,5.7,Fashion,133.2,5,0.115,6.0,0.179,True,Credit Card,Central,7.8,1227.92
39,3.8,Fashion,95.5,3,0.009,9.2,0.558,False,Credit Card,Oeste,7.7,649.76
41,1.4,Home & Living,74.0,1,0.028,3.7,0.467,False,Credit Card,Norte,7.0,90.72
28,2.5,Fashion,61.37,6,0.512,2.6,0.265,True,Digital Wallet,Sur,6.4,34.65
46,2.1,Home & Living,90.07,4,0.148,6.1,0.279,False,Credit Card,Norte,9.9,462.6
63,1.4,Fashion,72.6,5,0.206,2.9,0.426,False,Credit Card,Este,8.2,314.72
25,6.6,Electronics,139.37,2,0.163,2.3,0.483,False,Bank Transfer,Central,3.5,173.77
33,2.3,Fashion,71.35,5,0.359,1.6,0.463,False,Digital Wallet,Central,6.2,134.61
40,6.3,Home & Living,113.41,2,0.0,1.3,0.389,False,Digital Wallet,Sur,6.9,372.22
47,0.5,Electronics,163.49,1,0.037,2.7,0.626,False,Digital Wallet,Central,10.0,217.82
31,0.5,Electronics,167.17,1,0.034,7.1,0.102,False,Digital Wallet,Central,9.3,211.98
18,13.3,Electronics,175.38,3,0.078,7.7,0.29,False,Digital Wallet,Norte,7.9,775.2
54,3.1,Fashion,96.35,4,0.163,1.6,0.29,False,Credit Card,Central,5.2,354.97
47,2.5,Electronics,215.46,1,0.033,3.2,0.319,True,Bank Transfer,Este,8.8,415.89
18,2.6,Electronics,103.72,3,0.005,5.5,0.397,False,Credit Card,Central,7.5,399.72
30,0.8,Electronics,164.49,2,0.002,8.9,0.199,False,Bank Transfer,Oeste,7.8,398.03
56,4.4,Fashion,100.91,5,0.41,11.7,0.247,True,Credit Card,Sur,7.7,73.95
55,0.5,Fashion,96.13,3,0.265,5.7,0.368,False,Credit Card,Central,7.3,171.24
49,3.0,Fashion,59.98,7,0.036,7.9,0.332,False,Bank Transfer,Central,6.3,472.7
35,3.0,Fashion,89.45,7,0.226,1.6,0.113,True,Digital Wallet,Sur,8.3,878.09
38,8.6,Fashion,98.69,4,0.029,2.0,0.387,False,Digital Wallet,Norte,6.5,637.67
36,2.6,Electronics,267.49,1,0.024,15.1,0.278,False,Credit Card,Norte,6.4,468.87
51,0.5,Fashion,49.15,4,0.029,5.6,0.093,True,Credit Card,Este,8.2,320.45
27,3.0,Electronics,263.11,1,0.164,6.6,0.162,False,Bank Transfer,Norte,8.3,254.13
28,0.5,Fashion,44.67,1,0.441,1.4,0.625,False,Credit Card,Sur,3.1,5.0
50,0.8,Fashion,48.1,5,0.024,2.1,0.557,False,Digital Wallet,Oeste,6.8,244.96
37,0.5,Electronics,148.25,0,0.401,5.5,0.129,True,Digital Wallet,Norte,10.0,5.0
54,2.5,Electronics,148.86,3,0.004,7.1,0.447,False,Credit Card,Central,8.6,633.33
29,0.5,Electronics,202.51,1,0.144,5.0,0.507,False,Credit Card,Oeste,5.0,209.44
37,2.2,Electronics,203.52,0,0.039,5.8,0.369,False,Credit Card,Norte,6.9,5.0
26,9.5,Electronics,212.89,0,0.063,5.3,0.315,True,Credit Card,Oeste,7.5,5.0
38,4.5,Home & Living,99.25,2,0.304,6.2,0.384,False,Digital Wallet,Este,7.6,139.43
20,0.5,Fashion,63.76,4,0.012,7.7,0.239,True,Digital Wallet,Central,5.6,411.77
32,0.9,Fashion,36.39,6,0.083,6.5,0.565,False,Credit Card,Central,7.6,368.02
20,3.9,Fashion,79.25,6,0.158,5.7,0.303,False,Digital Wallet,Central,9.7,700.37
46,7.9,Fashion,90.16,7,0.107,8.5,0.506,True,Credit Card,Central,8.8,1845.97
46,0.5,Home & Living,121.69,7,0.32,7.8,0.559,True,Bank Transfer,Norte,2.5,244.48
18,5.9,Home & Living,81.4,0,0.024,0.9,0.357,False,Credit Card,Central,7.8,5.0
54,2.9,Home & Living,80.86,4,0.276,3.5,0.285,True,Credit Card,Central,6.0,192.92
67,2.8,Home & Living,107.01,2,0.01,8.7,0.357,True,Digital Wallet,Norte,8.8,271.58
38,11.1,Electronics,143.48,2,0.564,1.9,0.096,True,Credit Card,Central,7.3,29.1
30,4.8,Fashion,56.95,6,0.029,5.0,0.666,False,Bank Transfer,Este,7.1,540.36
71,6.6,Home & Living,68.34,2,0.136,3.8,0.216,False,Digital Wallet,Sur,2.4,77.39
22,1.5,Fashion,69.81,6,0.171,5.3,0.625,False,Bank Transfer,Norte,5.4,348.89
38,2.8,Home & Living,97.86,2,0.001,1.6,0.394,False,Digital Wallet,Central,6.6,292.6
40,3.3,Electronics,188.66,2,0.008,4.0,0.175,True,Bank Transfer,Central,8.2,763.3
54,1.4,Fashion,105.59,6,0.357,2.9,0.171,False,Credit Card,Central,6.7,180.12
42,3.0,Home & Living,75.8,2,0.053,2.8,0.328,True,Bank Transfer,Este,8.6,291.03
32,0.9,Fashion,82.63,2,0.262,4.2,0.118,True,Credit Card,Oeste,7.3,148.65
26,0.5,Fashion,112.21,6,0.063,2.6,0.135,False,Credit Card,Norte,6.8,873.92
33,1.6,Electronics,167.52,2,0.173,1.7,0.275,False,Credit Card,Sur,8.3,427.57
25,4.7,Fashion,53.1,3,0.041,0.7,0.566,False,Credit Card,Central,7.3,231.79
38,8.7,Home & Living,86.15,2,0.069,6.4,0.363,False,Credit Card,Central,8.8,350.12
31,2.1,Fashion,85.58,4,0.354,7.2,0.016,False,Bank Transfer,Central,7.8,160.15
20,3.6,Electronics,112.85,2,0.001,1.3,0.324,True,Bank Transfer,Central,8.4,374.56
53,0.5,Electronics,121.23,6,0.001,0.7,0.187,False,Digital Wallet,Oeste,8.5,725.29
32,8.2,Home & Living,58.74,2,0.261,1.5,0.475,False,Credit Card,Este,9.3,111.21
22,2.9,Fashion,57.73,4,0.108,3.0,0.35,False,Digital Wallet,Central,9.3,326.26
35,5.3,Electronics,173.64,5,0.044,4.4,0.193,True,Digital Wallet,Norte,7.9,1876.03
38,5.5,Electronics,177.15,1,0.04,3.1,0.135,False,Credit Card,Central,8.3,290.97
18,1.0,Home & Living,84.92,5,0.008,2.5,0.098,False,Credit Card,Este,8.3,570.65
41,2.6,Home & Living,120.39,2,0.214,8.6,0.569,False,Bank Transfer,Oeste,7.5,193.11
25,11.3,Electronics,214.85,1,0.026,4.2,0.594,False,Credit Card,Central,7.7,395.8
58,0.5,Electronics,78.7,4,0.183,3.9,0.677,True,Credit Card,Norte,8.4,400.32
44,4.0,Home & Living,72.78,2,0.033,7.1,0.365,True,Digital Wallet,Norte,7.8,266.2
33,11.5,Fashion,102.48,5,0.034,3.9,0.338,True,Credit Card,Central,8.2,1525.65
29,1.3,Home & Living,109.0,3,0.006,4.4,0.279,True,Credit Card,Central,7.3,628.4
36,6.9,Fashion,49.44,4,0.197,7.9,0.044,True,Digital Wallet,Central,10.0,292.11
45,9.5,Fashion,60.99,1,0.232,9.9,0.167,False,Bank Transfer,Central,8.8,61.69
37,4.8,Fashion,44.43,4,0.314,9.1,0.485,True,Credit Card,Este,8.8,199.81
35,0.9,Home & Living,122.69,1,0.103,5.9,0.305,False,Credit Card,Oeste,7.5,156.65
38,1.4,Fashion,28.28,7,0.457,1.2,0.674,True,Credit Card,Sur,6.3,21.26
30,0.5,Electronics,198.62,5,0.005,1.3,0.5,False,Credit Card,Central,6.0,1480.34
33,6.2,Electronics,149.33,1,0.096,1.8,0.125,False,Credit Card,Sur,8.8,244.14
18,6.6,Home & Living,45.2,4,0.26,3.0,0.298,False,Credit Card,Central,7.1,112.87
49,3.5,Fashion,75.43,3,0.238,2.6,0.227,False,Credit Card,Sur,8.6,210.03
41,1.5,Fashion,54.88,6,0.276,6.0,0.18,False,Digital Wallet,Sur,2.5,145.86
28,0.5,Fashion,91.72,5,0.008,3.6,0.367,False,Digital Wallet,Sur,8.6,699.63
60,4.9,Electronics,187.22,2,0.015,7.1,0.403,False,Credit Card,Este,2.3,224.16
39,4.5,Electronics,126.42,3,0.181,1.6,0.237,False,Digital Wallet,Central,7.8,408.04
25,8.5,Electronics,242.79,2,0.593,8.1,0.782,True,Digital Wallet,Oeste,5.0,48.89
48,4.6,Fashion,69.75,4,0.003,3.3,0.264,True,Digital Wallet,Central,7.3,579.26
42,6.2,Fashion,57.28,7,0.095,4.8,0.554,False,Credit Card,Central,8.7,648.81
42,4.8,Home & Living,88.59,2,0.12,6.6,0.223,True,Bank Transfer,Este,7.1,240.15
32,3.5,Home & Living,135.1,3,0.004,2.9,0.265,True,Credit Card,Norte,7.1,858.29
43,1.9,Fashion,116.5,5,0.236,3.4,0.123,True,Credit Card,Central,5.1,561.26
34,8.1,Fashion,42.84,7,0.019,6.0,0.245,True,Digital Wallet,Norte,2.8,359.26
44,3.7,Electronics,255.01,4,0.081,2.3,0.096,True,Credit Card,Sur,2.4,1054.24
18,1.8,Electronics,202.13,2,0.024,7.7,0.797,False,Credit Card,Norte,3.9,377.41
32,0.5,Electronics,128.47,1,0.137,9.4,0.44,False,Credit Card,Este,6.9,166.73
58,1.2,Fashion,43.64,2,0.211,3.0,0.112,False,Credit Card,Sur,8.2,62.42
28,2.7,Electronics,127.81,1,0.114,6.3,0.57,True,Credit Card,Central,7.9,214.2
30,1.1,Electronics,154.23,3,0.001,4.3,0.366,False,Digital Wallet,Central,6.4,479.14
32,0.9,Fashion,32.81,4,0.018,7.0,0.221,False,Bank Transfer,Norte,8.2,182.03
23,2.6,Fashion,56.04,2,0.108,7.4,0.381,False,Bank Transfer,Norte,6.6,146.17
18,0.7,Fashion,74.34,3,0.14,6.7,0.238,False,Credit Card,Sur,5.5,216.49
35,5.6,Fashion,106.66,6,0.213,4.3,0.118,True,Credit Card,Central,7.9,1159.98
39,2.3,Electronics,200.99,0,0.001,2.0,0.483,False,Credit Card,Sur,9.2,5.0
37,3.0,Electronics,219.79,1,0.067,2.3,0.328,True,Digital Wallet,Central,7.7,425.85
36,0.6,Electronics,71.53,4,0.099,4.0,0.185,False,Bank Transfer,Oeste,7.4,320.6
38,1.4,Electronics,186.41,1,0.09,4.6,0.337,False,Bank Transfer,Este,4.0,122.49
50,1.8,Fashion,97.56,5,0.09,5.2,0.372,False,Credit Card,Este,6.3,552.07
35,5.8,Home & Living,105.33,2,0.356,3.3,0.573,False,Credit Card,Norte,7.4,79.16
31,5.1,Electronics,201.21,1,0.123,14.5,0.274,True,Credit Card,Central,7.9,482.38
34,0.9,Fashion,35.04,4,0.03,5.6,0.43,True,Digital Wallet,Norte,7.2,305.09
44,3.4,Home & Living,97.61,3,0.018,8.9,0.198,False,Bank Transfer,Norte,4.1,215.54
54,1.0,Electronics,180.09,3,0.011,0.1,0.454,False,Bank Transfer,Sur,9.2,550.76
30,15.0,Electronics,231.9,2,0.024,3.2,0.372,True,Credit Card,Central,8.3,1145.53
39,10.6,Fashion,86.21,4,0.278,5.5,0.394,True,Credit Card,Sur,9.2,390.33
42,2.9,Fashion,80.6,4,0.6,2.1,0.38,True,Digital Wallet,Este,6.0,28.05
26,4.2,Fashion,48.27,1,0.011,2.7,0.302,True,Bank Transfer,Norte,7.1,96.49
38,5.7,Fashion,66.98,5,0.177,5.0,0.441,False,Credit Card,Norte,7.5,460.56
20,4.5,Electronics,69.34,3,0.001,3.6,0.261,True,Credit Card,Oeste,8.5,431.55
18,4.2,Fashion,77.15,5,0.068,7.2,0.271,True,Credit Card,Norte,6.4,640.41
42,11.1,Electronics,183.49,2,0.118,4.0,0.3,True,Bank Transfer,Norte,7.3,518.04
33,3.2,Home & Living,148.79,2,0.008,3.8,0.287,True,Credit Card,Central,8.0,600.62
40,3.5,Home & Living,153.82,2,0.317,14.1,0.149,True,Credit Card,Central,8.0,289.98
37,6.6,Electronics,200.55,3,0.043,3.6,0.311,True,Digital Wallet,Sur,8.2,1288.59
26,3.9,Electronics,260.77,1,0.009,2.8,0.492,True,Bank Transfer,Central,9.7,644.27
37,4.6,Electronics,144.76,1,0.055,5.7,0.386,True,Digital Wallet,Norte,9.3,305.42
23,0.9,Electronics,94.91,2,0.033,3.5,0.568,False,Credit Card,Central,2.7,129.05
54,1.6,Electronics,195.94,1,0.186,5.0,0.023,False,Credit Card,Norte,9.7,207.72
21,0.6,Fashion,104.77,7,0.122,4.2,0.217,True,Credit Card,Sur,9.8,1056.23
35,2.5,Home & Living,72.45,6,0.008,5.7,0.456,False,Digital Wallet,Sur,6.6,661.76
25,2.1,Fashion,44.6,4,0.205,7.1,0.395,False,Credit Card,Central,10.0,180.38
44,15.0,Electronics,283.23,0,0.026,2.9,0.783,False,Digital Wallet,Central,6.7,5.0
34,3.3,Electronics,124.96,2,0.098,3.1,0.225,True,Credit Card,Sur,7.6,450.83
31,5.4,Electronics,139.44,1,0.154,5.6,0.348,True,Digital Wallet,Norte,8.2,250.96
48,1.4,Electronics,155.81,3,0.403,2.9,0.368,False,Digital Wallet,Este,8.9,61.76
38,6.2,Home & Living,71.35,5,0.022,4.7,0.057,True,Digital Wallet,Norte,9.2,803.73
44,3.3,Electronics,286.33,2,0.0,8.8,0.201,False,Bank Transfer,Sur,8.1,952.82
26,4.2,Home & Living,90.27,3,0.235,10.7,0.168,False,Bank Transfer,Este,7.6,226.91
21,1.2,Fashion,66.64,3,0.358,15.2,0.932,False,Bank Transfer,Norte,5.8,56.42
39,2.8,Fashion,35.54,2,0.045,11.5,0.063,True,Credit Card,Sur,8.3,188.84
34,3.5,Fashion,59.05,5,0.5,2.4,0.14,False,Credit Card,Este,7.4,30.9
45,3.1,Fashion,59.13,5,0.355,6.0,0.15,True,Bank Transfer,Oeste,7.7,154.35
37,8.6,Fashion,90.84,4,0.025,2.8,0.371,True,Credit Card,Norte,4.0,456.95
40,8.0,Electronics,150.84,4,0.6,4.9,0.317,False,Credit Card,Central,7.3,61.85
18,12.4,Electronics,122.82,5,0.066,7.6,0.374,True,Credit Card,Central,3.0,639.39
60,3.9,Home & Living,76.66,3,0.007,4.9,0.285,True,Credit Card,Central,7.5,446.98
36,12.5,Electronics,247.39,2,0.195,7.3,0.112,False,Digital Wallet,Sur,7.6,685.51
46,6.3,Fashion,123.87,2,0.078,5.8,0.511,True,Credit Card,Central,6.4,427.62
27,1.1,Fashion,82.31,2,0.137,4.0,0.112,True,Credit Card,Este,5.9,214.16
41,2.0,Electronics,162.37,2,0.245,6.8,0.362,True,Digital Wallet,Norte,3.5,235.93
22,1.0,Electronics,94.9,1,0.086,6.8,0.148,False,Credit Card,Sur,8.3,137.86
43,0.5,Electronics,142.94,1,0.201,4.6,0.065,True,Credit Card,Central,7.5,179.65
33,0.7,Fashion,84.06,3,0.195,1.1,0.149,False,Digital Wallet,Oeste,9.2,271.98
38,0.5,Fashion,87.12,7,0.329,4.2,0.189,False,Credit Card,Central,6.9,277.18
46,4.5,Home & Living,61.99,2,0.105,6.0,0.167,True,Credit Card,Oeste,7.3,185.1
23,1.9,Fashion,69.76,5,0.084,10.4,0.457,True,Credit Card,Este,8.2,717.96
29,1.3,Electronics,172.08,1,0.189,2.6,0.122,False,Credit Card,Central,2.0,77.74
43,5.0,Fashion,71.78,2,0.6,5.7,0.217,True,Digital Wallet,Norte,9.1,17.45
63,6.3,Fashion,30.43,3,0.013,1.9,0.247,True,Credit Card,Central,8.6,189.52
36,13.0,Fashion,73.47,4,0.107,9.0,0.575,False,Credit Card,Oeste,9.0,645.15
45,3.6,Fashion,60.57,4,0.032,4.9,0.597,False,Digital Wallet,Sur,7.0,360.17
36,2.2,Fashion,33.68,2,0.171,1.4,0.564,False,Credit Card,Norte,8.7,96.43
61,1.3,Electronics,168.11,3,0.015,3.5,0.219,False,Credit Card,Norte,7.7,510.64
18,0.9,Fashion,82.78,2,0.088,4.2,0.186,False,Bank Transfer,Norte,8.4,158.58
39,0.8,Electronics,80.19,2,0.073,2.4,0.361,True,Digital Wallet,Norte,8.9,237.69
18,1.8,Fashion,65.72,7,0.177,3.3,0.543,True,Bank Transfer,Este,6.1,456.23
18,15.0,Electronics,250.75,0,0.009,7.4,0.522,False,Digital Wallet,Central,6.1,5.0
41,0.5,Home & Living,66.6,6,0.053,3.3,0.168,False,Credit Card,Central,8.2,530.33
39,0.8,Fashion,67.18,1,0.231,6.1,0.458,False,Credit Card,Norte,7.4,69.26
34,0.7,Fashion,51.2,1,0.143,0.2,0.236,False,Credit Card,Este,8.8,62.08
36,4.4,Home & Living,89.16,1,0.001,3.8,0.269,True,Bank Transfer,Norte,6.3,185.77
75,1.5,Home & Living,111.49,4,0.073,9.3,0.444,True,Digital Wallet,Este,5.5,557.42
34,2.1,Fashion,102.53,4,0.294,4.4,0.235,True,Bank Transfer,Sur,4.1,164.19
44,0.6,Electronics,282.08,2,0.072,2.5,0.422,False,Credit Card,Sur,7.5,665.21
30,1.8,Home & Living,31.32,5,0.044,4.1,0.246,False,Credit Card,Central,7.1,230.15
41,0.5,Fashion,85.0,6,0.229,1.6,0.408,False,Digital Wallet,Norte,2.9,203.51
35,2.7,Fashion,101.48,7,0.064,10.7,0.213,False,Digital Wallet,Sur,8.1,1105.0
33,0.5,Home & Living,117.23,4,0.005,2.0,0.16,False,Credit Card,Central,6.7,608.79
59,5.5,Electronics,120.76,4,0.425,4.9,0.624,False,Bank Transfer,Este,4.0,20.22
52,2.9,Electronics,145.57,0,0.108,7.1,0.747,False,Credit Card,Este,8.4,5.0
39,4.5,Fashion,76.08,1,0.001,7.0,0.059,True,Credit Card,Este,7.6,171.52
18,1.9,Home & Living,107.19,2,0.049,2.1,0.514,False,Credit Card,Norte,8.2,252.26
33,1.7,Fashion,39.89,4,0.227,3.8,0.587,False,Credit Card,Oeste,2.9,91.08
70,0.5,Fashion,52.66,6,0.259,4.8,0.222,False,Digital Wallet,Central,10.0,216.99
35,2.6,Fashion,58.98,5,0.016,2.0,0.504,True,Credit Card,Sur,6.9,673.64
51,2.5,Fashion,70.09,5,0.123,3.0,0.499,True,Credit Card,Sur,8.5,636.22
55,2.2,Home & Living,75.44,4,0.131,4.3,0.524,True,Credit Card,Este,3.8,257.96
40,4.7,Electronics,200.64,0,0.004,2.8,0.396,False,Credit Card,Central,5.3,5.0
27,6.3,Fashion,54.25,6,0.019,6.6,0.239,False,Digital Wallet,Central,9.0,581.56
18,4.9,Home & Living,85.36,5,0.098,8.9,0.063,False,Credit Card,Sur,5.9,450.67
46,0.5,Fashion,67.77,2,0.191,6.6,0.182,True,Credit Card,Norte,7.8,153.74
28,3.4,Electronics,219.88,1,0.17,3.6,0.121,True,Digital Wallet,Central,2.4,146.5
40,0.5,Electronics,160.19,2,0.002,3.4,0.302,False,Bank Transfer,Oeste,8.1,393.45
23,4.2,Home & Living,83.12,5,0.0,15.1,0.371,False,Credit Card,Norte,7.8,790.54
34,1.7,Electronics,109.29,1,0.019,7.6,0.401,False,Credit Card,Sur,6.9,211.89
38,0.5,Fashion,85.76,7,0.144,1.2,0.211,False,Credit Card,Sur,10.0,825.71
41,6.9,Electronics,152.03,2,0.265,1.8,0.15,False,Bank Transfer,Central,3.8,146.74
24,3.3,Fashion,67.13,5,0.007,6.4,0.717,False,Credit Card,Norte,7.5,677.73
52,1.5,Fashion,97.51,5,0.019,5.6,0.56,False,Digital Wallet,Norte,9.4,558.31
30,0.5,Home & Living,114.17,4,0.121,0.5,0.343,True,Credit Card,Sur,3.0,324.77
18,2.7,Fashion,23.8,7,0.192,7.8,0.248,False,Credit Card,Este,9.1,172.12
36,9.0,Fashion,48.96,5,0.053,5.2,0.336,False,Credit Card,Sur,6.7,431.61
38,3.2,Fashion,110.08,5,0.12,6.5,0.387,True,Digital Wallet,Norte,7.6,960.11
39,12.5,Electronics,98.83,0,0.284,2.1,0.186,True,Digital Wallet,Este,3.0,5.0
54,0.5,Electronics,131.9,0,0.015,9.2,0.521,False,Credit Card,Central,7.2,5.0
35,2.9,Home & Living,74.06,4,0.051,2.9,0.255,False,Bank Transfer,Este,6.5,347.03
36,5.6,Fashion,89.04,1,0.004,2.2,0.934,False,Credit Card,Oeste,9.0,167.1
24,2.6,Fashion,76.77,3,0.431,2.2,0.315,True,Bank Transfer,Norte,3.5,13.99
47,0.5,Electronics,206.92,3,0.083,1.4,0.187,False,Credit Card,Central,8.1,587.43
40,3.1,Home & Living,84.2,2,0.001,7.2,0.517,True,Bank Transfer,Norte,3.6,189.26
32,3.3,Fashion,63.36,5,0.03,3.3,0.646,True,Credit Card,Sur,3.3,487.57
18,4.6,Home & Living,101.39,2,0.082,5.4,0.223,False,Digital Wallet,Este,9.5,238.8
55,5.0,Home & Living,109.85,0,0.0,5.9,0.198,True,Credit Card,Este,7.8,5.0
23,5.2,Home & Living,92.59,4,0.087,3.1,0.273,False,Digital Wallet,Oeste,8.0,524.85
30,3.8,Home & Living,79.21,4,0.0,3.5,0.164,False,Digital Wallet,Central,7.2,574.92
42,0.9,Electronics,232.07,1,0.032,3.5,0.64,True,Credit Card,Central,7.1,411.25
23,1.8,Home & Living,130.82,5,0.04,13.8,0.279,False,Bank Transfer,Central,6.2,811.61
20,5.2,Electronics,270.7,2,0.118,10.2,0.19,True,Digital Wallet,Central,7.2,940.79
18,10.7,Home & Living,107.86,3,0.029,2.8,0.212,True,Digital Wallet,Oeste,8.3,655.87
46,0.5,Electronics,137.28,3,0.123,8.1,0.497,True,Digital Wallet,Este,7.7,549.98
31,2.7,Fashion,31.39,8,0.063,8.9,0.589,False,Digital Wallet,Norte,7.8,414.97
73,1.3,Electronics,236.0,1,0.002,5.9,0.495,True,Bank Transfer,Este,6.6,339.19
26,0.9,Home & Living,105.19,0,0.001,9.2,0.419,False,Credit Card,Central,3.8,5.0
26,2.5,Electronics,217.18,5,0.086,1.8,0.437,False,Credit Card,Sur,7.7,1795.42
31,3.3,Fashion,71.97,4,0.035,3.2,0.465,True,Credit Card,Central,7.4,678.01
40,0.5,Home & Living,130.81,2,0.185,5.8,0.636,False,Credit Card,Sur,7.1,259.37
32,5.3,Fashion,108.97,3,0.008,0.6,0.295,True,Credit Card,Oeste,9.2,831.34
45,6.0,Electronics,103.34,0,0.005,4.4,0.447,True,Digital Wallet,Norte,3.4,5.0
26,11.8,Fashion,87.58,7,0.186,3.8,0.49,False,Digital Wallet,Este,8.8,647.3
21,0.7,Electronics,240.05,2,0.161,0.7,0.653,False,Bank Transfer,Norte,7.1,395.42
18,3.2,Fashion,95.28,5,0.311,3.1,0.48,False,Credit Card,Sur,7.5,330.49
18,1.9,Home & Living,93.44,3,0.01,2.0,0.548,False,Credit Card,Sur,6.9,376.09
31,1.4,Fashion,19.31,2,0.249,1.7,0.318,False,Credit Card,Este,7.2,29.27
34,2.9,Electronics,137.68,4,0.0,4.9,0.379,True,Credit Card,Sur,3.2,778.01
30,5.3,Fashion,51.95,3,0.057,18.0,0.058,False,Digital Wallet,Este,3.9,162.92
52,0.5,Home & Living,92.6,5,0.021,3.0,0.124,False,Digital Wallet,Norte,4.6,381.93
52,12.2,Electronics,214.23,1,0.08,4.0,0.537,True,Digital Wallet,Central,7.4,400.84
33,5.8,Fashion,65.24,4,0.296,3.7,0.187,False,Credit Card,Sur,3.1,128.59
18,4.9,Fashion,58.75,2,0.404,10.6,0.4,True,Digital Wallet,Norte,7.2,23.83
31,5.0,Home & Living,75.01,1,0.013,2.5,0.216,False,Digital Wallet,Sur,8.1,133.24
30,1.7,Home & Living,97.58,0,0.005,1.8,0.301,False,Bank Transfer,Central,9.0,5.0
30,4.9,Electronics,99.8,0,0.038,1.0,0.103,False,Credit Card,Central,6.6,5.0
29,1.7,Fashion,57.59,3,0.378,2.0,0.547,False,Digital Wallet,Norte,7.8,45.34
30,8.0,Fashion,109.95,1,0.211,1.7,0.774,True,Digital Wallet,Sur,9.4,164.48
33,0.7,Electronics,247.71,2,0.023,3.5,0.4,True,Digital Wallet,Este,7.4,973.79
30,1.2,Electronics,191.77,2,0.08,16.3,0.037,False,Digital Wallet,Central,8.2,560.39
40,2.8,Fashion,94.9,5,0.127,3.4,0.171,True,Digital Wallet,Norte,6.3,593.14
42,1.3,Electronics,267.35,4,0.019,1.4,0.167,True,Digital Wallet,Sur,7.8,2203.1
27,1.9,Home & Living,95.83,2,0.154,2.8,0.264,False,Credit Card,Norte,2.4,101.15
53,2.4,Electronics,117.54,1,0.007,6.0,0.522,False,Digital Wallet,Norte,7.5,165.64
26,6.8,Electronics,218.31,1,0.224,6.6,0.392,True,Bank Transfer,Sur,9.3,271.41
18,2.6,Electronics,205.18,3,0.001,7.3,0.082,True,Credit Card,Central,6.9,1188.55
42,1.6,Electronics,150.16,3,0.005,2.0,0.123,False,Bank Transfer,Este,3.0,351.95
28,1.0,Fashion,79.72,4,0.075,7.5,0.669,False,Bank Transfer,Central,3.9,300.52
41,1.8,Fashion,22.33,4,0.387,2.9,0.164,True,Credit Card,Sur,4.2,18.81
18,2.5,Fashion,41.18,2,0.56,11.7,0.336,False,Credit Card,Este,9.5,7.2
54,4.8,Home & Living,63.55,2,0.058,2.6,0.742,False,Digital Wallet,Sur,6.2,142.85
46,0.5,Home & Living,114.94,1,0.066,4.0,0.293,False,Credit Card,Norte,7.9,123.15
19,0.9,Electronics,208.94,0,0.052,9.6,0.305,False,Credit Card,Central,7.4,5.0
20,1.7,Home & Living,56.34,1,0.166,4.5,0.486,False,Digital Wallet,Oeste,4.3,33.01
58,1.6,Fashion,84.85,6,0.152,2.7,0.252,False,Credit Card,Central,8.4,519.49
29,1.7,Fashion,67.27,6,0.082,1.3,0.407,False,Digital Wallet,Oeste,4.0,272.64
27,5.5,Fashion,84.53,7,0.053,3.6,0.228,False,Digital Wallet,Sur,7.5,974.27
18,1.4,Electronics,100.5,1,0.0,10.8,0.544,True,Bank Transfer,Norte,7.1,150.36
33,2.4,Home & Living,88.63,2,0.075,3.0,0.029,False,Credit Card,Central,8.0,290.93
35,3.4,Electronics,183.57,0,0.085,8.5,0.456,True,Credit Card,Norte,6.2,5.0
46,0.9,Fashion,70.69,5,0.321,1.2,0.349,True,Digital Wallet,Sur,8.8,203.5
21,4.4,Electronics,145.9,0,0.068,2.4,0.427,False,Bank Transfer,Norte,6.7,5.0
19,2.8,Home & Living,122.68,2,0.036,2.8,0.283,False,Credit Card,Norte,8.1,384.74
43,2.1,Home & Living,76.07,2,0.165,8.9,0.591,False,Credit Card,Central,8.4,184.05
50,5.8,Electronics,158.89,1,0.005,4.5,0.33,True,Digital Wallet,Este,10.0,281.79
19,1.0,Fashion,66.15,7,0.035,10.5,0.591,False,Digital Wallet,Norte,7.0,744.46
50,7.5,Fashion,49.31,11,0.43,3.7,0.612,False,Credit Card,Oeste,6.6,48.83
38,2.9,Fashion,64.01,6,0.356,8.7,0.222,False,Credit Card,Central,8.3,177.62
51,3.3,Fashion,57.91,9,0.226,1.5,0.366,False,Digital Wallet,Oeste,7.4,427.28
37,7.3,Fashion,117.3,8,0.192,7.0,0.283,False,Credit Card,Sur,7.8,1111.92
18,6.0,Electronics,238.03,1,0.103,3.0,0.085,True,Digital Wallet,Oeste,5.0,251.45
36,3.2,Fashion,84.62,2,0.042,2.8,0.207,True,Credit Card,Norte,1.5,141.61
50,4.9,Fashion,51.33,4,0.16,4.2,0.093,True,Credit Card,Norte,7.2,281.1
27,2.0,Fashion,76.17,5,0.006,6.1,0.277,True,Credit Card,Central,7.9,882.49
33,2.8,Home & Living,15.0,1,0.006,14.8,0.238,False,Digital Wallet,Norte,6.5,25.98
35,0.5,Electronics,93.98,2,0.079,2.1,0.295,False,Credit Card,Sur,3.1,145.32
18,0.5,Electronics,179.83,3,0.035,2.7,0.188,True,Bank Transfer,Central,8.9,774.19
58,6.2,Electronics,284.9,1,0.001,2.9,0.195,True,Credit Card,Norte,6.9,564.06
27,0.5,Electronics,79.48,0,0.102,5.6,0.555,False,Bank Transfer,Central,7.8,5.0
44,0.6,Electronics,106.8,2,0.0,0.6,0.1,False,Bank Transfer,Central,7.0,229.34
36,5.6,Home & Living,100.31,2,0.063,2.4,0.356,False,Credit Card,Norte,10.0,359.42
53,0.5,Electronics,144.67,2,0.037,7.3,0.565,True,Credit Card,Este,8.0,459.06
42,1.2,Fashion,78.1,7,0.424,3.9,0.393,False,Bank Transfer,Norte,9.3,36.86
35,3.1,Electronics,133.94,0,0.001,6.0,0.1,False,Digital Wallet,Central,8.4,5.0
27,3.2,Fashion,72.51,1,0.284,6.1,0.62,False,Credit Card,Central,6.4,55.64
47,5.3,Home & Living,105.12,2,0.106,10.9,0.432,True,Bank Transfer,Central,5.0,295.28
18,2.5,Electronics,114.3,0,0.066,1.2,0.252,False,Credit Card,Sur,8.1,5.0
45,2.5,Home & Living,136.41,3,0.004,4.7,0.684,False,Bank Transfer,Este,6.2,588.02
24,4.5,Home & Living,83.83,2,0.001,3.2,0.248,False,Digital Wallet,Este,8.1,264.37
53,2.4,Fashion,109.83,7,0.042,4.0,0.466,False,Credit Card,Central,7.0,1074.1
39,3.3,Electronics,210.74,1,0.001,3.7,0.174,False,Digital Wallet,Central,6.1,289.18
45,8.0,Fashion,58.11,3,0.098,1.5,0.281,True,Bank Transfer,Central,3.4,200.08
38,1.8,Home & Living,85.44,3,0.003,1.6,0.225,True,Digital Wallet,Norte,8.1,485.01
18,1.7,Electronics,198.51,1,0.041,5.5,0.095,False,Credit Card,Norte,7.0,222.03
27,0.5,Fashion,91.26,2,0.01,3.6,0.227,False,Credit Card,Este,8.0,284.82
46,3.3,Electronics,183.86,1,0.021,5.2,0.592,False,Credit Card,Norte,7.7,310.96
39,0.5,Electronics,193.28,1,0.067,5.5,0.186,False,Credit Card,Sur,6.9,274.21
52,2.5,Home & Living,111.96,3,0.0,3.4,0.497,False,Credit Card,Norte,9.3,436.6
42,5.7,Fashion,70.88,6,0.014,3.0,0.298,True,Credit Card,Este,3.7,769.24
26,2.8,Electronics,251.0,1,0.018,2.9,0.484,True,Digital Wallet,Central,6.2,460.01
28,1.1,Fashion,67.74,4,0.2,9.9,0.485,True,Bank Transfer,Central,3.0,183.51
39,5.4,Electronics,221.89,2,0.138,1.4,0.174,True,Digital Wallet,Central,8.3,727.08
18,1.1,Electronics,184.37,0,0.173,1.6,0.447,True,Digital Wallet,Norte,7.9,5.0
58,4.6,Fashion,99.61,3,0.514,2.7,0.252,True,Digital Wallet,Este,10.0,27.03
43,3.3,Fashion,64.01,2,0.179,6.3,0.09,False,Credit Card,Norte,6.5,149.36
52,0.7,Electronics,128.0,1,0.19,9.2,0.264,False,Credit Card,Oeste,5.0,81.57
19,8.2,Electronics,238.78,0,0.385,10.6,0.552,False,Credit Card,Norte,8.6,5.0
52,0.8,Fashion,71.88,3,0.147,2.2,0.536,True,Digital Wallet,Central,6.4,254.9
64,15.0,Home & Living,88.74,3,0.013,4.1,0.614,True,Credit Card,Sur,5.9,546.68
22,0.5,Home & Living,135.01,2,0.171,4.0,0.558,True,Bank Transfer,Norte,8.2,294.35
47,1.1,Electronics,189.97,1,0.43,2.2,0.285,False,Credit Card,Central,3.2,8.6
38,0.8,Fashion,95.98,4,0.178,4.4,0.239,False,Credit Card,Norte,8.7,323.26
19,0.5,Home & Living,72.89,3,0.02,5.0,0.45,False,Bank Transfer,Este,6.5,245.93
43,4.6,Fashion,70.54,6,0.425,4.2,0.386,True,Digital Wallet,Sur,8.0,48.18
48,4.1,Home & Living,101.22,1,0.0,4.4,0.284,True,Credit Card,Central,5.8,208.55
30,5.5,Home & Living,127.62,1,0.078,5.7,0.08,False,Credit Card,Norte,1.0,68.1
51,1.0,Electronics,207.02,1,0.127,3.5,0.335,False,Digital Wallet,Norte,7.7,195.07
18,2.1,Electronics,216.11,0,0.129,2.5,0.35,False,Bank Transfer,Sur,5.7,5.0
20,3.8,Electronics,161.55,2,0.035,2.7,0.352,False,Credit Card,Sur,4.4,292.37
39,2.0,Electronics,192.44,4,0.02,8.1,0.304,False,Bank Transfer,Central,7.0,1103.19
38,4.2,Home & Living,27.16,3,0.13,10.3,0.222,True,Digital Wallet,Sur,7.7,141.42
29,3.5,Home & Living,68.22,2,0.188,4.1,0.259,False,Credit Card,Norte,6.3,114.33
47,0.5,Electronics,231.82,1,0.142,13.3,0.543,False,Bank Transfer,Central,7.7,221.68
44,5.3,Fashion,128.22,8,0.022,5.3,0.112,True,Bank Transfer,Norte,4.4,1131.7
48,4.5,Fashion,100.75,4,0.223,5.7,0.397,False,Credit Card,Este,7.6,393.91
36,3.7,Fashion,75.94,4,0.135,2.3,0.4,False,Credit Card,Sur,2.5,208.53
45,0.6,Fashion,80.51,3,0.037,1.9,0.21,True,Bank Transfer,Central,9.2,367.54
32,1.1,Home & Living,92.04,6,0.007,2.2,0.195,False,Digital Wallet,Norte,6.4,667.85
62,1.7,Electronics,174.72,1,0.002,4.8,0.588,False,Credit Card,Central,4.6,166.69
28,1.1,Electronics,174.52,2,0.136,5.3,0.617,False,Digital Wallet,Este,9.5,487.94
63,0.9,Electronics,166.1,1,0.007,6.4,0.071,True,Credit Card,Central,6.5,256.25
38,5.7,Fashion,70.48,7,0.037,4.6,0.574,True,Bank Transfer,Sur,7.8,833.59
21,3.6,Electronics,168.67,3,0.0,5.9,0.358,False,Credit Card,Central,8.0,789.8
54,2.9,Fashion,81.04,4,0.244,9.6,0.229,True,Credit Card,Sur,6.7,256.51
39,0.9,Fashion,92.67,6,0.055,3.6,0.19,False,Bank Transfer,Norte,6.8,702.04
48,8.8,Home & Living,61.81,7,0.02,15.8,0.553,True,Digital Wallet,Central,9.1,1298.11
52,0.7,Fashion,72.73,8,0.425,3.2,0.183,False,Digital Wallet,Central,8.1,31.25
42,5.5,Electronics,185.28,2,0.05,2.8,0.238,True,Bank Transfer,Norte,9.2,651.32
30,11.9,Home & Living,108.99,2,0.042,4.2,0.593,False,Digital Wallet,Central,8.6,382.06
49,4.5,Home & Living,78.64,1,0.075,1.5,0.08,False,Digital Wallet,Norte,9.4,107.76
38,15.0,Electronics,204.52,3,0.236,4.4,0.382,True,Credit Card,Sur,7.5,995.37
46,3.7,Electronics,226.53,2,0.282,5.3,0.3,True,Digital Wallet,Norte,7.9,305.66
18,0.9,Home & Living,98.59,3,0.005,10.1,0.309,False,Credit Card,Sur,5.9,339.68
43,0.8,Electronics,287.55,1,0.0,5.6,0.19,True,Bank Transfer,Sur,5.5,509.53
30,1.4,Electronics,263.71,3,0.165,8.2,0.275,False,Digital Wallet,Norte,8.7,767.96
57,0.5,Fashion,69.91,3,0.065,3.3,0.074,True,Credit Card,Este,6.9,285.37
45,4.0,Electronics,112.26,2,0.241,5.0,0.343,False,Bank Transfer,Central,6.5,159.69
40,1.1,Electronics,202.08,1,0.316,3.3,0.04,False,Digital Wallet,Este,6.1,87.04
43,5.9,Fashion,82.93,7,0.207,7.2,0.572,True,Credit Card,Norte,6.2,961.88
26,1.6,Home & Living,134.25,2,0.089,1.5,0.34,False,Credit Card,Norte,8.5,398.41
57,2.3,Home & Living,65.68,5,0.0,3.7,0.284,False,Credit Card,Central,7.8,412.54
61,11.8,Home & Living,101.36,2,0.007,2.9,0.321,True,Credit Card,Oeste,7.5,429.36
42,1.0,Electronics,292.63,3,0.028,7.7,0.112,True,Credit Card,Norte,9.1,1645.5
57,4.5,Electronics,202.36,1,0.01,2.6,0.562,False,Credit Card,Norte,8.5,335.86
31,4.9,Home & Living,73.72,3,0.092,4.8,0.223,True,Credit Card,Este,3.0,213.77
28,0.9,Fashion,88.16,3,0.247,3.0,0.323,False,Credit Card,Central,7.9,254.89
38,2.4,Electronics,225.64,2,0.039,1.9,0.334,False,Credit Card,Central,7.8,803.43
43,1.5,Electronics,154.99,5,0.066,5.6,0.125,False,Credit Card,Este,4.0,529.41
33,5.2,Electronics,184.63,2,0.351,7.7,0.01,True,Bank Transfer,Sur,6.4,199.59
44,3.4,Fashion,45.46,6,0.208,2.5,0.309,False,Credit Card,Oeste,7.4,310.96
41,2.3,Electronics,171.7,1,0.016,8.5,0.237,False,Digital Wallet,Oeste,6.9,288.54
26,5.3,Home & Living,87.27,0,0.023,6.3,0.439,True,Bank Transfer,Este,7.9,5.0
44,0.9,Electronics,135.05,0,0.01,2.8,0.387,False,Credit Card,Central,7.3,5.0
48,4.9,Home & Living,62.38,4,0.029,5.7,0.069,True,Credit Card,Este,9.3,440.48
40,7.0,Home & Living,76.83,5,0.001,1.7,0.414,False,Credit Card,Este,9.1,634.09
51,7.4,Fashion,76.45,4,0.145,2.1,0.44,True,Credit Card,Oeste,7.9,470.41
23,5.4,Fashion,139.72,7,0.245,1.0,0.48,True,Credit Card,Central,8.0,990.52
43,1.8,Fashion,80.19,6,0.041,3.7,0.233,False,Digital Wallet,Central,6.2,482.09
23,14.0,Electronics,106.27,2,0.054,1.4,0.188,True,Credit Card,Central,7.3,368.36
24,1.7,Electronics,126.91,1,0.236,3.4,0.417,False,Credit Card,Este,2.2,53.62
30,3.6,Fashion,88.3,4,0.014,3.8,0.091,False,Bank Transfer,Sur,8.4,692.4
26,0.6,Fashion,58.92,6,0.172,6.6,0.499,False,Digital Wallet,Norte,8.2,351.91
31,13.8,Fashion,60.47,8,0.515,7.1,0.031,False,Credit Card,Sur,8.2,55.52
35,4.3,Fashion,44.02,7,0.195,1.5,0.241,True,Digital Wallet,Sur,7.4,455.67
48,4.9,Fashion,63.08,2,0.394,3.5,0.12,False,Credit Card,Oeste,7.6,31.19
34,0.5,Fashion,79.85,2,0.08,3.1,0.557,True,Credit Card,Sur,7.3,260.72
18,5.0,Fashion,84.65,5,0.182,9.0,0.428,True,Credit Card,Central,7.5,581.95
51,5.2,Fashion,49.5,3,0.238,7.3,0.214,False,Credit Card,Central,9.0,100.09
27,3.9,Home & Living,85.49,3,0.006,2.1,0.423,False,Digital Wallet,Este,3.5,243.52
37,1.2,Fashion,45.22,4,0.383,2.5,0.295,False,Credit Card,Norte,7.6,42.09
43,2.4,Fashion,85.95,4,0.288,6.4,0.132,True,Credit Card,Central,6.8,323.09
40,0.5,Fashion,83.43,6,0.012,8.4,0.312,False,Credit Card,Norte,8.5,743.32
51,2.2,Fashion,51.64,4,0.108,4.4,0.362,True,Bank Transfer,Central,8.4,305.62
43,1.0,Fashion,48.67,9,0.08,7.4,0.485,True,Credit Card,Norte,8.2,890.77
27,1.5,Electronics,241.42,2,0.029,14.2,0.779,False,Digital Wallet,Norte,7.5,592.24
64,0.6,Home & Living,80.69,2,0.0,5.6,0.466,False,Bank Transfer,Norte,8.0,177.44
40,0.9,Electronics,122.02,0,0.146,6.1,0.122,False,Credit Card,Central,8.3,5.0
36,0.5,Fashion,92.18,7,0.09,5.2,0.455,False,Digital Wallet,Norte,8.8,881.27
49,8.8,Electronics,163.35,0,0.036,8.4,0.225,True,Bank Transfer,Central,5.4,5.0
40,2.6,Electronics,230.32,4,0.529,3.2,0.399,False,Credit Card,Central,6.9,72.05
42,1.8,Home & Living,65.06,0,0.004,3.1,0.2,False,Credit Card,Oeste,8.4,5.0
67,2.7,Fashion,51.63,3,0.19,6.6,0.67,False,Digital Wallet,Este,7.2,107.25
34,3.5,Home & Living,97.27,1,0.0,6.8,0.379,False,Digital Wallet,Oeste,8.5,168.52
34,8.9,Electronics,215.72,1,0.149,5.3,0.05,False,Credit Card,Sur,2.5,155.98
39,0.7,Electronics,222.76,0,0.108,12.9,0.56,False,Credit Card,Este,2.5,5.0
50,1.2,Electronics,250.68,1,0.075,14.9,0.194,False,Digital Wallet,Sur,6.1,240.35
19,13.0,Fashion,97.94,3,0.438,3.0,0.319,True,Digital Wallet,Central,6.5,29.86
18,1.6,Home & Living,78.97,3,0.111,0.5,0.83,True,Digital Wallet,Central,9.1,278.96
30,0.5,Fashion,89.04,4,0.135,7.2,0.049,False,Digital Wallet,Norte,9.8,473.54
18,0.6,Fashion,76.29,2,0.234,6.9,0.158,False,Credit Card,Central,3.3,65.32
32,0.5,Home & Living,95.21,2,0.065,0.8,0.591,True,Digital Wallet,Central,8.2,344.33
44,15.0,Electronics,175.72,0,0.008,3.5,0.287,False,Digital Wallet,Oeste,7.5,5.0
27,1.1,Fashion,103.18,1,0.066,5.2,0.235,False,Bank Transfer,Norte,6.7,104.71
20,9.0,Fashion,82.86,6,0.202,3.8,0.054,True,Credit Card,Central,8.1,713.62
38,15.0,Electronics,230.3,4,0.001,2.9,0.239,True,Digital Wallet,Central,8.1,2615.76
48,3.2,Electronics,220.12,2,0.203,3.9,0.233,True,Digital Wallet,Central,5.7,460.69
18,0.5,Electronics,241.22,2,0.099,5.5,0.269,True,Digital Wallet,Central,9.1,641.52
47,0.5,Home & Living,97.18,2,0.004,2.2,0.125,False,Credit Card,Este,6.4,211.66
47,2.3,Fashion,53.11,2,0.46,4.2,0.264,False,Digital Wallet,Sur,10.0,9.44
49,1.8,Home & Living,121.79,5,0.001,2.3,0.046,False,Digital Wallet,Norte,6.0,636.06
52,3.3,Fashion,68.62,3,0.26,10.4,0.027,False,Digital Wallet,Sur,10.0,181.78
64,2.0,Fashion,66.21,3,0.038,3.7,0.535,False,Digital Wallet,Central,6.4,242.87
33,9.5,Fashion,83.59,5,0.392,7.0,0.344,False,Digital Wallet,Norte,7.3,109.05
39,2.7,Home & Living,31.55,4,0.369,6.4,0.2,False,Bank Transfer,Sur,5.0,39.39
33,4.1,Electronics,162.07,2,0.008,10.5,0.6,True,Bank Transfer,Norte,5.5,751.37
38,7.9,Electronics,143.93,2,0.001,4.6,0.057,True,Credit Card,Sur,6.8,775.69
56,0.6,Fashion,97.88,2,0.447,9.9,0.314,True,Digital Wallet,Este,3.8,11.27
21,0.9,Home & Living,75.27,2,0.032,5.1,0.36,False,Credit Card,Sur,6.2,202.26
27,0.5,Home & Living,78.27,3,0.34,2.9,0.028,False,Digital Wallet,Sur,8.8,82.54
54,0.5,Fashion,48.12,4,0.366,7.8,0.397,False,Credit Card,Este,8.8,63.32
50,2.5,Electronics,245.76,2,0.108,2.7,0.23,False,Digital Wallet,Oeste,8.7,551.7
33,1.4,Electronics,179.53,2,0.02,18.2,0.137,True,Bank Transfer,Central,10.0,833.9
48,1.9,Home & Living,118.65,5,0.002,9.0,0.322,True,Credit Card,Central,7.2,893.87
42,14.2,Fashion,83.34,5,0.25,7.0,0.395,True,Bank Transfer,Oeste,8.5,497.61
56,0.6,Electronics,242.13,4,0.095,4.0,0.343,True,Credit Card,Central,6.0,1302.6
38,2.7,Home & Living,124.3,2,0.025,6.1,0.626,True,Digital Wallet,Central,7.5,466.97
50,0.5,Electronics,211.72,2,0.166,1.6,0.165,False,Bank Transfer,Sur,6.2,325.94
69,1.3,Fashion,67.86,5,0.21,8.6,0.135,False,Digital Wallet,Este,6.3,319.69
45,2.6,Fashion,64.33,7,0.515,7.7,0.342,True,Credit Card,Central,9.2,46.99
38,10.3,Electronics,154.14,3,0.297,8.5,0.131,True,Credit Card,Central,4.6,303.85
46,1.7,Electronics,152.29,2,0.005,6.4,0.238,True,Credit Card,Norte,8.9,639.33
33,0.5,Electronics,229.62,0,0.036,9.0,0.48,True,Credit Card,Central,7.5,5.0
66,1.7,Fashion,110.36,3,0.018,7.8,0.326,False,Credit Card,Este,8.3,466.97
40,0.6,Fashion,91.97,6,0.314,5.9,0.102,False,Credit Card,Norte,10.0,374.09
34,0.9,Electronics,171.66,0,0.15,5.9,0.204,False,Credit Card,Oeste,9.3,5.0
27,3.4,Home & Living,71.61,4,0.096,4.4,0.121,True,Bank Transfer,Norte,6.6,401.95
51,0.5,Electronics,141.88,1,0.074,1.1,0.598,True,Credit Card,Sur,8.8,170.75
48,2.2,Electronics,193.76,0,0.367,3.0,0.09,False,Credit Card,Norte,4.8,5.0
32,3.3,Electronics,160.65,3,0.227,3.2,0.384,False,Digital Wallet,Central,7.7,480.06
44,1.9,Electronics,136.38,2,0.134,11.1,0.46,False,Credit Card,Sur,10.0,420.22
19,0.5,Home & Living,86.89,1,0.026,1.5,0.265,True,Credit Card,Central,6.9,106.27
40,14.8,Electronics,119.19,1,0.001,1.2,0.565,True,Credit Card,Central,7.9,281.9
43,1.6,Fashion,94.27,7,0.198,1.3,0.132,False,Digital Wallet,Este,9.1,613.19
58,5.3,Home & Living,59.85,5,0.0,3.2,0.093,False,Digital Wallet,Central,7.5,381.87
28,1.4,Fashion,41.39,2,0.047,4.2,0.523,True,Digital Wallet,Este,7.9,161.57
22,2.3,Fashion,134.07,1,0.031,6.1,0.16,True,Credit Card,Oeste,8.2,245.86
27,1.7,Home & Living,82.29,1,0.134,0.8,0.365,False,Credit Card,Sur,2.0,49.59
21,1.5,Fashion,105.32,3,0.133,10.4,0.148,False,Credit Card,Central,8.5,410.52
54,0.5,Electronics,129.53,0,0.183,3.5,0.494,False,Credit Card,Sur,7.6,5.0
56,1.6,Fashion,68.37,4,0.04,3.3,0.612,False,Digital Wallet,Sur,9.8,350.28
41,7.7,Home & Living,109.34,3,0.03,3.0,0.112,True,Bank Transfer,Norte,6.9,592.1
52,4.1,Fashion,53.47,5,0.6,2.8,0.624,True,Credit Card,Sur,7.5,26.55
39,0.6,Fashion,76.26,3,0.145,2.1,0.125,False,Bank Transfer,Norte,7.2,225.1
36,3.1,Home & Living,148.55,3,0.03,11.4,0.195,True,Digital Wallet,Central,2.6,459.15
34,7.8,Fashion,107.85,9,0.344,14.4,0.652,True,Bank Transfer,Sur,5.7,587.46
34,4.2,Electronics,148.43,2,0.015,10.2,0.158,True,Digital Wallet,Sur,8.2,640.32
19,0.6,Electronics,230.31,1,0.033,5.8,0.324,True,Digital Wallet,Norte,9.0,332.77
41,7.1,Fashion,62.81,5,0.114,1.5,0.471,True,Credit Card,Norte,7.0,468.63
37,1.3,Electronics,160.02,1,0.002,2.7,0.269,False,Digital Wallet,Sur,7.3,254.51
46,2.1,Home & Living,96.71,2,0.149,7.0,0.543,False,Credit Card,Norte,3.0,133.21
39,2.6,Fashion,78.98,2,0.291,0.2,0.386,True,Credit Card,Oeste,7.6,141.98
36,6.7,Fashion,75.81,7,0.025,2.2,0.173,True,Bank Transfer,Central,8.1,987.73
27,9.4,Fashion,82.81,5,0.233,2.3,0.278,False,Credit Card,Norte,7.6,431.07
38,9.3,Fashion,67.22,3,0.049,4.8,0.257,True,Digital Wallet,Sur,7.4,441.74
46,0.5,Fashion,53.59,8,0.017,3.2,0.509,True,Bank Transfer,Sur,8.5,663.68
24,8.9,Electronics,90.51,1,0.014,5.6,0.231,True,Credit Card,Sur,5.0,208.05
39,0.5,Fashion,68.32,2,0.115,4.2,0.599,False,Digital Wallet,Norte,7.9,195.29
40,1.1,Home & Living,110.28,3,0.141,2.0,0.123,False,Credit Card,Norte,6.1,305.24
29,2.5,Fashion,34.2,5,0.114,2.4,0.229,False,Credit Card,Este,6.3,165.33
30,2.3,Fashion,79.66,5,0.099,0.6,0.092,False,Credit Card,Norte,8.6,626.86
40,3.2,Electronics,76.45,2,0.008,8.3,0.192,False,Credit Card,Este,8.2,309.33
24,2.3,Home & Living,140.34,4,0.05,5.8,0.452,False,Bank Transfer,Central,7.8,823.5
42,9.5,Home & Living,91.13,5,0.0,2.2,0.479,True,Credit Card,Sur,8.4,1083.77
27,1.0,Fashion,61.09,4,0.151,4.6,0.733,False,Bank Transfer,Sur,8.1,264.8
50,1.1,Fashion,104.92,5,0.112,6.8,0.599,True,Credit Card,Central,2.5,534.08
66,8.9,Fashion,31.48,6,0.3,8.3,0.291,False,Credit Card,Norte,7.1,137.67
27,0.5,Fashion,113.6,4,0.103,7.6,0.258,True,Bank Transfer,Este,8.6,680.44
44,3.3,Home & Living,76.12,6,0.05,2.2,0.074,True,Digital Wallet,Norte,7.0,672.85
29,4.0,Electronics,123.16,2,0.253,3.9,0.256,False,Credit Card,Sur,8.8,245.05
50,2.5,Fashion,53.04,6,0.098,3.3,0.193,False,Digital Wallet,Sur,7.6,375.42
22,4.1,Electronics,175.98,3,0.338,12.0,0.232,False,Credit Card,Norte,9.0,281.05
43,0.7,Electronics,218.1,3,0.092,1.6,0.525,False,Credit Card,Central,10.0,983.05
27,6.7,Fashion,66.74,6,0.057,4.2,0.282,True,Credit Card,Oeste,9.9,1002.97
35,0.5,Electronics,195.35,2,0.054,2.0,0.09,False,Credit Card,Central,6.7,520.76
25,1.8,Fashion,46.93,4,0.086,7.7,0.495,True,Credit Card,Este,8.4,366.98
47,0.5,Electronics,192.35,0,0.061,6.0,0.147,False,Digital Wallet,Este,5.8,5.0
27,2.8,Fashion,50.68,6,0.114,2.8,0.534,True,Credit Card,Sur,8.6,587.39
44,3.9,Electronics,110.36,2,0.035,6.2,0.691,False,Digital Wallet,Norte,7.2,367.25
33,9.9,Fashion,80.4,5,0.301,6.4,0.48,True,Digital Wallet,Sur,6.5,393.13
36,4.7,Fashion,65.03,5,0.273,3.7,0.383,True,Credit Card,Sur,7.8,338.95
39,2.7,Home & Living,67.45,2,0.447,3.2,0.124,False,Credit Card,Este,1.2,5.0
28,9.4,Home & Living,51.29,2,0.248,10.0,0.26,True,Credit Card,Norte,5.3,99.04
40,2.3,Electronics,112.66,5,0.471,4.9,0.628,True,Bank Transfer,Este,6.6,55.13
56,2.9,Electronics,157.84,0,0.137,2.2,0.238,True,Digital Wallet,Oeste,9.4,5.0
28,3.2,Fashion,115.64,7,0.202,7.2,0.794,True,Digital Wallet,Norte,3.3,735.36
52,1.8,Fashion,55.57,2,0.008,8.6,0.39,True,Digital Wallet,Norte,3.1,139.26
55,6.4,Electronics,241.76,2,0.133,10.6,0.755,False,Credit Card,Central,4.9,482.69
28,0.7,Electronics,179.29,0,0.073,4.3,0.375,True,Credit Card,Central,3.8,5.0
20,2.8,Fashion,55.58,1,0.064,0.6,0.52,True,Bank Transfer,Oeste,9.7,84.68
41,4.5,Home & Living,95.91,3,0.01,8.0,0.153,False,Credit Card,Norte,10.0,518.32
31,8.2,Home & Living,142.1,6,0.143,9.7,0.248,True,Credit Card,Este,8.5,1677.9
60,7.5,Electronics,267.61,3,0.202,6.6,0.073,True,Bank Transfer,Central,6.6,962.2
38,2.5,Fashion,72.25,3,0.015,2.6,0.301,True,Credit Card,Norte,3.7,320.55
28,3.6,Electronics,157.9,1,0.043,10.2,0.147,True,Credit Card,Norte,8.3,334.24
24,1.8,Fashion,124.89,1,0.155,3.7,0.406,True,Digital Wallet,Sur,7.5,162.73
51,2.2,Home & Living,141.89,2,0.116,7.0,0.208,False,Digital Wallet,Este,10.0,382.22
31,8.3,Home & Living,79.43,3,0.344,4.4,0.586,False,Credit Card,Central,5.3,115.12
38,9.3,Fashion,107.75,3,0.103,11.5,0.397,True,Credit Card,Norte,3.7,392.89
49,7.9,Electronics,239.73,4,0.016,5.0,0.361,True,Credit Card,Sur,3.2,1237.91
32,0.5,Fashion,67.55,4,0.37,3.7,0.217,False,Bank Transfer,Este,6.5,64.63
37,6.6,Home & Living,96.53,3,0.051,6.5,0.257,True,Credit Card,Central,5.8,608.21
37,10.4,Electronics,137.28,1,0.002,7.9,0.567,True,Digital Wallet,Central,7.3,386.97
46,1.6,Electronics,119.67,1,0.282,2.3,0.45,False,Digital Wallet,Central,7.2,82.03
45,2.6,Fashion,105.98,9,0.394,7.9,0.22,False,Credit Card,Norte,7.9,242.96
35,5.3,Fashion,55.6,7,0.101,3.9,0.339,True,Credit Card,Norte,8.8,820.4
38,2.9,Home & Living,113.66,1,0.003,8.9,0.232,False,Credit Card,Central,7.0,186.71
33,15.0,Fashion,41.42,6,0.086,3.5,0.287,False,Credit Card,Oeste,9.5,577.13
20,2.1,Fashion,43.44,4,0.229,12.4,0.255,False,Credit Card,Sur,9.0,162.89
41,4.4,Fashion,72.27,3,0.078,2.7,0.494,False,Bank Transfer,Central,8.1,338.63
60,5.5,Home & Living,126.81,3,0.001,6.3,0.282,True,Digital Wallet,Central,2.1,321.5
27,2.4,Home & Living,90.19,1,0.005,3.7,0.456,True,Digital Wallet,Oeste,4.6,115.27
28,6.8,Home & Living,128.29,4,0.012,8.4,0.231,False,Bank Transfer,Sur,8.8,726.57
27,2.8,Electronics,149.88,2,0.148,4.4,0.143,False,Digital Wallet,Sur,6.2,387.21
46,1.9,Home & Living,109.24,2,0.024,4.0,0.038,False,Bank Transfer,Norte,8.7,291.5
43,0.5,Fashion,15.0,5,0.145,2.3,0.326,False,Digital Wallet,Oeste,9.1,84.25
36,1.7,Electronics,160.83,4,0.212,5.2,0.367,True,Bank Transfer,Central,9.9,657.69
26,4.6,Electronics,223.21,1,0.015,2.3,0.331,True,Credit Card,Oeste,9.2,529.47
39,8.9,Fashion,70.3,5,0.271,3.2,0.578,True,Credit Card,Central,5.8,464.92
19,1.0,Fashion,54.74,4,0.105,17.3,0.404,True,Credit Card,Sur,8.5,389.25
39,1.5,Home & Living,116.93,3,0.006,3.1,0.495,False,Digital Wallet,Este,8.4,535.41
48,0.6,Fashion,39.21,5,0.239,7.0,0.142,True,Digital Wallet,Central,3.4,99.63
22,4.1,Electronics,142.48,1,0.02,2.4,0.672,False,Credit Card,Sur,6.7,214.83
19,11.3,Fashion,112.51,3,0.006,12.0,0.274,True,Credit Card,Norte,7.8,742.62
56,3.6,Electronics,218.7,5,0.011,4.5,0.529,True,Credit Card,Central,6.0,1846.78
30,3.4,Fashion,59.03,2,0.038,11.9,0.657,False,Credit Card,Sur,6.8,227.89
51,2.8,Fashion,73.01,3,0.587,1.3,0.223,False,Credit Card,Norte,9.4,17.72
36,0.5,Home & Living,58.6,4,0.015,4.6,0.227,True,Digital Wallet,Central,8.2,359.82
36,4.6,Fashion,37.19,5,0.026,9.9,0.181,True,Credit Card,Norte,7.8,394.71
43,3.2,Home & Living,93.57,4,0.116,8.3,0.72,False,Credit Card,Este,3.2,225.23
27,3.8,Home & Living,87.6,0,0.024,4.0,0.179,True,Digital Wallet,Sur,7.1,5.0
39,8.0,Fashion,109.16,6,0.072,4.9,0.106,True,Bank Transfer,Central,7.5,1088.35
33,5.4,Fashion,103.88,7,0.131,5.6,0.424,True,Digital Wallet,Sur,9.7,1738.13
22,5.3,Fashion,109.93,6,0.083,6.4,0.166,True,Credit Card,Norte,6.6,1413.97
42,9.2,Electronics,223.99,1,0.001,5.2,0.144,True,Credit Card,Central,9.5,510.39
34,15.0,Home & Living,90.78,1,0.143,10.0,0.335,True,Credit Card,Central,7.7,184.55
36,3.0,Home & Living,84.03,2,0.167,4.7,0.162,False,Credit Card,Este,6.6,202.77
23,0.5,Electronics,160.87,0,0.025,3.0,0.342,False,Bank Transfer,Central,10.0,5.0
57,2.2,Home & Living,17.3,4,0.029,4.5,0.225,False,Digital Wallet,Norte,8.8,71.92
48,5.4,Electronics,182.16,2,0.004,5.5,0.133,False,Credit Card,Norte,6.7,649.13
49,0.5,Home & Living,84.12,2,0.144,7.5,0.262,False,Credit Card,Norte,8.4,173.54
34,0.5,Electronics,296.27,1,0.033,6.1,0.28,False,Credit Card,Norte,7.8,473.57
18,0.5,Home & Living,78.67,0,0.013,3.7,0.224,True,Credit Card,Oeste,4.1,5.0
61,4.6,Fashion,84.71,5,0.079,8.8,0.064,False,Credit Card,Sur,9.9,851.02
37,2.4,Fashion,44.05,4,0.6,2.5,0.442,False,Digital Wallet,Norte,5.0,13.55
29,1.6,Electronics,148.55,5,0.006,4.1,0.104,True,Credit Card,Oeste,3.8,754.05
43,0.5,Electronics,107.64,3,0.015,7.0,0.287,False,Credit Card,Central,7.9,451.0
52,4.6,Electronics,123.18,0,0.068,9.5,0.257,False,Credit Card,Este,8.9,5.0
37,1.4,Home & Living,56.92,1,0.219,9.4,0.267,True,Digital Wallet,Central,7.6,60.02
53,1.1,Electronics,275.39,0,0.125,2.9,0.188,True,Digital Wallet,Norte,6.5,5.0
50,3.7,Fashion,36.83,3,0.572,2.8,0.272,False,Credit Card,Oeste,9.0,8.04
25,2.9,Home & Living,45.6,3,0.165,7.2,0.153,True,Digital Wallet,Este,3.7,93.85
29,1.6,Home & Living,73.65,3,0.118,4.1,0.539,False,Digital Wallet,Sur,6.3,298.93
49,3.6,Electronics,184.03,3,0.263,4.5,0.263,False,Bank Transfer,Central,6.5,344.7
18,1.1,Home & Living,155.37,0,0.025,8.9,0.085,False,Digital Wallet,Norte,7.0,5.0
36,5.5,Electronics,196.04,3,0.077,6.8,0.323,False,Credit Card,Norte,7.7,858.02
20,0.9,Fashion,83.46,5,0.097,8.9,0.292,False,Digital Wallet,Oeste,3.4,279.31
32,0.6,Fashion,80.64,4,0.025,3.4,0.398,True,Digital Wallet,Sur,8.0,605.36
34,5.3,Electronics,128.01,3,0.013,6.4,0.807,True,Credit Card,Este,8.7,1026.94
33,4.3,Electronics,15.0,0,0.015,5.4,0.253,False,Credit Card,Este,3.9,5.0
31,0.7,Fashion,56.22,3,0.52,3.0,0.447,False,Digital Wallet,Sur,10.0,14.63
24,0.5,Fashion,70.92,4,0.6,7.4,0.358,False,Credit Card,Este,7.5,20.44
65,6.4,Home & Living,102.85,3,0.0,8.4,0.35,True,Digital Wallet,Norte,8.6,544.2
60,5.2,Fashion,114.2,2,0.015,3.8,0.457,True,Credit Card,Sur,10.0,388.18
24,1.4,Home & Living,140.39,5,0.024,2.7,0.485,False,Digital Wallet,Central,8.8,836.76
56,3.8,Fashion,87.64,4,0.036,2.9,0.167,True,Digital Wallet,Central,3.2,341.22
33,0.5,Home & Living,74.4,3,0.498,3.2,0.4,False,Digital Wallet,Norte,4.7,11.63
39,2.5,Fashion,45.45,4,0.024,5.3,0.432,True,Credit Card,Este,9.0,487.74
37,0.5,Home & Living,70.33,1,0.002,3.6,0.348,False,Credit Card,Sur,8.5,91.77
30,1.7,Electronics,105.13,1,0.056,9.3,0.175,False,Bank Transfer,Este,7.6,144.2
49,0.5,Fashion,72.05,3,0.012,8.2,0.486,False,Credit Card,Central,10.0,302.42
39,2.3,Electronics,108.52,2,0.049,2.9,0.177,True,Credit Card,Central,6.6,350.13
32,1.9,Electronics,279.58,1,0.027,14.9,0.435,False,Digital Wallet,Este,6.0,363.15
22,2.1,Fashion,95.6,3,0.005,0.5,0.437,False,Credit Card,Oeste,4.7,268.9
27,0.5,Fashion,47.73,2,0.097,9.1,0.535,True,Credit Card,Sur,9.5,180.27
18,1.6,Electronics,71.29,1,0.068,7.7,0.253,True,Credit Card,Norte,6.0,120.38
38,4.9,Fashion,51.98,4,0.008,3.9,0.66,True,Credit Card,Este,6.6,452.6
23,1.6,Fashion,55.57,3,0.008,4.2,0.269,True,Credit Card,Sur,7.4,264.83
34,4.4,Electronics,197.43,2,0.008,1.9,0.377,False,Credit Card,Sur,8.6,842.16
54,1.6,Fashion,78.34,6,0.276,6.4,0.372,False,Credit Card,Sur,7.9,366.96
52,1.9,Fashion,30.38,3,0.274,8.2,0.65,True,Credit Card,Este,7.9,74.24
37,2.9,Electronics,118.6,1,0.004,1.6,0.632,False,Digital Wallet,Central,10.0,191.84
36,10.5,Home & Living,35.51,4,0.011,6.1,0.361,False,Credit Card,Este,7.9,299.48
60,0.5,Fashion,88.26,3,0.465,5.6,0.118,False,Credit Card,Este,6.9,16.85
44,0.5,Home & Living,92.58,3,0.162,10.5,0.528,False,Credit Card,Oeste,9.1,258.71
34,3.3,Electronics,196.5,4,0.087,2.7,0.355,True,Credit Card,Central,8.5,1148.32
20,10.4,Home & Living,111.17,6,0.031,4.7,0.323,True,Credit Card,Norte,8.5,1494.32
42,15.0,Electronics,289.79,0,0.003,3.2,0.229,True,Credit Card,Norte,7.6,5.0
47,2.3,Fashion,78.13,5,0.353,3.0,0.415,False,Credit Card,Oeste,4.6,89.67
30,2.2,Electronics,243.58,0,0.303,4.5,0.335,False,Bank Transfer,Norte,5.0,5.0
41,3.6,Home & Living,58.39,1,0.0,1.5,0.312,False,Credit Card,Norte,6.7,92.5
33,2.8,Fashion,40.5,4,0.428,5.0,0.293,False,Credit Card,Este,8.7,12.25
35,3.5,Electronics,117.21,3,0.008,0.1,0.282,False,Credit Card,Central,8.2,752.32
18,7.3,Electronics,190.43,0,0.402,10.8,0.183,True,Credit Card,Central,8.5,5.0
35,4.8,Electronics,90.39,3,0.243,3.2,0.231,True,Credit Card,Central,6.7,360.17
49,2.4,Electronics,105.75,0,0.101,5.8,0.156,False,Credit Card,Sur,7.6,5.0
30,2.2,Fashion,26.25,3,0.11,3.7,0.082,False,Credit Card,Sur,9.4,92.81
38,3.6,Fashion,38.59,3,0.238,4.5,0.405,False,Credit Card,Norte,6.4,101.23
28,2.1,Home & Living,161.4,2,0.029,1.9,0.179,False,Credit Card,Central,8.0,371.49
42,2.1,Home & Living,63.45,4,0.07,3.1,0.311,False,Credit Card,Este,4.7,223.83
35,0.5,Fashion,25.94,4,0.072,6.9,0.601,True,Credit Card,Sur,7.8,202.82
26,0.7,Electronics,142.37,3,0.134,3.8,0.154,False,Bank Transfer,Central,9.5,453.53
53,2.3,Fashion,105.87,4,0.19,8.1,0.284,True,Digital Wallet,Este,1.3,223.21
49,6.1,Fashion,105.73,1,0.066,4.3,0.078,False,Credit Card,Central,3.6,84.04
30,1.1,Fashion,64.44,2,0.227,2.9,0.221,False,Credit Card,Este,10.0,144.42
43,2.6,Fashion,68.28,9,0.077,3.2,0.299,False,Digital Wallet,Central,8.9,842.2
44,1.5,Home & Living,76.78,1,0.163,5.5,0.559,False,Credit Card,Central,7.9,82.19
45,0.5,Home & Living,89.96,4,0.193,2.8,0.148,False,Credit Card,Sur,8.7,293.45
18,11.1,Electronics,218.73,1,0.359,4.5,0.131,True,Credit Card,Central,8.0,100.85
50,6.8,Electronics,215.98,0,0.011,3.0,0.106,False,Bank Transfer,Este,8.1,5.0
31,0.5,Home & Living,97.49,4,0.003,3.7,0.117,True,Digital Wallet,Sur,9.8,658.97
33,4.5,Home & Living,99.26,2,0.052,16.6,0.688,True,Credit Card,Central,6.3,476.22
69,1.5,Electronics,222.9,1,0.292,2.9,0.176,False,Bank Transfer,Sur,8.3,106.63
41,15.0,Fashion,91.76,3,0.299,9.0,0.794,True,Digital Wallet,Norte,8.1,283.7
33,1.3,Fashion,77.81,3,0.308,3.3,0.654,False,Credit Card,Este,7.5,174.34
18,1.0,Fashion,68.72,4,0.6,2.6,0.275,True,Digital Wallet,Norte,7.8,21.39
54,2.9,Electronics,198.03,5,0.389,4.5,0.281,False,Digital Wallet,Sur,1.6,91.05
21,6.3,Home & Living,79.04,7,0.039,2.9,0.228,True,Credit Card,Sur,6.1,946.35
25,0.7,Fashion,59.63,4,0.125,5.1,0.369,False,Credit Card,Norte,6.3,271.23
34,4.3,Electronics,242.04,3,0.283,1.9,0.047,False,Digital Wallet,Oeste,7.3,446.16
54,0.5,Fashion,82.09,3,0.151,4.2,0.383,False,Bank Transfer,Sur,8.4,206.74
47,8.8,Fashion,105.44,2,0.6,2.8,0.226,True,Credit Card,Oeste,8.7,22.35
36,0.5,Home & Living,102.78,1,0.006,4.0,0.357,False,Credit Card,Sur,7.0,129.91
41,8.6,Electronics,230.09,3,0.151,3.1,0.236,True,Digital Wallet,Este,6.8,1099.13
30,2.4,Home & Living,144.88,3,0.058,6.6,0.629,True,Digital Wallet,Este,7.4,791.03
39,2.1,Electronics,160.56,2,0.002,4.3,0.716,True,Digital Wallet,Norte,6.9,564.69
38,12.7,Fashion,87.37,4,0.577,5.2,0.471,True,Bank Transfer,Central,9.0,51.37
49,15.0,Fashion,62.02,4,0.031,4.3,0.155,False,Bank Transfer,Norte,8.6,376.91
49,3.7,Fashion,103.33,4,0.032,4.5,0.27,False,Credit Card,Sur,8.0,643.38
43,0.5,Fashion,103.21,0,0.07,6.5,0.146,False,Digital Wallet,Este,8.2,5.0
33,2.5,Home & Living,66.66,1,0.326,9.3,0.179,True,Credit Card,Central,7.9,44.95
46,2.6,Fashion,92.96,6,0.151,12.8,0.582,False,Credit Card,Este,8.4,772.98
36,2.5,Fashion,102.54,4,0.031,1.7,0.567,False,Bank Transfer,Este,4.0,390.9
25,2.9,Electronics,240.93,0,0.268,5.2,0.511,True,Digital Wallet,Norte,7.6,5.0
33,0.5,Electronics,164.05,1,0.167,10.1,0.268,False,Digital Wallet,Este,5.0,171.85
39,4.3,Electronics,56.01,2,0.161,7.6,0.336,True,Credit Card,Norte,7.1,181.81
48,4.4,Home & Living,77.21,1,0.422,8.8,0.259,False,Credit Card,Este,4.3,5.0
35,0.5,Home & Living,41.63,4,0.192,1.5,0.271,False,Bank Transfer,Sur,8.5,117.74
23,3.0,Home & Living,57.1,0,0.001,2.6,0.233,False,Credit Card,Sur,6.9,5.0
38,2.9,Electronics,240.88,1,0.201,7.1,0.587,False,Credit Card,Sur,8.6,271.12
39,4.0,Fashion,83.5,3,0.246,2.0,0.477,True,Credit Card,Central,8.7,267.33
40,0.5,Electronics,166.88,1,0.171,4.0,0.443,False,Credit Card,Central,9.3,191.32
49,3.4,Home & Living,130.1,0,0.123,9.3,0.454,False,Bank Transfer,Este,8.7,5.0
50,1.2,Fashion,84.01,8,0.024,6.3,0.07,False,Credit Card,Sur,8.8,937.22
30,2.5,Electronics,176.02,2,0.024,1.8,0.31,False,Bank Transfer,Norte,7.1,524.6
30,5.2,Fashion,60.07,5,0.003,5.7,0.098,False,Digital Wallet,Este,9.5,707.35
25,4.3,Electronics,196.55,3,0.116,2.1,0.451,True,Credit Card,Central,2.6,696.84
46,0.5,Fashion,81.03,8,0.004,6.5,0.119,True,Credit Card,Sur,7.6,1595.57
55,3.1,Fashion,88.88,7,0.207,7.2,0.29,False,Credit Card,Norte,10.0,590.51
34,12.2,Fashion,76.9,4,0.013,7.7,0.348,True,Credit Card,Central,3.6,597.39
35,0.6,Home & Living,82.02,2,0.028,1.8,0.465,True,Credit Card,Norte,3.0,165.51
55,6.7,Fashion,116.64,9,0.31,1.8,0.439,False,Digital Wallet,Este,7.2,584.26
44,4.2,Fashion,101.5,7,0.148,7.4,0.293,False,Digital Wallet,Central,7.8,1118.65
43,5.2,Home & Living,129.28,4,0.059,11.4,0.276,False,Credit Card,Central,8.6,753.46
23,1.2,Fashion,87.62,3,0.032,2.7,0.464,True,Digital Wallet,Oeste,3.3,273.29
46,1.2,Electronics,84.53,1,0.045,3.4,0.178,True,Credit Card,Este,7.3,130.0
26,8.3,Home & Living,80.42,5,0.317,1.4,0.287,True,Bank Transfer,Central,8.9,308.92
24,1.6,Electronics,132.97,0,0.082,3.9,0.238,True,Digital Wallet,Este,6.9,5.0
33,0.5,Electronics,240.99,2,0.069,1.4,0.28,False,Credit Card,Norte,8.0,634.93
30,3.2,Electronics,280.0,4,0.028,2.6,0.567,True,Digital Wallet,Sur,8.5,1675.5
35,0.5,Electronics,191.89,1,0.015,0.8,0.82,False,Digital Wallet,Central,7.7,300.5
20,5.6,Electronics,174.5,5,0.139,7.1,0.293,True,Credit Card,Norte,8.5,1244.73
49,3.6,Electronics,107.27,0,0.141,4.4,0.095,False,Credit Card,Norte,7.8,5.0
51,7.3,Fashion,125.85,0,0.005,5.7,0.277,True,Bank Transfer,Central,7.9,5.0
18,5.4,Electronics,268.22,1,0.232,5.2,0.301,False,Credit Card,Sur,8.9,277.65
49,0.5,Electronics,199.32,2,0.027,5.5,0.643,True,Bank Transfer,Central,8.3,676.52
28,1.7,Fashion,93.19,1,0.037,1.0,0.093,True,Digital Wallet,Central,2.6,85.35
48,5.2,Electronics,252.17,1,0.031,8.3,0.295,True,Credit Card,Norte,9.4,586.58
37,1.9,Electronics,218.3,2,0.167,4.2,0.416,False,Credit Card,Norte,3.3,358.39
38,12.6,Fashion,65.9,8,0.552,4.7,0.115,True,Digital Wallet,Central,8.6,59.98
35,4.7,Electronics,191.89,4,0.007,2.5,0.406,True,Digital Wallet,Sur,8.1,2134.61
52,0.5,Electronics,137.76,3,0.0,10.9,0.285,False,Credit Card,Central,8.3,446.81
23,7.4,Fashion,143.58,4,0.17,2.6,0.502,True,Credit Card,Norte,2.8,536.53
45,0.5,Fashion,102.51,3,0.255,4.0,0.342,True,Credit Card,Central,6.3,268.47
51,0.5,Fashion,70.56,6,0.302,3.8,0.582,False,Bank Transfer,Este,8.5,199.06
46,4.6,Home & Living,123.2,0,0.015,3.6,0.313,False,Bank Transfer,Sur,8.0,5.0
65,7.0,Fashion,15.0,5,0.15,4.0,0.335,False,Digital Wallet,Sur,7.1,92.71
31,2.7,Fashion,91.87,2,0.084,7.1,0.381,False,Credit Card,Central,7.8,280.94
49,1.2,Electronics,130.45,3,0.071,4.2,0.206,True,Credit Card,Central,3.2,357.75
36,1.5,Home & Living,129.06,1,0.001,3.4,0.555,False,Credit Card,Central,7.3,208.32
52,1.5,Electronics,52.32,3,0.001,6.0,0.335,False,Credit Card,Central,5.7,183.43
37,1.4,Fashion,43.55,2,0.105,10.6,0.621,True,Bank Transfer,Norte,8.2,195.62
33,1.0,Fashion,87.02,4,0.027,3.4,0.1,False,Credit Card,Sur,6.4,526.95
53,3.3,Fashion,119.64,4,0.281,2.2,0.157,False,Credit Card,Central,8.2,321.13
32,8.1,Home & Living,75.5,6,0.001,3.4,0.208,True,Credit Card,Central,4.6,629.89
21,1.3,Home & Living,103.69,6,0.02,1.1,0.293,True,Credit Card,Sur,8.6,795.83
31,0.7,Electronics,230.02,1,0.165,1.2,0.124,False,Digital Wallet,Norte,8.4,201.05
45,6.4,Electronics,173.55,4,0.268,5.9,0.174,True,Digital Wallet,Central,8.3,854.41
54,4.7,Home & Living,116.79,0,0.001,3.1,0.816,True,Digital Wallet,Sur,3.6,5.0
39,9.3,Fashion,104.69,2,0.266,3.5,0.213,True,Digital Wallet,Central,6.6,219.56
53,0.6,Fashion,61.5,2,0.377,5.0,0.419,True,Credit Card,Norte,8.4,41.34
21,0.5,Fashion,116.93,4,0.112,3.5,0.58,False,Digital Wallet,Sur,4.1,319.76
32,2.7,Fashion,67.31,5,0.262,1.1,0.379,True,Credit Card,Oeste,7.2,387.76
34,3.3,Home & Living,88.96,8,0.011,5.7,0.496,True,Bank Transfer,Oeste,7.6,1129.76
36,2.3,Fashion,49.09,3,0.014,1.4,0.273,False,Bank Transfer,Norte,7.7,189.95
39,3.2,Fashion,59.44,5,0.115,4.0,0.344,True,Digital Wallet,Norte,7.5,530.79
46,0.7,Fashion,84.26,4,0.193,1.4,0.355,False,Credit Card,Central,3.7,193.61
32,2.3,Home & Living,109.75,3,0.414,3.3,0.176,False,Digital Wallet,Este,8.5,41.6
39,3.8,Fashion,54.49,6,0.019,8.3,0.518,True,Digital Wallet,Sur,8.6,728.09
37,2.0,Fashion,97.25,8,0.114,2.7,0.092,False,Bank Transfer,Norte,8.3,864.55
26,4.0,Home & Living,127.24,1,0.106,10.4,0.068,False,Credit Card,Oeste,7.3,179.44
36,2.1,Fashion,64.25,12,0.22,1.5,0.604,False,Credit Card,Norte,9.5,701.66
36,1.4,Fashion,41.64,6,0.012,3.2,0.189,False,Credit Card,Central,10.0,479.11
36,1.3,Fashion,53.29,7,0.232,13.5,0.304,False,Bank Transfer,Central,6.6,401.49
38,1.9,Fashion,81.09,8,0.256,4.3,0.408,False,Digital Wallet,Este,9.6,568.26
38,0.5,Electronics,136.09,3,0.148,7.8,0.343,False,Digital Wallet,Central,9.0,382.23
32,3.9,Fashion,67.61,9,0.505,2.5,0.318,True,Digital Wallet,Central,3.0,43.01
53,6.5,Fashion,104.74,2,0.002,5.8,0.187,False,Bank Transfer,Sur,7.9,281.07
23,1.5,Fashion,74.66,4,0.148,4.5,0.182,True,Credit Card,Central,3.1,281.43
29,0.5,Home & Living,128.27,4,0.46,1.9,0.183,False,Credit Card,Central,7.2,36.56
71,15.0,Fashion,92.8,7,0.086,17.7,0.421,True,Credit Card,Sur,7.9,1215.68
25,1.1,Home & Living,111.96,4,0.061,2.6,0.073,False,Credit Card,Central,9.0,603.68
21,0.5,Electronics,227.02,1,0.276,7.1,0.359,True,Credit Card,Central,7.0,134.42
46,1.6,Electronics,238.87,2,0.03,7.5,0.253,False,Digital Wallet,Este,7.5,556.87
18,4.7,Fashion,121.79,3,0.045,6.3,0.686,True,Digital Wallet,Este,6.6,789.44
35,1.2,Fashion,68.35,1,0.531,1.5,0.1,False,Bank Transfer,Norte,8.5,5.85
63,3.0,Electronics,214.08,5,0.108,6.2,0.383,True,Digital Wallet,Norte,8.8,1561.5
19,1.9,Electronics,205.53,0,0.098,12.3,0.35,False,Credit Card,Sur,3.5,5.0
18,0.5,Fashion,70.8,8,0.108,6.3,0.059,True,Credit Card,Norte,5.0,545.3
20,1.4,Fashion,106.8,2,0.21,1.6,0.494,True,Bank Transfer,Sur,9.8,175.2
48,4.5,Fashion,123.31,4,0.276,2.8,0.209,False,Digital Wallet,Sur,7.2,350.17
51,3.3,Home & Living,98.48,3,0.005,9.2,0.204,False,Credit Card,Oeste,8.9,426.72
31,0.5,Home & Living,99.07,5,0.001,10.4,0.325,False,Digital Wallet,Este,6.4,678.89
46,0.6,Fashion,52.64,3,0.225,3.4,0.403,True,Credit Card,Norte,4.5,120.16
54,3.6,Fashion,15.0,6,0.027,1.4,0.254,False,Bank Transfer,Norte,8.3,114.06
59,5.9,Fashion,87.93,6,0.434,6.8,0.171,True,Bank Transfer,Sur,7.2,45.84
35,1.5,Home & Living,139.45,4,0.002,5.4,0.142,False,Credit Card,Este,9.5,1020.8
18,3.2,Home & Living,135.31,4,0.005,6.1,0.261,False,Credit Card,Oeste,6.0,651.68
28,0.7,Electronics,146.49,2,0.166,3.0,0.362,True,Digital Wallet,Central,10.0,416.1
32,1.3,Electronics,230.34,2,0.07,8.4,0.233,True,Credit Card,Este,8.0,856.38
34,0.5,Electronics,318.09,6,0.178,11.6,0.377,False,Credit Card,Norte,4.3,1438.43
35,5.1,Fashion,81.58,3,0.081,1.6,0.248,True,Credit Card,Norte,1.0,219.04
51,1.8,Fashion,92.45,3,0.13,7.9,0.475,False,Digital Wallet,Oeste,5.0,251.85
53,5.9,Fashion,108.82,6,0.066,0.4,0.169,False,Digital Wallet,Central,7.1,816.92
35,4.3,Electronics,274.21,1,0.291,4.3,0.263,False,Credit Card,Norte,3.2,158.47
51,6.2,Fashion,69.66,4,0.348,3.2,0.099,False,Digital Wallet,Central,2.9,51.73
42,1.2,Home & Living,124.89,6,0.18,3.9,0.422,False,Credit Card,Central,5.1,584.21
38,0.7,Fashion,45.16,6,0.6,2.4,0.289,False,Credit Card,Central,5.6,20.13
48,12.5,Electronics,245.35,1,0.001,3.1,0.188,True,Bank Transfer,Oeste,7.5,542.32
38,4.4,Fashion,38.57,7,0.138,6.3,0.719,True,Digital Wallet,Central,7.8,582.89
62,6.3,Fashion,84.77,3,0.176,6.6,0.12,True,Digital Wallet,Oeste,7.6,296.04
20,0.5,Home & Living,92.23,3,0.001,5.1,0.242,False,Bank Transfer,Central,8.5,294.92
31,1.5,Fashion,36.23,6,0.014,1.7,0.428,True,Credit Card,Oeste,6.7,394.74
36,4.8,Fashion,37.65,1,0.378,9.6,0.215,False,Digital Wallet,Central,7.3,11.89
43,0.5,Fashion,53.66,3,0.043,1.5,0.513,False,Digital Wallet,Central,8.1,165.63
53,2.9,Fashion,66.4,3,0.032,3.7,0.395,False,Credit Card,Sur,8.1,292.05
37,2.0,Fashion,112.01,8,0.029,6.7,0.571,True,Credit Card,Sur,7.2,2407.85
20,0.5,Electronics,201.62,5,0.031,7.3,0.443,False,Digital Wallet,Sur,8.2,1213.32
48,0.9,Fashion,88.66,4,0.522,4.2,0.363,True,Digital Wallet,Sur,7.8,30.68
47,1.2,Electronics,143.7,1,0.144,6.6,0.26,False,Digital Wallet,Este,7.9,153.97
18,0.5,Electronics,134.8,3,0.125,2.7,0.292,True,Credit Card,Sur,4.7,300.56
37,3.5,Fashion,74.82,5,0.233,9.0,0.661,True,Credit Card,Oeste,3.9,368.38
18,1.0,Electronics,263.49,0,0.014,4.4,0.257,False,Credit Card,Oeste,8.4,5.0
30,1.1,Electronics,167.71,0,0.01,4.6,0.309,True,Credit Card,Sur,9.3,5.0
27,8.0,Fashion,57.86,2,0.47,5.1,0.336,True,Credit Card,Norte,8.1,14.2
47,2.2,Fashion,120.37,5,0.028,6.5,0.392,False,Bank Transfer,Norte,7.9,762.05
39,1.7,Electronics,200.67,0,0.074,6.6,0.161,False,Digital Wallet,Norte,7.5,5.0
22,4.5,Fashion,80.22,3,0.404,2.8,0.077,True,Credit Card,Oeste,9.0,50.97
48,8.4,Electronics,134.22,2,0.343,4.6,0.219,True,Bank Transfer,Central,8.5,165.1
20,0.5,Electronics,131.8,3,0.015,6.9,0.204,False,Digital Wallet,Oeste,9.0,394.03
41,2.1,Fashion,65.79,14,0.243,5.4,0.144,True,Bank Transfer,Norte,10.0,948.71
28,3.3,Electronics,246.7,0,0.0,6.3,0.237,True,Credit Card,Central,7.6,5.0
33,1.3,Home & Living,159.99,1,0.076,4.7,0.345,False,Digital Wallet,Sur,7.0,202.47
44,5.2,Electronics,156.5,2,0.095,4.4,0.476,False,Bank Transfer,Norte,7.5,398.93
44,12.4,Home & Living,88.84,2,0.006,3.9,0.136,False,Bank Transfer,Sur,9.1,345.46
54,10.1,Home & Living,106.49,1,0.121,6.5,0.58,True,Digital Wallet,Norte,9.6,187.12
37,1.1,Home & Living,65.82,3,0.051,2.0,0.396,False,Credit Card,Central,7.3,235.03
41,0.9,Fashion,55.17,3,0.313,1.8,0.37,False,Credit Card,Central,8.4,97.8
32,11.1,Home & Living,153.46,2,0.052,1.4,0.289,False,Bank Transfer,Este,5.6,427.53
40,2.1,Home & Living,69.25,0,0.003,5.7,0.453,True,Credit Card,Central,8.2,5.0
43,0.8,Electronics,291.63,1,0.126,3.0,0.19,False,Credit Card,Norte,10.0,316.67
36,4.3,Fashion,102.08,2,0.212,5.4,0.142,False,Credit Card,Sur,3.3,139.95
18,1.2,Electronics,138.56,2,0.054,4.2,0.163,False,Credit Card,Central,8.3,300.49
41,1.1,Fashion,78.71,3,0.033,12.0,0.123,True,Digital Wallet,Norte,6.9,457.41
42,7.4,Fashion,39.74,6,0.214,0.5,0.316,True,Credit Card,Central,10.0,344.12
29,0.6,Electronics,144.37,3,0.002,3.3,0.077,False,Digital Wallet,Este,7.1,490.04
22,0.5,Home & Living,160.9,4,0.339,2.1,0.549,True,Credit Card,Central,8.1,273.64
55,1.1,Electronics,116.67,4,0.198,2.1,0.065,False,Credit Card,Sur,7.7,359.04
43,3.3,Home & Living,112.57,1,0.0,3.8,0.401,True,Credit Card,Norte,6.5,164.62
35,0.5,Electronics,145.03,1,0.08,15.9,0.132,False,Credit Card,Norte,6.7,205.85
24,2.2,Fashion,22.72,5,0.0,8.1,0.449,False,Bank Transfer,Norte,8.6,201.15
28,3.5,Electronics,136.2,2,0.021,5.3,0.127,True,Credit Card,Central,8.0,629.86
53,6.6,Electronics,236.41,2,0.001,2.1,0.445,False,Credit Card,Norte,8.0,591.15
39,0.9,Fashion,31.39,4,0.004,2.7,0.354,False,Credit Card,Este,8.6,177.7
31,6.0,Electronics,172.11,1,0.0,5.3,0.148,False,Credit Card,Oeste,4.5,195.12
44,0.9,Fashion,56.97,7,0.427,5.9,0.4,True,Digital Wallet,Central,2.2,15.82
28,4.0,Home & Living,144.12,1,0.061,4.2,0.297,True,Bank Transfer,Central,7.8,221.43
56,2.0,Electronics,228.97,0,0.454,3.5,0.12,False,Credit Card,Sur,7.6,5.0
54,0.5,Home & Living,87.5,2,0.089,3.2,0.251,True,Digital Wallet,Sur,9.3,223.48
32,4.4,Electronics,93.22,2,0.075,0.8,0.082,False,Digital Wallet,Norte,7.4,250.45
30,0.9,Electronics,143.9,3,0.159,2.8,0.359,False,Bank Transfer,Norte,9.7,416.48
18,0.7,Electronics,245.37,1,0.145,4.8,0.059,False,Digital Wallet,Norte,7.0,217.19
20,1.6,Home & Living,127.9,4,0.023,4.3,0.376,False,Credit Card,Central,7.4,692.29
21,3.7,Electronics,184.62,0,0.274,5.0,0.265,True,Digital Wallet,Oeste,8.2,5.0
39,0.9,Home & Living,95.49,3,0.0,2.8,0.58,False,Digital Wallet,Norte,6.7,372.17
34,0.7,Home & Living,122.07,2,0.098,6.8,0.448,True,Credit Card,Central,7.8,405.15
21,0.5,Fashion,112.57,4,0.355,4.9,0.477,False,Credit Card,Norte,7.5,139.67
34,2.2,Fashion,65.63,4,0.013,5.0,0.292,False,Bank Transfer,Oeste,6.5,394.04
44,2.0,Home & Living,139.51,1,0.0,3.5,0.133,False,Credit Card,Este,6.6,218.65
44,0.9,Fashion,94.18,4,0.231,5.9,0.181,True,Credit Card,Oeste,8.5,401.84
18,0.5,Electronics,172.34,2,0.6,5.8,0.145,False,Digital Wallet,Central,2.2,10.1
36,2.0,Fashion,55.0,3,0.405,11.1,0.209,False,Digital Wallet,Norte,8.1,32.06
21,5.4,Home & Living,102.43,5,0.274,5.7,0.532,True,Credit Card,Oeste,5.9,455.58
48,4.4,Home & Living,106.97,4,0.002,11.5,0.455,True,Credit Card,Central,6.9,901.81
47,6.9,Electronics,277.7,2,0.043,1.7,0.249,True,Bank Transfer,Norte,6.3,1050.28
27,0.5,Electronics,106.5,2,0.19,6.7,0.095,False,Credit Card,Este,2.9,116.46
28,11.9,Home & Living,108.99,6,0.003,5.3,0.258,True,Credit Card,Central,6.3,1714.22
32,1.5,Electronics,129.79,1,0.025,8.4,0.735,False,Credit Card,Central,2.7,113.9
18,15.0,Fashion,58.21,3,0.254,12.2,0.158,True,Credit Card,Este,9.1,222.16
42,1.0,Electronics,281.96,2,0.009,1.8,0.478,False,Bank Transfer,Norte,5.8,640.42
34,2.2,Home & Living,183.67,1,0.122,4.8,0.289,False,Credit Card,Central,6.4,215.24
49,1.5,Home & Living,103.74,2,0.0,12.3,0.551,False,Credit Card,Norte,6.2,236.44
24,1.5,Electronics,185.02,1,0.04,5.1,0.41,True,Credit Card,Sur,7.4,376.83
30,6.5,Electronics,204.06,1,0.03,5.9,0.444,False,Credit Card,Este,6.4,326.04
19,4.8,Fashion,128.2,4,0.098,4.2,0.076,False,Credit Card,Norte,6.8,772.12
25,15.0,Electronics,203.41,2,0.023,0.9,0.337,False,Credit Card,Sur,9.2,703.38
23,3.3,Fashion,72.62,3,0.058,2.9,0.191,False,Digital Wallet,Central,8.5,340.97
49,2.2,Fashion,113.81,5,0.148,3.0,0.311,False,Bank Transfer,Central,2.7,293.48
29,0.5,Electronics,82.19,2,0.092,9.3,0.313,False,Credit Card,Oeste,7.7,254.18
39,15.0,Fashion,96.9,0,0.6,5.3,0.459,True,Credit Card,Este,8.2,5.0
33,2.8,Home & Living,61.73,3,0.046,3.9,0.085,False,Credit Card,Oeste,7.8,311.29
22,4.2,Fashion,98.02,6,0.121,6.8,0.302,False,Credit Card,Este,4.9,532.16
35,1.8,Electronics,170.6,0,0.03,3.0,0.153,False,Digital Wallet,Central,7.3,5.0
45,2.8,Fashion,64.92,4,0.083,15.2,0.133,False,Digital Wallet,Central,8.7,404.06
23,10.0,Home & Living,58.54,3,0.001,1.5,0.497,True,Digital Wallet,Sur,6.7,307.74
47,0.6,Fashion,33.15,7,0.005,3.5,0.247,False,Credit Card,Este,7.9,347.12
27,1.2,Electronics,234.07,1,0.083,6.3,0.255,True,Digital Wallet,Este,9.1,410.29
32,0.6,Electronics,117.61,0,0.007,4.8,0.305,False,Digital Wallet,Norte,7.7,5.0
44,5.5,Home & Living,74.03,3,0.0,4.3,0.257,True,Credit Card,Central,6.9,352.93
30,0.5,Home & Living,71.26,5,0.117,3.0,0.228,False,Bank Transfer,Central,6.4,328.98
38,0.5,Fashion,78.34,5,0.18,5.3,0.251,False,Credit Card,Este,5.0,341.29
34,1.2,Electronics,175.62,1,0.061,0.4,0.423,False,Credit Card,Central,8.6,264.59
39,2.5,Fashion,87.61,10,0.256,4.5,0.488,True,Credit Card,Central,8.1,793.97
18,1.8,Home & Living,83.67,1,0.093,4.6,0.282,True,Digital Wallet,Sur,3.0,52.99
18,0.5,Fashion,85.35,3,0.015,5.8,0.332,False,Digital Wallet,Central,5.6,273.23
45,11.1,Electronics,202.31,0,0.009,5.8,0.299,False,Credit Card,Central,8.2,5.0
50,10.7,Fashion,72.35,4,0.031,5.6,0.389,True,Bank Transfer,Oeste,8.0,589.87
27,1.1,Home & Living,141.42,3,0.046,5.3,0.488,False,Credit Card,Central,6.0,587.68
35,4.6,Electronics,93.5,1,0.005,2.8,0.119,True,Credit Card,Oeste,3.2,113.49
41,3.0,Fashion,35.4,3,0.174,9.0,0.678,False,Credit Card,Central,6.4,136.06
46,0.9,Fashion,101.65,3,0.397,3.0,0.173,False,Digital Wallet,Central,8.3,61.74
18,1.1,Fashion,51.09,4,0.201,2.4,0.129,False,Bank Transfer,Central,9.1,149.9
27,2.4,Fashion,78.85,3,0.209,7.6,0.547,False,Digital Wallet,Oeste,7.2,270.73
34,1.9,Fashion,83.04,3,0.092,12.9,0.207,False,Credit Card,Este,8.1,442.52
46,1.2,Electronics,158.25,3,0.057,1.9,0.303,False,Credit Card,Central,8.1,589.65
67,5.8,Electronics,197.3,4,0.21,7.3,0.249,False,Credit Card,Oeste,3.8,419.26
35,2.3,Fashion,66.86,5,0.053,7.2,0.287,False,Bank Transfer,Central,9.4,497.54
21,3.7,Electronics,161.75,2,0.057,2.7,0.599,False,Digital Wallet,Sur,7.1,437.25
42,0.7,Fashion,118.78,4,0.004,7.4,0.059,False,Credit Card,Central,5.3,625.38
53,2.7,Fashion,74.03,9,0.111,3.3,0.33,False,Bank Transfer,Central,7.4,565.11
39,1.3,Electronics,297.32,1,0.358,2.6,0.591,False,Digital Wallet,Oeste,5.0,95.83
27,2.6,Fashion,125.67,3,0.072,3.1,0.605,True,Bank Transfer,Este,7.5,671.37
49,5.3,Fashion,95.06,6,0.043,2.3,0.205,True,Credit Card,Central,8.5,1150.38
45,5.1,Electronics,217.26,1,0.033,2.0,0.17,True,Bank Transfer,Norte,6.7,305.26
25,1.5,Fashion,44.76,5,0.073,3.6,0.231,True,Credit Card,Norte,5.0,339.44
42,4.1,Home & Living,91.88,4,0.016,7.8,0.273,True,Bank Transfer,Central,8.7,694.04
49,9.9,Fashion,47.92,3,0.098,6.7,0.288,True,Digital Wallet,Sur,7.0,271.54
52,3.4,Fashion,42.37,3,0.014,4.2,0.356,True,Credit Card,Sur,8.5,245.39
37,0.6,Electronics,218.88,2,0.38,4.8,0.422,False,Bank Transfer,Norte,5.6,89.72
33,4.0,Electronics,151.51,1,0.375,5.3,0.115,False,Credit Card,Este,8.6,53.09
52,0.5,Electronics,195.7,2,0.003,2.0,0.359,True,Digital Wallet,Norte,8.5,628.47
23,7.2,Home & Living,149.83,1,0.164,2.7,0.563,True,Credit Card,Central,8.5,263.22
43,2.5,Fashion,65.77,5,0.027,4.1,0.553,False,Credit Card,Norte,9.9,478.54
21,1.7,Electronics,166.04,0,0.038,12.7,0.272,True,Digital Wallet,Central,7.4,5.0
50,0.5,Fashion,74.1,2,0.009,5.8,0.294,True,Bank Transfer,Oeste,6.3,192.14
34,1.7,Electronics,108.7,2,0.247,2.2,0.272,True,Credit Card,Este,7.3,239.95
53,8.2,Electronics,224.64,4,0.018,8.4,0.401,True,Bank Transfer,Central,7.1,1255.04
43,0.5,Fashion,48.96,6,0.307,6.9,0.577,False,Bank Transfer,Sur,7.7,165.17
23,2.3,Electronics,166.24,2,0.042,5.7,0.442,False,Credit Card,Norte,3.0,244.74
55,9.4,Fashion,45.21,11,0.056,4.1,0.378,True,Digital Wallet,Norte,9.8,1066.06
56,1.8,Electronics,129.0,0,0.1,4.2,0.349,False,Credit Card,Norte,7.1,5.0
48,2.0,Fashion,66.89,3,0.084,4.1,0.206,False,Digital Wallet,Norte,9.1,274.27
28,3.0,Home & Living,73.35,1,0.003,1.9,0.021,False,Credit Card,Oeste,8.0,114.08
34,2.2,Home & Living,45.38,3,0.006,2.4,0.296,False,Credit Card,Central,2.9,136.99
39,0.6,Home & Living,34.96,1,0.018,3.8,0.359,False,Credit Card,Sur,5.0,45.56
29,0.5,Home & Living,80.72,7,0.0,6.7,0.64,False,Digital Wallet,Central,7.3,761.04
58,3.3,Fashion,60.62,6,0.114,5.9,0.247,False,Credit Card,Sur,6.7,540.29
39,8.9,Fashion,65.01,6,0.198,2.7,0.324,True,Bank Transfer,Norte,6.8,549.95
18,0.5,Fashion,38.61,7,0.354,4.9,0.16,False,Digital Wallet,Norte,9.5,99.43
42,0.8,Home & Living,80.17,1,0.008,8.1,0.244,True,Digital Wallet,Norte,7.9,137.27
33,1.6,Fashion,107.06,2,0.028,4.2,0.519,False,Credit Card,Sur,2.9,185.13
37,5.8,Electronics,175.59,1,0.054,2.7,0.389,False,Credit Card,Sur,9.5,305.21
33,1.1,Home & Living,99.2,3,0.001,1.7,0.078,False,Credit Card,Sur,6.6,442.83
47,7.5,Home & Living,124.5,2,0.03,8.9,0.429,False,Credit Card,Este,9.3,342.14
51,0.5,Home & Living,115.63,3,0.329,2.9,0.554,False,Bank Transfer,Norte,7.5,84.9
41,9.9,Electronics,168.08,3,0.111,1.8,0.312,True,Credit Card,Norte,6.3,902.57
33,2.9,Electronics,181.42,1,0.221,3.0,0.136,True,Digital Wallet,Norte,2.3,113.11
37,3.8,Electronics,154.07,2,0.003,6.9,0.34,True,Credit Card,Central,6.8,626.71
38,1.6,Fashion,64.65,4,0.023,5.6,0.397,False,Credit Card,Norte,6.0,371.7
28,5.3,Electronics,175.24,1,0.016,4.3,0.603,True,Credit Card,Sur,8.2,409.25
44,0.6,Fashion,122.73,1,0.066,5.3,0.33,False,Credit Card,Norte,5.0,147.2
43,0.5,Electronics,150.92,2,0.183,3.9,0.555,False,Digital Wallet,Central,8.2,308.71
56,1.8,Electronics,121.43,4,0.057,9.6,0.327,True,Credit Card,Norte,4.7,482.53
53,6.7,Fashion,73.44,4,0.049,5.6,0.319,False,Digital Wallet,Central,6.6,388.47
29,4.9,Home & Living,101.78,0,0.055,4.4,0.512,False,Credit Card,Central,6.8,5.0
47,2.5,Electronics,232.58,4,0.403,0.1,0.125,False,Credit Card,Central,4.2,95.36
26,3.0,Fashion,112.8,7,0.178,2.7,0.584,False,Credit Card,Central,8.3,1028.01
46,0.5,Electronics,250.55,0,0.221,3.9,0.213,False,Credit Card,Sur,2.8,5.0
31,6.4,Electronics,154.35,3,0.044,2.9,0.305,True,Bank Transfer,Sur,6.3,875.48
25,5.4,Fashion,73.96,3,0.164,6.5,0.553,True,Credit Card,Central,3.0,233.62
41,3.7,Fashion,84.9,4,0.039,2.4,0.154,True,Credit Card,Este,7.3,619.36
18,2.2,Home & Living,57.82,2,0.004,5.2,0.2,True,Bank Transfer,Norte,8.0,197.33
18,11.7,Fashion,99.5,3,0.158,1.6,0.444,True,Digital Wallet,Oeste,3.2,272.9
35,7.4,Home & Living,81.15,2,0.001,10.9,0.622,True,Credit Card,Sur,7.4,495.08
38,3.6,Electronics,183.97,1,0.135,16.9,0.121,False,Credit Card,Sur,6.9,256.66
33,1.6,Electronics,209.27,5,0.008,1.2,0.185,True,Bank Transfer,Oeste,6.3,1599.02
19,3.4,Electronics,216.06,1,0.155,10.2,0.531,True,Bank Transfer,Sur,7.2,316.53
28,3.0,Home & Living,62.43,4,0.122,4.8,0.438,False,Digital Wallet,Norte,9.0,388.51
42,1.8,Electronics,186.82,1,0.335,8.7,0.353,False,Bank Transfer,Norte,8.0,93.06
44,1.3,Electronics,192.42,1,0.028,4.0,0.163,True,Digital Wallet,Sur,6.9,322.65
37,1.8,Fashion,46.6,5,0.177,10.5,0.274,False,Credit Card,Central,7.7,298.06
51,3.0,Electronics,84.85,3,0.006,4.6,0.246,False,Digital Wallet,Central,8.9,302.69
42,2.0,Electronics,126.67,1,0.206,1.3,0.451,False,Credit Card,Este,7.0,106.08
29,1.1,Electronics,217.05,0,0.005,15.7,0.155,False,Credit Card,Sur,7.3,5.0
34,5.0,Electronics,194.84,0,0.193,7.0,0.488,True,Credit Card,Norte,7.0,5.0
21,2.7,Fashion,77.45,5,0.04,5.4,0.57,False,Credit Card,Central,7.4,595.07
36,0.5,Fashion,61.67,7,0.13,7.4,0.707,True,Credit Card,Central,6.6,710.92
51,1.6,Electronics,191.77,1,0.001,7.3,0.404,True,Credit Card,Oeste,7.4,332.66
46,7.6,Electronics,149.24,1,0.1,0.1,0.273,True,Digital Wallet,Norte,8.2,257.99
54,4.9,Home & Living,79.66,2,0.005,11.1,0.455,True,Digital Wallet,Sur,7.0,238.77
34,1.4,Fashion,70.9,2,0.253,4.6,0.212,False,Credit Card,Norte,5.6,125.45
54,9.7,Fashion,112.88,4,0.412,3.9,0.131,True,Credit Card,Sur,9.1,89.98
35,0.5,Fashion,84.8,3,0.107,9.7,0.328,False,Credit Card,Oeste,9.1,331.79
55,11.4,Electronics,215.81,4,0.044,5.7,0.412,True,Credit Card,Sur,10.0,1476.56
37,1.0,Home & Living,88.97,2,0.006,6.8,0.61,False,Credit Card,Central,7.3,288.39
46,0.5,Fashion,50.61,2,0.099,1.6,0.063,False,Credit Card,Norte,8.5,96.82
55,2.0,Electronics,252.98,0,0.001,2.5,0.03,False,Digital Wallet,Oeste,6.4,5.0
35,1.6,Fashion,78.32,10,0.062,5.5,0.463,True,Bank Transfer,Este,9.2,1395.49
40,2.7,Electronics,321.15,1,0.005,0.9,0.422,False,Bank Transfer,Norte,7.6,549.35
53,5.6,Electronics,171.94,1,0.194,10.7,0.092,True,Credit Card,Este,7.3,147.55
36,6.5,Home & Living,89.73,3,0.182,2.2,0.169,True,Credit Card,Central,9.8,490.49
22,1.8,Home & Living,96.68,4,0.058,3.9,0.089,False,Credit Card,Este,6.2,449.69
63,2.0,Electronics,166.11,1,0.6,2.5,0.257,True,Bank Transfer,Este,7.5,13.2
32,0.6,Fashion,66.87,1,0.189,7.5,0.64,False,Digital Wallet,Norte,5.9,61.76
39,0.5,Home & Living,106.75,8,0.504,2.2,0.184,False,Digital Wallet,Central,8.4,55.48
51,3.6,Electronics,213.37,3,0.215,1.6,0.431,True,Bank Transfer,Central,6.4,527.26
30,0.5,Fashion,112.54,6,0.118,1.6,0.435,True,Credit Card,Sur,5.3,810.51
25,4.6,Fashion,114.33,10,0.179,3.7,0.204,True,Credit Card,Norte,7.7,1375.52
41,2.7,Fashion,123.73,8,0.031,4.7,0.115,True,Credit Card,Sur,10.0,2339.33
18,0.8,Fashion,76.52,5,0.094,3.8,0.467,False,Credit Card,Este,8.4,533.86
34,2.7,Fashion,91.04,5,0.463,1.6,0.268,False,Credit Card,Central,8.4,40.52
40,0.7,Home & Living,119.18,2,0.0,4.2,0.219,False,Digital Wallet,Central,7.3,315.85
34,2.0,Electronics,138.96,4,0.131,3.1,0.309,False,Digital Wallet,Sur,7.6,707.6
19,5.6,Home & Living,70.2,2,0.338,7.4,0.515,False,Credit Card,Sur,7.9,70.1
57,2.2,Electronics,195.89,1,0.031,9.6,0.087,False,Credit Card,Sur,4.1,161.89
39,0.6,Electronics,179.1,4,0.249,5.0,0.42,False,Digital Wallet,Central,8.5,509.56
55,4.5,Electronics,131.35,2,0.039,4.5,0.117,False,Credit Card,Central,8.2,351.62
34,0.7,Fashion,53.84,3,0.195,5.0,0.302,False,Credit Card,Oeste,7.0,183.7
27,4.7,Electronics,81.05,2,0.255,1.7,0.216,False,Digital Wallet,Sur,7.4,132.19
41,2.3,Home & Living,81.1,7,0.023,1.6,0.403,False,Bank Transfer,Este,2.8,338.84
35,2.1,Fashion,68.7,7,0.193,5.5,0.079,True,Credit Card,Este,5.0,661.9
23,6.7,Electronics,149.97,2,0.009,11.2,0.189,False,Credit Card,Norte,6.7,443.67
55,4.3,Fashion,24.46,5,0.011,2.2,0.198,False,Bank Transfer,Este,7.3,170.64
30,0.5,Home & Living,89.78,6,0.03,6.9,0.29,False,Bank Transfer,Sur,8.3,774.63
18,1.2,Fashion,70.67,3,0.056,6.4,0.503,False,Credit Card,Norte,7.3,259.16
53,7.2,Electronics,149.85,3,0.0,7.1,0.315,False,Credit Card,Norte,6.8,841.08
31,0.5,Home & Living,57.04,0,0.342,2.6,0.168,True,Credit Card,Sur,8.4,5.0
30,2.8,Fashion,83.12,5,0.206,4.0,0.374,True,Credit Card,Central,5.7,524.02
18,4.6,Fashion,99.32,9,0.487,3.3,0.435,True,Credit Card,Central,8.1,95.92
58,3.4,Electronics,168.78,1,0.056,1.8,0.442,False,Credit Card,Sur,6.3,250.44
22,5.0,Fashion,87.3,9,0.121,2.9,0.216,True,Digital Wallet,Sur,6.1,1104.86
38,4.5,Home & Living,52.76,0,0.075,8.2,0.501,True,Digital Wallet,Central,9.3,5.0
48,4.1,Electronics,157.16,3,0.014,7.0,0.43,True,Digital Wallet,Norte,7.1,749.83
43,6.0,Electronics,175.38,2,0.05,3.9,0.064,False,Digital Wallet,Este,7.3,610.76
37,3.6,Home & Living,67.08,1,0.163,6.4,0.451,True,Credit Card,Central,9.1,98.68
18,1.8,Electronics,59.15,3,0.0,9.8,0.402,False,Credit Card,Oeste,7.3,243.5
28,2.2,Home & Living,92.58,4,0.116,3.9,0.026,False,Credit Card,Norte,2.2,218.85
40,4.4,Electronics,159.84,2,0.02,2.7,0.81,False,Digital Wallet,Central,8.4,566.18
28,7.3,Fashion,46.02,5,0.169,2.9,0.39,True,Credit Card,Norte,7.8,384.84
40,1.1,Electronics,154.48,2,0.022,8.1,0.319,False,Digital Wallet,Norte,3.3,280.3
46,1.5,Home & Living,113.97,2,0.069,2.4,0.363,False,Credit Card,Sur,5.9,259.96
49,9.3,Fashion,53.71,4,0.01,5.9,0.167,True,Credit Card,Este,9.6,474.44
23,3.0,Home & Living,91.42,3,0.0,3.9,0.386,True,Credit Card,Norte,6.2,460.54
64,0.7,Fashion,59.83,7,0.079,9.0,0.497,False,Credit Card,Central,8.8,482.04
47,3.8,Electronics,166.53,2,0.029,5.1,0.505,True,Bank Transfer,Sur,7.1,607.16
37,15.0,Electronics,193.91,1,0.277,3.8,0.574,False,Credit Card,Central,7.7,210.34
51,6.1,Fashion,102.12,4,0.23,3.6,0.144,False,Credit Card,Este,6.5,364.18
66,4.8,Fashion,72.23,5,0.237,3.0,0.384,False,Credit Card,Sur,8.2,264.48
20,0.8,Home & Living,88.97,5,0.002,7.0,0.238,False,Credit Card,Este,9.0,629.63
35,7.3,Fashion,64.26,5,0.134,8.3,0.186,True,Credit Card,Oeste,7.5,625.6
18,2.6,Fashion,140.61,1,0.117,11.3,0.072,False,Digital Wallet,Central,7.1,150.15
40,7.7,Home & Living,81.6,3,0.1,3.7,0.462,True,Digital Wallet,Norte,7.8,417.21
42,1.4,Electronics,217.75,3,0.118,6.3,0.655,False,Digital Wallet,Oeste,2.5,367.25
37,0.5,Home & Living,115.68,2,0.0,1.8,0.205,False,Credit Card,Oeste,8.3,391.91
30,2.3,Fashion,83.38,4,0.158,1.9,0.391,False,Credit Card,Este,7.1,407.78
18,1.1,Fashion,110.53,5,0.299,7.7,0.72,False,Credit Card,Norte,2.4,140.61
42,4.4,Electronics,220.33,0,0.007,1.3,0.569,False,Credit Card,Oeste,2.2,5.0
55,11.0,Electronics,215.84,2,0.064,6.6,0.271,False,Credit Card,Este,8.2,884.41
30,4.1,Electronics,193.38,0,0.39,3.0,0.353,False,Credit Card,Oeste,10.0,5.0
43,7.6,Home & Living,60.57,1,0.148,3.3,0.327,True,Credit Card,Sur,7.3,96.38
19,2.1,Home & Living,47.12,2,0.002,7.5,0.276,False,Credit Card,Este,8.4,116.16
43,5.2,Electronics,177.09,1,0.014,2.9,0.298,False,Bank Transfer,Norte,8.2,315.69
33,6.5,Home & Living,101.74,3,0.001,11.5,0.442,False,Digital Wallet,Oeste,1.2,261.12
28,4.3,Fashion,38.35,4,0.01,3.2,0.409,False,Credit Card,Central,7.8,257.21
28,2.5,Home & Living,154.81,5,0.001,2.5,0.305,True,Credit Card,Central,8.7,1804.35
33,3.4,Electronics,78.2,0,0.227,3.8,0.493,False,Bank Transfer,Norte,5.0,5.0
42,4.2,Fashion,85.31,3,0.311,3.0,0.206,True,Credit Card,Oeste,6.4,231.31
22,1.0,Fashion,70.53,2,0.119,6.8,0.093,True,Digital Wallet,Oeste,8.5,210.68
33,5.8,Electronics,224.89,3,0.262,5.4,0.552,False,Bank Transfer,Sur,5.8,563.64
37,10.5,Fashion,105.48,1,0.01,3.7,0.188,True,Digital Wallet,Norte,7.0,212.46
24,2.2,Fashion,58.67,2,0.21,0.8,0.428,True,Credit Card,Norte,6.9,142.72
59,4.2,Electronics,144.48,3,0.308,3.9,0.413,False,Credit Card,Norte,8.0,231.24
27,4.7,Electronics,56.35,4,0.177,4.3,0.233,False,Digital Wallet,Norte,9.4,316.38
29,3.8,Home & Living,54.23,3,0.17,1.8,0.315,True,Bank Transfer,Sur,6.1,168.94
26,2.8,Electronics,157.88,2,0.336,6.7,0.609,False,Bank Transfer,Central,3.3,95.95
59,7.5,Electronics,141.61,2,0.143,6.8,0.654,True,Credit Card,Norte,6.5,412.09
44,2.1,Fashion,78.0,1,0.323,5.9,0.745,False,Bank Transfer,Sur,7.9,37.11
26,0.5,Fashion,62.27,3,0.063,0.9,0.454,False,Digital Wallet,Oeste,7.2,232.26
51,6.5,Fashion,40.11,5,0.149,6.0,0.246,True,Credit Card,Central,8.0,253.06
40,3.9,Home & Living,57.75,3,0.192,2.4,0.786,False,Credit Card,Central,7.9,178.54
41,6.6,Electronics,220.18,0,0.045,8.2,0.359,True,Digital Wallet,Central,9.1,5.0
33,0.5,Fashion,125.48,5,0.155,6.3,0.285,True,Credit Card,Este,6.1,841.41
29,0.5,Home & Living,106.34,5,0.101,4.5,0.227,False,Credit Card,Sur,4.0,389.07
42,9.5,Home & Living,41.34,4,0.006,9.7,0.135,True,Credit Card,Central,8.2,385.29
31,0.6,Fashion,102.86,4,0.239,4.8,0.168,True,Credit Card,Norte,7.4,409.78
59,5.8,Electronics,216.64,2,0.399,4.0,0.49,True,Digital Wallet,Oeste,1.9,47.19
22,6.1,Fashion,59.44,5,0.081,14.5,0.048,False,Credit Card,Sur,6.4,497.36
56,4.3,Electronics,123.79,3,0.001,1.6,0.38,False,Credit Card,Central,10.0,493.2
36,0.5,Fashion,61.87,6,0.177,2.3,0.299,False,Credit Card,Este,6.5,435.55
41,3.9,Electronics,163.94,0,0.001,1.4,0.589,False,Bank Transfer,Norte,5.0,5.0
47,7.7,Electronics,307.77,2,0.052,4.7,0.546,False,Digital Wallet,Central,7.6,1110.83
30,1.9,Fashion,76.57,5,0.215,4.9,0.13,False,Credit Card,Oeste,7.5,374.84
48,1.9,Fashion,73.14,5,0.348,5.5,0.165,True,Digital Wallet,Central,7.9,194.79
18,2.0,Fashion,81.19,3,0.519,2.3,0.307,False,Credit Card,Oeste,9.2,16.97
29,0.5,Fashion,76.34,4,0.081,2.9,0.231,False,Credit Card,Sur,7.7,469.7
26,7.8,Fashion,69.48,4,0.53,6.2,0.285,True,Credit Card,Sur,8.2,28.49
22,7.1,Fashion,55.96,3,0.082,4.8,0.259,True,Digital Wallet,Central,9.2,305.13
35,15.0,Fashion,114.13,5,0.011,3.1,0.553,True,Credit Card,Sur,8.8,1399.33
42,3.1,Electronics,216.45,1,0.0,2.2,0.336,True,Credit Card,Central,10.0,406.92
46,4.9,Fashion,51.74,8,0.325,14.3,0.602,False,Credit Card,Norte,8.5,312.92
40,0.8,Fashion,72.99,4,0.324,6.7,0.375,False,Digital Wallet,Norte,7.0,139.96
30,3.9,Fashion,128.94,5,0.298,5.2,0.132,True,Bank Transfer,Norte,4.4,339.78
42,3.7,Fashion,54.46,6,0.009,6.2,0.481,False,Bank Transfer,Norte,7.0,430.9
39,8.1,Fashion,92.74,4,0.193,3.1,0.111,False,Credit Card,Central,6.6,485.26
49,6.2,Home & Living,68.89,3,0.013,3.0,0.464,True,Credit Card,Central,4.1,235.84
47,9.8,Fashion,81.12,4,0.027,2.4,0.352,True,Bank Transfer,Central,5.6,568.51
38,7.1,Fashion,98.05,7,0.236,1.8,0.236,True,Digital Wallet,Sur,5.1,664.16
27,7.1,Fashion,32.01,1,0.049,6.4,0.133,True,Credit Card,Norte,6.0,75.65
30,0.5,Electronics,152.31,2,0.21,6.1,0.286,True,Credit Card,Sur,7.9,416.86
31,6.5,Fashion,97.7,2,0.294,2.3,0.379,True,Digital Wallet,Central,7.9,197.55
34,3.3,Fashion,77.44,4,0.126,1.2,0.461,False,Credit Card,Central,8.6,461.78
41,1.7,Electronics,202.08,0,0.002,6.4,0.209,False,Credit Card,Sur,7.9,5.0
46,0.5,Fashion,92.78,6,0.24,0.6,0.182,True,Bank Transfer,Oeste,8.4,531.35
37,4.0,Fashion,52.76,6,0.188,5.9,0.56,False,Digital Wallet,Sur,6.6,315.15
38,1.4,Home & Living,34.44,6,0.003,2.4,0.496,False,Credit Card,Norte,8.0,222.58
39,2.2,Home & Living,79.7,2,0.016,4.6,0.343,True,Digital Wallet,Este,8.8,413.87
31,4.0,Electronics,170.95,1,0.024,10.1,0.391,False,Credit Card,Sur,3.6,142.2
26,8.5,Fashion,86.7,2,0.379,1.7,0.18,False,Digital Wallet,Norte,5.6,48.27
18,6.1,Electronics,141.69,1,0.008,5.7,0.396,True,Digital Wallet,Central,8.8,279.43
29,2.1,Electronics,167.7,0,0.007,5.4,0.542,True,Credit Card,Norte,8.7,5.0
43,1.7,Home & Living,83.93,3,0.108,9.0,0.667,True,Digital Wallet,Oeste,7.7,401.69
29,1.0,Electronics,292.89,2,0.372,3.7,0.211,False,Digital Wallet,Norte,3.3,107.49
35,1.6,Electronics,67.28,2,0.124,7.5,0.505,False,Digital Wallet,Central,8.6,180.28
43,0.5,Home & Living,118.05,5,0.067,1.6,0.18,False,Credit Card,Oeste,9.2,666.87
44,12.4,Home & Living,91.45,8,0.08,0.8,0.179,True,Credit Card,Central,10.0,1544.97
25,3.0,Home & Living,108.02,4,0.521,3.7,0.163,False,Credit Card,Sur,7.7,28.33
49,0.5,Home & Living,123.57,5,0.047,11.1,0.173,False,Credit Card,Central,10.0,954.59
51,1.5,Fashion,64.46,3,0.449,6.5,0.498,True,Credit Card,Sur,9.0,18.64
24,2.8,Electronics,139.96,2,0.17,7.8,0.429,True,Digital Wallet,Central,7.6,352.56
28,2.7,Fashion,61.34,3,0.015,8.8,0.409,False,Credit Card,Central,7.5,323.48
52,0.5,Fashion,83.08,4,0.145,2.0,0.25,False,Digital Wallet,Central,3.6,176.63
36,10.5,Electronics,160.34,1,0.138,3.2,0.763,True,Bank Transfer,Oeste,6.2,268.55
18,1.1,Home & Living,80.04,1,0.027,3.6,0.164,False,Digital Wallet,Central,5.9,98.38
21,0.5,Fashion,69.47,5,0.204,7.2,0.507,False,Digital Wallet,Central,7.0,273.71
35,0.5,Electronics,90.98,2,0.055,3.9,0.268,False,Digital Wallet,Norte,5.5,176.0
24,3.0,Electronics,145.18,3,0.174,7.5,0.285,False,Credit Card,Norte,1.9,217.45
33,0.5,Electronics,93.19,0,0.093,2.3,0.623,False,Bank Transfer,Sur,10.0,5.0
38,0.5,Home & Living,101.94,3,0.019,2.1,0.589,False,Digital Wallet,Oeste,8.6,477.65
55,1.7,Fashion,54.67,3,0.061,8.5,0.294,False,Bank Transfer,Norte,7.6,207.24
34,3.4,Fashion,100.93,2,0.025,1.0,0.271,False,Digital Wallet,Este,7.4,280.89
50,0.5,Fashion,106.48,7,0.435,3.5,0.034,False,Credit Card,Sur,9.0,43.4
55,1.3,Fashion,33.8,2,0.146,0.6,0.76,False,Credit Card,Central,7.0,58.69
55,1.9,Home & Living,102.09,4,0.0,6.4,0.167,True,Credit Card,Este,8.8,509.71
41,0.6,Fashion,71.01,6,0.094,4.5,0.534,True,Credit Card,Central,5.3,814.8
18,2.5,Home & Living,79.21,1,0.115,6.0,0.356,False,Credit Card,Sur,8.0,87.74
43,0.5,Home & Living,30.75,6,0.034,4.6,0.458,False,Credit Card,Este,8.9,262.79
50,0.5,Home & Living,70.04,3,0.009,2.7,0.561,True,Bank Transfer,Sur,8.1,307.26
37,2.6,Fashion,65.48,2,0.1,8.3,0.273,True,Credit Card,Norte,7.6,237.62
58,1.0,Home & Living,81.45,5,0.031,7.7,0.645,False,Digital Wallet,Este,7.8,457.8
48,0.5,Fashion,38.29,4,0.234,2.7,0.445,False,Digital Wallet,Este,7.8,101.43
44,1.9,Home & Living,16.12,4,0.046,8.8,0.512,False,Digital Wallet,Oeste,6.8,83.44
51,8.6,Home & Living,40.87,3,0.0,4.0,0.157,True,Bank Transfer,Sur,4.1,133.25
42,4.5,Home & Living,128.31,2,0.009,8.1,0.299,False,Credit Card,Central,5.5,384.59
18,5.9,Home & Living,87.22,4,0.072,2.9,0.267,False,Credit Card,Central,4.6,312.51
32,7.2,Fashion,42.87,6,0.099,1.2,0.217,False,Credit Card,Oeste,6.9,416.06
52,12.6,Electronics,323.1,2,0.241,9.3,0.412,True,Digital Wallet,Oeste,8.2,839.48
28,5.0,Electronics,208.18,4,0.018,1.5,0.852,True,Credit Card,Central,5.0,2244.48
35,3.3,Home & Living,87.17,1,0.141,2.0,0.14,False,Credit Card,Este,7.8,120.95
25,1.6,Electronics,262.1,1,0.111,4.0,0.235,False,Bank Transfer,Central,8.4,293.46
59,0.7,Fashion,78.44,1,0.066,3.2,0.284,True,Credit Card,Norte,7.2,101.62
58,4.1,Fashion,97.54,1,0.497,3.5,0.324,True,Credit Card,Este,2.9,5.22
27,15.0,Fashion,56.02,8,0.153,11.3,0.599,True,Credit Card,Oeste,9.7,903.81
39,2.2,Home & Living,80.25,3,0.52,12.2,0.751,False,Credit Card,Central,9.0,17.78
29,4.5,Fashion,72.98,7,0.302,2.9,0.373,True,Credit Card,Central,8.1,544.22
45,2.4,Home & Living,149.14,3,0.215,2.1,0.092,False,Credit Card,Central,8.6,368.29
44,2.0,Fashion,57.54,4,0.412,4.6,0.105,True,Credit Card,Este,6.4,40.24
47,1.8,Home & Living,99.75,3,0.017,3.8,0.6,False,Bank Transfer,Norte,8.4,401.72
41,2.5,Electronics,193.94,3,0.136,4.1,0.303,False,Credit Card,Este,7.9,787.02
73,1.6,Electronics,176.72,0,0.559,6.3,0.343,False,Bank Transfer,Sur,7.0,5.0
25,4.8,Home & Living,110.95,1,0.524,1.0,0.047,False,Credit Card,Este,7.5,7.83
18,7.3,Fashion,45.11,3,0.317,6.8,0.19,False,Bank Transfer,Norte,6.9,64.45
33,7.5,Fashion,51.45,7,0.215,5.5,0.479,True,Credit Card,Central,8.9,452.19
19,0.9,Fashion,20.54,1,0.014,2.9,0.563,False,Credit Card,Sur,8.4,29.62
20,7.9,Fashion,65.74,1,0.182,2.0,0.604,False,Credit Card,Oeste,7.9,85.81
25,1.5,Fashion,93.42,4,0.059,4.9,0.404,True,Bank Transfer,Este,2.2,332.2
26,1.3,Electronics,142.9,0,0.446,8.3,0.522,True,Credit Card,Oeste,8.3,5.0
26,4.5,Fashion,79.76,2,0.216,13.1,0.23,True,Digital Wallet,Central,7.5,248.24
44,1.3,Fashion,109.33,3,0.154,4.7,0.159,False,Credit Card,Este,10.0,486.57
31,0.5,Fashion,84.6,4,0.004,1.3,0.24,False,Bank Transfer,Este,6.7,363.81
35,1.6,Fashion,77.69,9,0.062,8.2,0.213,True,Credit Card,Norte,6.7,1283.44
48,4.5,Home & Living,63.89,4,0.003,1.9,0.49,True,Bank Transfer,Central,2.7,186.62
28,1.4,Fashion,15.37,6,0.022,4.2,0.315,True,Credit Card,Sur,3.3,92.07
34,3.5,Home & Living,47.44,4,0.0,4.6,0.193,True,Digital Wallet,Central,8.3,439.5
42,3.8,Fashion,73.67,5,0.119,2.5,0.604,True,Credit Card,Oeste,10.0,798.34
18,4.6,Fashion,109.71,2,0.064,0.7,0.529,False,Digital Wallet,Norte,7.1,260.87
18,8.0,Electronics,131.26,3,0.16,5.7,0.385,True,Bank Transfer,Sur,7.8,482.94
42,2.0,Electronics,258.65,2,0.261,10.5,0.661,True,Credit Card,Sur,8.0,514.51
43,0.6,Fashion,68.78,4,0.281,2.5,0.275,False,Credit Card,Sur,8.7,201.22
62,1.3,Fashion,57.7,3,0.016,4.2,0.072,False,Digital Wallet,Central,3.0,124.33
39,2.0,Home & Living,87.72,1,0.114,9.0,0.101,False,Credit Card,Norte,5.6,121.81
47,4.4,Fashion,79.26,5,0.165,6.3,0.219,True,Credit Card,Central,4.5,432.17
35,0.5,Home & Living,33.55,3,0.362,14.2,0.093,False,Credit Card,Sur,9.8,41.76
41,1.3,Home & Living,99.87,3,0.069,4.0,0.545,False,Digital Wallet,Este,3.2,211.91
58,5.3,Electronics,179.33,2,0.167,7.8,0.215,True,Credit Card,Sur,7.5,458.1
18,3.9,Fashion,54.89,3,0.353,4.8,0.459,True,Bank Transfer,Sur,2.1,35.89
42,4.6,Fashion,101.86,0,0.049,9.0,0.396,False,Digital Wallet,Sur,7.8,5.0
63,5.8,Electronics,148.55,2,0.0,1.2,0.184,False,Credit Card,Norte,7.4,399.42
41,5.4,Electronics,118.78,3,0.113,2.0,0.456,False,Credit Card,Norte,9.7,570.1
57,4.0,Home & Living,64.63,3,0.037,2.0,0.176,False,Credit Card,Este,8.1,251.85
30,2.0,Home & Living,92.44,8,0.069,4.1,0.006,False,Credit Card,Sur,8.1,1153.77
37,14.4,Home & Living,60.79,8,0.231,5.4,0.488,False,Bank Transfer,Norte,3.2,300.06
38,2.9,Fashion,68.0,7,0.041,3.3,0.445,True,Bank Transfer,Sur,7.0,937.33
18,0.8,Fashion,55.04,2,0.13,15.4,0.584,False,Bank Transfer,Sur,5.7,93.41
23,1.2,Fashion,100.24,4,0.275,4.7,0.198,False,Credit Card,Central,6.1,356.11
24,4.1,Fashion,87.27,9,0.555,2.5,0.324,False,Digital Wallet,Central,4.7,41.73
47,9.1,Fashion,130.45,3,0.0,3.6,0.501,True,Digital Wallet,Este,6.4,1034.71
48,0.7,Electronics,274.49,0,0.024,6.1,0.397,True,Credit Card,Sur,5.7,5.0
41,0.5,Home & Living,74.14,4,0.159,2.5,0.347,False,Credit Card,Central,6.0,294.28
47,7.5,Home & Living,53.43,3,0.011,6.6,0.559,True,Digital Wallet,Norte,5.0,293.1
36,8.6,Fashion,84.78,4,0.092,1.8,0.205,True,Credit Card,Central,8.8,692.45
52,1.1,Home & Living,93.55,4,0.046,5.9,0.476,False,Digital Wallet,Sur,7.7,429.76
38,1.7,Electronics,159.01,0,0.078,2.3,0.699,False,Credit Card,Este,7.8,5.0
38,3.8,Electronics,127.85,1,0.375,3.1,0.307,False,Credit Card,Central,4.8,36.3
34,1.4,Home & Living,71.67,2,0.207,4.1,0.367,False,Digital Wallet,Sur,7.7,149.66
46,7.3,Home & Living,79.07,2,0.0,5.3,0.694,True,Credit Card,Norte,8.7,373.08
32,0.5,Fashion,79.76,3,0.202,4.6,0.308,False,Bank Transfer,Norte,8.1,200.84
49,0.5,Electronics,158.33,2,0.019,1.6,0.371,False,Digital Wallet,Central,6.3,369.76
24,0.8,Home & Living,87.45,4,0.123,4.8,0.091,False,Digital Wallet,Este,6.6,275.22
24,1.2,Electronics,237.44,0,0.474,3.0,0.509,False,Credit Card,Sur,7.9,5.0
46,0.5,Fashion,57.29,7,0.383,1.5,0.555,False,Credit Card,Central,7.5,84.58
36,0.5,Electronics,167.98,0,0.558,12.7,0.347,False,Bank Transfer,Central,8.0,5.0
32,4.9,Home & Living,69.12,4,0.159,5.5,0.316,True,Credit Card,Norte,7.6,320.46
48,0.6,Fashion,54.81,4,0.024,4.5,0.616,True,Digital Wallet,Sur,8.6,419.57
30,8.6,Home & Living,88.06,4,0.489,6.4,0.328,True,Credit Card,Sur,6.4,37.52
35,1.6,Electronics,110.63,0,0.006,2.8,0.603,False,Bank Transfer,Central,6.3,5.0
54,3.9,Fashion,56.03,7,0.093,1.6,0.31,False,Credit Card,Norte,3.3,270.45
56,0.9,Home & Living,56.67,3,0.054,6.3,0.31,True,Credit Card,Sur,8.0,235.88
56,1.0,Electronics,152.42,1,0.021,5.1,0.313,True,Digital Wallet,Este,7.9,197.51
34,3.0,Fashion,76.95,3,0.169,0.5,0.143,False,Credit Card,Central,6.5,259.25
52,2.9,Fashion,69.53,6,0.05,8.9,0.43,False,Digital Wallet,Norte,6.5,494.03
26,5.1,Home & Living,113.23,4,0.014,3.0,0.586,False,Credit Card,Norte,2.1,351.19
27,5.0,Electronics,121.98,5,0.024,18.4,0.239,False,Digital Wallet,Este,6.3,839.78
18,3.9,Fashion,77.2,4,0.012,3.4,0.388,True,Digital Wallet,Norte,8.9,575.65
58,2.1,Fashion,41.9,8,0.397,2.4,0.227,True,Digital Wallet,Sur,6.1,64.29
27,7.7,Fashion,49.34,5,0.001,10.4,0.289,True,Credit Card,Central,7.5,577.43
36,3.4,Electronics,218.18,4,0.359,0.6,0.351,True,Credit Card,Central,6.5,481.88
27,15.0,Fashion,88.98,5,0.23,3.3,0.381,True,Digital Wallet,Norte,3.9,347.01
46,6.0,Fashion,84.55,6,0.241,4.0,0.34,True,Digital Wallet,Central,8.8,590.68
33,0.5,Electronics,184.2,5,0.379,3.5,0.283,False,Credit Card,Norte,6.1,231.64
22,1.4,Fashion,94.13,7,0.388,5.1,0.68,True,Credit Card,Central,6.9,212.23
43,3.0,Home & Living,119.45,2,0.007,3.1,0.311,True,Credit Card,Central,8.0,521.25
20,4.5,Electronics,85.25,3,0.002,1.0,0.198,True,Credit Card,Central,7.8,335.78
27,2.8,Fashion,56.33,7,0.454,5.2,0.719,False,Credit Card,Oeste,7.3,40.59
18,5.4,Fashion,61.87,4,0.007,4.7,0.276,True,Credit Card,Norte,7.9,556.46
20,1.2,Electronics,15.0,1,0.013,4.0,0.017,False,Credit Card,Sur,8.2,17.75
40,0.7,Electronics,215.24,2,0.044,5.1,0.222,False,Credit Card,Sur,6.7,708.09
18,0.5,Fashion,74.12,6,0.075,2.5,0.449,False,Credit Card,Central,7.0,508.92
20,3.0,Home & Living,108.77,2,0.206,6.3,0.658,True,Credit Card,Oeste,6.9,260.93
37,4.1,Electronics,212.94,3,0.0,5.0,0.113,False,Digital Wallet,Central,6.3,967.82
31,1.4,Home & Living,123.65,4,0.001,11.3,0.602,False,Credit Card,Norte,8.8,882.19
61,3.3,Fashion,73.23,3,0.249,11.1,0.201,False,Credit Card,Norte,8.1,192.22
60,0.5,Electronics,220.88,1,0.002,3.1,0.171,True,Digital Wallet,Oeste,8.5,264.7
27,0.5,Fashion,78.18,3,0.459,7.3,0.141,False,Digital Wallet,Central,2.9,8.42
44,4.2,Home & Living,58.61,3,0.0,3.9,0.16,False,Credit Card,Este,5.6,239.98
46,1.6,Electronics,240.35,5,0.154,9.0,0.107,False,Digital Wallet,Sur,8.0,1155.39
30,3.9,Fashion,59.72,8,0.063,11.0,0.083,False,Digital Wallet,Sur,7.1,853.89
20,6.2,Fashion,54.02,5,0.39,10.5,0.194,False,Bank Transfer,Este,7.1,58.95
37,6.7,Electronics,48.61,2,0.038,7.3,0.425,True,Credit Card,Oeste,5.4,274.89
35,0.7,Electronics,185.42,1,0.058,5.7,0.068,False,Credit Card,Norte,7.8,299.56
32,2.3,Electronics,93.24,2,0.059,2.3,0.248,True,Credit Card,Este,8.9,313.15
43,4.6,Electronics,178.58,2,0.046,4.0,0.455,True,Credit Card,Sur,7.3,711.19
28,5.2,Electronics,219.26,0,0.001,7.2,0.356,True,Bank Transfer,Central,5.8,5.0
24,5.4,Home & Living,118.23,5,0.022,5.9,0.389,False,Credit Card,Sur,6.3,776.06
39,0.9,Home & Living,99.49,3,0.211,5.2,0.316,False,Digital Wallet,Norte,6.4,221.17
42,0.7,Electronics,151.09,0,0.118,7.0,0.272,False,Digital Wallet,Central,6.4,5.0
23,3.1,Fashion,15.85,5,0.12,2.2,0.217,True,Digital Wallet,Sur,7.7,118.78
49,4.7,Electronics,126.4,2,0.104,3.1,0.433,True,Credit Card,Sur,4.6,327.38
18,1.3,Electronics,233.82,2,0.021,8.9,0.314,False,Digital Wallet,Oeste,8.5,600.51
31,0.5,Electronics,176.14,1,0.239,3.9,0.108,False,Credit Card,Este,9.5,158.52
34,4.4,Fashion,89.67,5,0.001,5.3,0.388,False,Credit Card,Sur,9.2,973.44
30,1.2,Home & Living,151.45,5,0.093,2.5,0.133,False,Credit Card,Central,6.9,1002.98
31,0.6,Fashion,59.25,5,0.003,2.7,0.795,False,Credit Card,Norte,3.6,273.07
60,0.6,Fashion,86.29,5,0.055,1.3,0.192,False,Credit Card,Central,1.8,249.48
27,1.3,Electronics,176.53,2,0.22,3.5,0.201,False,Credit Card,Central,7.9,322.05
67,3.1,Electronics,132.91,2,0.048,8.5,0.173,True,Bank Transfer,Central,7.3,399.74
43,1.6,Home & Living,103.79,5,0.059,4.3,0.568,False,Credit Card,Este,9.1,580.6
39,0.5,Electronics,234.83,0,0.073,2.9,0.163,False,Digital Wallet,Sur,7.0,5.0
43,0.5,Home & Living,99.86,8,0.076,5.9,0.265,True,Bank Transfer,Sur,8.8,1045.92
68,1.2,Electronics,95.72,1,0.0,6.0,0.07,False,Digital Wallet,Este,5.0,110.27
26,3.8,Fashion,56.25,5,0.009,5.6,0.387,True,Credit Card,Oeste,7.4,538.25
24,0.5,Home & Living,117.18,5,0.12,2.2,0.451,True,Digital Wallet,Norte,7.4,734.73
28,2.9,Electronics,181.75,1,0.044,0.7,0.474,True,Credit Card,Sur,7.8,271.22
38,0.5,Fashion,58.02,7,0.088,1.4,0.056,True,Bank Transfer,Este,5.9,581.64
18,0.8,Home & Living,65.12,3,0.036,4.1,0.084,False,Bank Transfer,Norte,8.1,172.17
38,0.7,Electronics,217.94,1,0.005,3.6,0.067,True,Digital Wallet,Norte,3.5,243.32
58,0.5,Fashion,35.18,4,0.245,1.9,0.192,False,Credit Card,Central,10.0,89.79
39,3.9,Electronics,178.77,0,0.098,10.7,0.382,False,Credit Card,Norte,3.0,5.0
34,2.2,Electronics,143.73,1,0.008,2.9,0.392,False,Credit Card,Central,2.5,116.69
30,6.2,Electronics,149.64,1,0.336,8.8,0.3,True,Digital Wallet,Este,7.6,97.15
48,0.5,Home & Living,105.89,6,0.142,3.2,0.546,False,Credit Card,Oeste,9.1,679.83
28,0.5,Electronics,197.56,1,0.132,6.0,0.253,False,Digital Wallet,Este,5.6,186.87
60,1.3,Electronics,229.76,1,0.011,4.6,0.017,False,Credit Card,Oeste,7.7,314.96
61,5.1,Fashion,102.0,8,0.057,2.4,0.347,False,Bank Transfer,Norte,7.7,952.9
41,1.3,Electronics,214.1,3,0.301,9.3,0.429,False,Digital Wallet,Sur,7.9,430.72
37,1.8,Fashion,56.65,4,0.548,7.2,0.314,True,Credit Card,Central,5.0,24.34
50,1.3,Electronics,194.0,1,0.039,4.1,0.248,False,Digital Wallet,Este,7.1,209.33
51,0.5,Fashion,86.39,5,0.0,0.8,0.121,False,Credit Card,Sur,7.8,518.55
28,9.8,Fashion,96.91,6,0.173,1.8,0.299,True,Credit Card,Sur,8.5,995.06
31,2.8,Fashion,121.78,4,0.406,7.7,0.128,False,Credit Card,Central,7.6,92.07
22,5.4,Electronics,232.83,2,0.123,5.0,0.723,False,Credit Card,Norte,5.4,610.73
42,3.8,Fashion,79.9,4,0.127,8.5,0.296,True,Credit Card,Sur,8.7,516.05
45,2.5,Home & Living,62.28,1,0.046,6.8,0.697,False,Credit Card,Norte,7.6,102.57
21,0.5,Electronics,201.84,0,0.144,7.3,0.188,False,Digital Wallet,Sur,7.0,5.0
32,3.6,Electronics,182.45,1,0.007,0.9,0.366,False,Credit Card,Norte,7.2,280.63
21,0.6,Electronics,217.78,1,0.07,1.8,0.54,True,Digital Wallet,Oeste,1.0,119.93
27,1.9,Fashion,59.55,4,0.073,2.9,0.356,False,Credit Card,Sur,7.7,332.32
44,3.5,Home & Living,48.9,2,0.108,7.8,0.068,True,Credit Card,Norte,8.2,187.63
29,5.3,Electronics,250.46,2,0.005,3.1,0.046,True,Digital Wallet,Oeste,9.8,1162.39
34,4.0,Electronics,152.68,0,0.09,3.5,0.474,True,Digital Wallet,Norte,8.1,5.0
18,3.9,Electronics,147.23,1,0.066,3.1,0.366,False,Digital Wallet,Este,8.2,184.97
40,0.6,Electronics,147.05,1,0.0,1.0,0.609,False,Bank Transfer,Sur,8.3,216.79
37,1.5,Fashion,36.51,6,0.001,0.9,0.127,False,Credit Card,Oeste,7.6,396.07
29,0.5,Home & Living,65.59,4,0.074,5.9,0.265,False,Credit Card,Central,8.2,385.07
35,4.4,Electronics,143.5,1,0.073,2.8,0.363,False,Digital Wallet,Central,6.8,216.65
40,10.7,Home & Living,90.8,5,0.114,8.4,0.213,True,Bank Transfer,Oeste,6.9,819.77
28,1.1,Fashion,54.23,2,0.191,7.0,0.743,False,Digital Wallet,Sur,8.0,114.08
20,0.5,Home & Living,62.83,4,0.001,1.1,0.665,False,Digital Wallet,Sur,9.3,305.64
59,2.3,Fashion,48.99,5,0.222,4.8,0.089,True,Credit Card,Sur,9.5,293.2
30,6.8,Electronics,165.2,0,0.025,5.9,0.159,False,Bank Transfer,Oeste,9.7,5.0
36,2.8,Home & Living,110.64,7,0.007,14.2,0.263,False,Credit Card,Este,5.0,1443.17
50,0.5,Electronics,210.46,4,0.018,3.7,0.55,False,Credit Card,Sur,4.7,721.31
75,12.8,Fashion,41.86,5,0.256,1.8,0.291,True,Credit Card,Oeste,8.0,226.26
23,6.2,Home & Living,98.73,4,0.008,4.9,0.285,True,Digital Wallet,Central,7.0,693.68
43,0.5,Electronics,150.93,3,0.279,3.8,0.519,False,Credit Card,Central,8.1,267.26
29,8.9,Fashion,73.11,7,0.052,6.4,0.417,True,Credit Card,Este,7.7,1269.9
31,2.1,Home & Living,98.01,4,0.001,4.0,0.192,False,Digital Wallet,Oeste,9.2,618.52
29,1.6,Home & Living,123.32,1,0.001,3.4,0.682,True,Credit Card,Oeste,6.7,235.17
24,2.2,Fashion,86.94,6,0.042,5.9,0.3,False,Credit Card,Oeste,1.6,410.21
37,6.3,Electronics,170.8,5,0.016,10.4,0.349,False,Credit Card,Este,7.5,1782.6
20,3.8,Fashion,112.23,6,0.246,1.5,0.226,False,Bank Transfer,Central,7.4,478.71
49,0.5,Fashion,79.65,9,0.199,2.7,0.246,True,Credit Card,Norte,5.5,700.72
38,11.1,Fashion,127.78,2,0.016,4.0,0.558,True,Credit Card,Central,3.1,409.74
43,0.6,Home & Living,147.43,8,0.009,10.9,0.287,False,Credit Card,Oeste,9.6,1730.38
32,4.8,Electronics,208.52,0,0.002,9.6,0.422,False,Digital Wallet,Norte,8.0,5.0
33,3.5,Electronics,189.82,1,0.002,3.3,0.233,False,Credit Card,Sur,6.3,344.84
41,0.7,Fashion,141.42,6,0.307,8.8,0.477,True,Digital Wallet,Este,9.5,636.56
24,0.7,Home & Living,123.41,3,0.089,5.5,0.346,False,Credit Card,Norte,9.3,351.24
33,7.1,Fashion,150.04,5,0.019,6.4,0.229,True,Credit Card,Sur,7.1,1306.29
27,1.9,Home & Living,123.1,4,0.093,6.6,0.052,True,Bank Transfer,Norte,9.2,613.24
27,3.7,Home & Living,145.39,4,0.002,9.4,0.551,False,Digital Wallet,Norte,8.6,852.32
18,2.5,Home & Living,119.03,3,0.057,4.9,0.394,False,Digital Wallet,Sur,2.2,178.96
54,4.5,Home & Living,82.62,3,0.024,5.5,0.344,True,Credit Card,Norte,4.1,215.34
29,2.3,Home & Living,62.36,1,0.029,6.7,0.073,True,Digital Wallet,Sur,9.3,133.21
51,1.2,Home & Living,111.08,3,0.064,10.3,0.296,True,Digital Wallet,Central,1.5,170.15
50,1.6,Fashion,78.78,4,0.019,17.3,0.377,True,Bank Transfer,Este,6.9,616.91
22,6.9,Electronics,201.64,2,0.021,2.9,0.324,True,Credit Card,Sur,9.4,981.47
24,2.2,Electronics,191.67,3,0.005,4.8,0.194,True,Bank Transfer,Central,8.6,1031.75
68,0.8,Electronics,132.19,1,0.006,4.2,0.612,False,Credit Card,Central,8.4,174.6
59,9.5,Electronics,86.5,1,0.045,8.7,0.431,True,Credit Card,Este,8.8,177.19
37,5.6,Electronics,176.01,3,0.023,3.7,0.348,False,Credit Card,Norte,8.0,1020.84
41,0.5,Home & Living,98.67,4,0.009,4.2,0.287,False,Bank Transfer,Central,8.6,567.59
30,15.0,Fashion,99.75,5,0.416,2.8,0.198,True,Credit Card,Norte,2.3,50.02
43,4.2,Electronics,202.08,1,0.032,1.9,0.057,False,Credit Card,Este,2.0,158.84
29,0.6,Home & Living,90.84,4,0.045,2.9,0.474,False,Credit Card,Este,7.0,452.22
18,0.9,Fashion,34.85,4,0.414,8.1,0.39,True,Digital Wallet,Norte,8.7,14.82
22,4.1,Electronics,203.58,2,0.041,4.9,0.249,False,Credit Card,Central,8.0,614.86
38,5.3,Home & Living,94.67,3,0.003,5.9,0.34,False,Bank Transfer,Norte,9.9,439.25
24,1.0,Electronics,96.48,1,0.02,18.8,0.546,True,Credit Card,Central,5.0,171.88
37,1.0,Fashion,92.14,6,0.024,10.8,0.443,False,Credit Card,Central,8.4,907.5
25,1.3,Electronics,164.56,0,0.421,2.8,0.72,False,Credit Card,Central,8.2,5.0
28,3.2,Fashion,102.02,5,0.288,6.2,0.36,True,Bank Transfer,Este,5.4,485.04
48,0.7,Home & Living,108.94,4,0.42,5.5,0.238,False,Credit Card,Oeste,1.0,14.45
40,0.5,Electronics,285.14,0,0.112,4.4,0.161,False,Credit Card,Central,2.6,5.0
37,4.0,Home & Living,87.12,1,0.046,4.0,0.341,False,Credit Card,Norte,5.9,110.74
48,5.3,Electronics,193.41,1,0.076,2.3,0.154,False,Digital Wallet,Central,6.5,239.11
43,2.4,Fashion,57.8,7,0.05,7.7,0.385,False,Bank Transfer,Sur,7.1,617.2
55,1.6,Home & Living,124.67,6,0.198,4.2,0.518,True,Bank Transfer,Sur,7.5,790.99
32,2.0,Home & Living,103.35,4,0.002,9.5,0.277,False,Credit Card,Sur,9.4,860.66
32,1.7,Electronics,94.09,1,0.416,5.4,0.709,False,Bank Transfer,Central,8.3,11.06
22,11.3,Electronics,230.21,1,0.191,5.5,0.174,True,Credit Card,Sur,2.8,190.06
32,5.1,Fashion,61.13,3,0.003,5.3,0.138,True,Credit Card,Central,8.7,460.06
49,0.8,Electronics,138.43,2,0.001,2.0,0.129,False,Credit Card,Oeste,8.4,326.69
53,1.7,Fashion,50.39,4,0.206,3.1,0.449,True,Credit Card,Norte,7.8,192.03
49,2.7,Home & Living,101.11,2,0.253,0.8,0.224,True,Credit Card,Sur,7.5,172.68
18,3.3,Fashion,100.45,4,0.075,3.0,0.421,False,Digital Wallet,Central,2.0,241.94
50,2.2,Electronics,92.49,1,0.172,4.4,0.097,True,Bank Transfer,Norte,6.7,103.61
18,5.8,Fashion,70.3,3,0.532,5.5,0.165,False,Bank Transfer,Norte,6.7,14.88
48,5.1,Home & Living,144.7,5,0.168,2.8,0.191,True,Bank Transfer,Sur,6.2,1011.79
33,2.5,Fashion,95.09,5,0.039,7.9,0.248,True,Credit Card,Central,9.6,1049.49
46,6.7,Fashion,78.21,4,0.026,0.9,0.646,True,Credit Card,Sur,6.8,829.99
22,4.9,Electronics,179.34,4,0.193,11.7,0.24,False,Credit Card,Sur,8.8,846.2
52,5.3,Electronics,195.94,0,0.127,3.8,0.05,False,Digital Wallet,Este,2.5,5.0
20,11.0,Electronics,99.02,0,0.054,2.2,0.278,True,Bank Transfer,Central,5.7,5.0
29,1.1,Fashion,90.6,5,0.021,3.8,0.361,False,Credit Card,Sur,9.3,718.6
26,1.1,Electronics,191.01,0,0.027,2.9,0.566,False,Credit Card,Central,6.7,5.0
18,7.7,Fashion,95.4,1,0.082,4.5,0.252,False,Credit Card,Este,6.6,140.05
39,5.2,Fashion,90.04,3,0.227,4.0,0.326,False,Digital Wallet,Central,5.0,278.13
59,9.1,Fashion,57.58,2,0.299,5.3,0.187,True,Digital Wallet,Norte,9.8,100.34
70,0.5,Electronics,144.34,0,0.02,5.7,0.179,True,Bank Transfer,Central,6.5,5.0
39,3.5,Home & Living,139.72,0,0.0,4.6,0.381,False,Credit Card,Central,9.2,5.0
51,0.5,Fashion,111.56,3,0.286,4.6,0.3,False,Credit Card,Oeste,8.9,197.37
40,2.5,Electronics,229.23,2,0.013,2.1,0.365,False,Digital Wallet,Central,2.6,346.74
43,0.6,Electronics,198.31,1,0.046,9.3,0.4,True,Bank Transfer,Central,6.5,318.38
33,0.5,Fashion,90.47,5,0.027,4.9,0.234,True,Digital Wallet,Central,8.5,690.86
40,0.5,Fashion,81.96,8,0.085,3.6,0.658,True,Bank Transfer,Este,9.9,1016.41
44,3.5,Electronics,85.0,2,0.061,1.4,0.432,False,Digital Wallet,Sur,10.0,312.91
31,1.6,Electronics,254.29,1,0.453,3.4,0.332,True,Bank Transfer,Sur,3.9,15.69
37,0.5,Electronics,232.3,3,0.024,8.2,0.35,True,Bank Transfer,Este,8.4,1280.06
37,1.4,Home & Living,106.76,1,0.001,7.9,0.472,False,Digital Wallet,Central,7.6,184.39
47,0.6,Fashion,133.3,8,0.03,7.4,0.28,True,Credit Card,Oeste,3.5,1255.36
25,9.9,Fashion,77.36,6,0.435,7.6,0.354,True,Credit Card,Central,6.4,68.59
37,1.3,Home & Living,32.81,4,0.108,8.5,0.54,False,Digital Wallet,Este,6.2,162.59
60,1.4,Fashion,89.05,5,0.153,4.6,0.041,False,Credit Card,Sur,6.6,355.6
51,6.4,Fashion,70.43,3,0.267,5.8,0.297,True,Credit Card,Sur,7.0,212.34
54,3.7,Electronics,183.7,2,0.421,9.6,0.408,False,Bank Transfer,Central,9.2,30.79
38,4.3,Fashion,51.86,4,0.29,2.3,0.224,True,Credit Card,Norte,7.4,205.96
41,3.5,Electronics,190.46,0,0.018,1.7,0.616,False,Bank Transfer,Oeste,7.1,5.0
50,10.2,Fashion,93.37,10,0.344,4.3,0.456,True,Digital Wallet,Oeste,8.2,615.71
56,0.8,Electronics,142.3,2,0.239,5.5,0.34,False,Bank Transfer,Norte,3.7,126.15
18,15.0,Electronics,166.25,1,0.121,1.8,0.594,True,Credit Card,Sur,7.6,292.7
22,6.2,Electronics,143.25,2,0.092,4.7,0.112,True,Digital Wallet,Sur,5.3,487.11
53,3.1,Fashion,66.96,3,0.209,4.2,0.204,True,Digital Wallet,Este,2.8,131.23
34,3.8,Home & Living,52.15,0,0.009,2.4,0.437,False,Digital Wallet,Este,7.9,5.0
29,3.7,Fashion,37.27,2,0.056,3.2,0.379,True,Credit Card,Sur,7.0,137.62
22,0.5,Home & Living,75.59,3,0.003,3.0,0.214,False,Digital Wallet,Central,3.9,160.09
31,0.9,Fashion,109.51,5,0.17,2.4,0.543,True,Bank Transfer,Central,10.0,742.18
21,11.4,Fashion,97.73,5,0.083,5.0,0.031,True,Bank Transfer,Sur,6.1,841.97
63,2.7,Electronics,171.07,1,0.153,7.6,0.131,True,Bank Transfer,Este,8.8,215.28
37,1.7,Home & Living,90.31,1,0.003,2.9,0.4,False,Digital Wallet,Oeste,8.1,110.97
37,5.0,Electronics,225.64,3,0.313,2.4,0.232,True,Digital Wallet,Norte,6.8,486.79
45,2.6,Fashion,87.87,5,0.388,11.7,0.313,True,Digital Wallet,Sur,7.4,102.66
49,0.5,Fashion,37.98,7,0.455,4.4,0.575,False,Digital Wallet,Sur,1.9,6.58
49,4.7,Fashion,61.79,4,0.038,1.6,0.171,False,Digital Wallet,Norte,3.9,165.38
50,4.6,Electronics,220.96,2,0.005,7.8,0.247,True,Credit Card,Norte,4.0,531.71
30,0.6,Fashion,52.22,4,0.055,3.8,0.034,True,Credit Card,Sur,8.0,333.09
34,11.0,Home & Living,167.21,4,0.047,3.0,0.507,True,Credit Card,Norte,9.7,1479.9
47,0.9,Home & Living,144.77,3,0.022,5.0,0.365,False,Credit Card,Oeste,7.9,634.02
31,2.1,Home & Living,168.3,2,0.006,3.1,0.03,False,Bank Transfer,Sur,9.1,469.84
37,0.5,Electronics,213.27,1,0.085,10.1,0.144,False,Credit Card,Central,8.4,229.19
42,3.2,Fashion,78.15,4,0.086,4.0,0.111,False,Credit Card,Norte,5.9,416.06
47,1.6,Electronics,33.88,3,0.137,3.3,0.21,False,Bank Transfer,Este,9.3,126.69
18,1.5,Home & Living,128.24,3,0.036,3.5,0.39,False,Credit Card,Norte,9.2,442.44
46,6.1,Electronics,166.73,4,0.177,3.1,0.446,True,Bank Transfer,Central,7.2,961.57
35,0.5,Fashion,50.85,5,0.279,0.8,0.245,False,Digital Wallet,Central,7.2,158.02
46,5.6,Home & Living,65.57,3,0.019,3.9,0.231,False,Digital Wallet,Central,7.8,284.95
47,3.0,Fashion,40.59,4,0.32,2.5,0.138,True,Digital Wallet,Sur,7.3,123.62
57,15.0,Fashion,133.43,4,0.333,1.8,0.184,False,Credit Card,Central,8.3,294.84
54,3.1,Electronics,237.08,1,0.077,5.1,0.761,False,Credit Card,Este,9.2,300.03
54,0.5,Fashion,76.73,3,0.021,0.5,0.475,False,Credit Card,Central,8.4,239.79
55,0.5,Home & Living,15.0,3,0.016,1.7,0.061,False,Credit Card,Norte,5.8,38.48
41,7.5,Fashion,91.42,2,0.032,2.2,0.443,True,Credit Card,Central,9.5,508.86
38,6.4,Electronics,145.79,1,0.153,7.8,0.106,True,Credit Card,Central,3.4,162.78
48,1.5,Electronics,219.99,2,0.372,9.0,0.281,True,Digital Wallet,Sur,7.6,162.06
46,3.4,Electronics,151.28,1,0.03,1.8,0.187,False,Credit Card,Central,3.5,130.75
34,2.4,Fashion,91.73,7,0.207,8.9,0.693,True,Digital Wallet,Sur,7.3,876.79
42,12.0,Electronics,128.79,2,0.066,3.8,0.391,False,Bank Transfer,Este,6.3,383.06
37,10.5,Fashion,88.45,6,0.094,1.5,0.451,True,Credit Card,Norte,8.5,1134.37
27,14.4,Fashion,51.22,7,0.055,9.3,0.712,True,Credit Card,Norte,8.0,1076.53
53,7.0,Home & Living,96.33,7,0.029,11.6,0.025,True,Digital Wallet,Central,4.3,741.37
38,8.4,Electronics,243.04,2,0.311,4.2,0.196,True,Digital Wallet,Norte,9.3,468.79
62,0.9,Home & Living,54.29,1,0.087,7.3,0.145,False,Digital Wallet,Norte,6.0,47.44
18,6.2,Fashion,123.15,5,0.252,3.0,0.339,True,Digital Wallet,Norte,7.0,665.95
31,4.3,Fashion,72.1,7,0.061,8.1,0.884,False,Credit Card,Este,8.0,1087.19
38,11.5,Home & Living,115.41,2,0.155,5.3,0.312,True,Bank Transfer,Oeste,7.1,360.95
51,3.0,Electronics,15.0,1,0.409,2.3,0.22,False,Bank Transfer,Este,7.3,5.0
42,0.5,Fashion,87.84,5,0.27,1.9,0.15,False,Digital Wallet,Norte,7.0,292.11
41,3.2,Electronics,195.35,0,0.009,7.7,0.6,True,Credit Card,Este,8.3,5.0
24,4.1,Fashion,54.54,7,0.205,3.6,0.445,False,Credit Card,Sur,7.1,406.04
24,0.9,Fashion,50.59,2,0.124,9.7,0.126,False,Credit Card,Sur,8.5,124.53
41,1.8,Electronics,235.16,4,0.261,5.4,0.416,False,Bank Transfer,Este,5.6,729.99
21,3.2,Fashion,20.65,7,0.092,8.1,0.307,True,Bank Transfer,Este,8.0,220.85
31,1.6,Fashion,74.01,4,0.241,3.5,0.17,True,Bank Transfer,Sur,7.7,262.91
44,1.6,Home & Living,139.79,1,0.039,2.6,0.365,False,Digital Wallet,Sur,8.3,179.49
26,0.5,Electronics,44.44,4,0.25,4.2,0.247,False,Credit Card,Norte,7.0,135.33
57,9.9,Electronics,180.71,3,0.004,1.5,0.313,False,Digital Wallet,Norte,7.6,703.43
52,4.9,Fashion,49.61,3,0.024,3.1,0.279,True,Credit Card,Sur,9.4,247.06
19,0.5,Electronics,254.83,1,0.06,1.9,0.743,False,Credit Card,Central,7.2,290.75
26,5.1,Fashion,77.06,4,0.101,9.0,0.179,True,Credit Card,Norte,9.5,641.34
18,4.7,Electronics,208.41,1,0.144,2.3,0.216,True,Digital Wallet,Central,9.7,270.71
28,0.5,Electronics,230.68,1,0.034,4.1,0.121,False,Credit Card,Este,9.7,365.54
47,1.6,Home & Living,105.17,1,0.0,1.7,0.226,False,Bank Transfer,Este,7.6,126.13
33,3.3,Home & Living,89.9,1,0.027,2.0,0.283,False,Digital Wallet,Norte,3.3,73.32
43,2.1,Fashion,106.95,3,0.019,2.1,0.073,True,Credit Card,Norte,7.0,565.35
19,5.3,Home & Living,108.76,2,0.005,3.2,0.304,True,Digital Wallet,Central,6.7,338.63
47,1.9,Fashion,74.53,7,0.09,1.9,0.401,False,Credit Card,Norte,8.7,679.8
31,0.6,Fashion,82.2,5,0.077,3.3,0.314,False,Credit Card,Norte,8.1,461.76
38,13.1,Home & Living,111.41,3,0.002,7.7,0.048,True,Credit Card,Norte,8.4,794.47
36,1.0,Fashion,65.7,1,0.062,0.7,0.256,False,Bank Transfer,Norte,6.0,75.9
22,4.4,Fashion,35.42,3,0.245,3.9,0.321,False,Credit Card,Norte,6.5,94.44
24,0.5,Fashion,66.17,5,0.031,13.9,0.176,False,Bank Transfer,Central,7.7,446.25
49,1.4,Home & Living,82.19,6,0.006,6.0,0.107,False,Credit Card,Oeste,7.8,481.04
42,2.0,Electronics,204.07,1,0.035,2.1,0.543,False,Credit Card,Sur,6.1,308.66
50,0.7,Electronics,109.83,0,0.124,11.4,0.225,True,Credit Card,Norte,7.0,5.0
41,2.1,Electronics,282.28,1,0.041,6.8,0.054,True,Digital Wallet,Este,9.9,444.13
39,0.6,Electronics,128.46,0,0.0,4.6,0.28,False,Bank Transfer,Central,8.0,5.0
18,2.9,Electronics,179.98,0,0.159,2.0,0.134,False,Digital Wallet,Central,8.2,5.0
34,3.8,Home & Living,70.08,1,0.159,9.1,0.049,True,Digital Wallet,Central,9.1,113.35
37,0.5,Fashion,36.85,6,0.009,3.0,0.072,False,Credit Card,Sur,7.5,270.06
61,7.2,Electronics,56.81,1,0.171,7.7,0.626,False,Credit Card,Central,3.3,35.88
46,0.7,Home & Living,121.88,0,0.002,4.0,0.424,False,Credit Card,Sur,5.0,5.0
56,0.9,Fashion,55.67,6,0.101,6.9,0.237,False,Credit Card,Norte,2.4,181.64
45,3.8,Fashion,119.26,0,0.208,3.4,0.219,False,Credit Card,Norte,7.5,5.0
29,2.2,Fashion,105.81,7,0.063,6.1,0.209,False,Credit Card,Norte,9.1,1216.81
39,2.4,Home & Living,114.38,4,0.072,2.6,0.394,False,Credit Card,Norte,3.0,343.54
40,0.5,Electronics,265.9,1,0.022,6.8,0.285,True,Credit Card,Central,6.3,581.51
26,5.7,Electronics,149.96,2,0.279,3.3,0.233,False,Bank Transfer,Norte,1.8,112.34
33,3.4,Electronics,154.21,1,0.103,5.6,0.385,False,Credit Card,Este,9.3,213.57
35,0.5,Fashion,81.19,3,0.196,1.2,0.326,False,Digital Wallet,Central,8.1,173.72
57,1.6,Fashion,97.8,8,0.115,4.7,0.244,False,Bank Transfer,Central,6.0,852.91
18,5.8,Electronics,202.54,4,0.094,1.3,0.446,True,Digital Wallet,Central,7.3,1196.74
52,2.9,Electronics,153.41,2,0.264,3.9,0.491,False,Digital Wallet,Central,2.1,81.18
26,0.5,Fashion,73.3,4,0.392,2.9,0.447,False,Credit Card,Norte,9.4,62.97
21,1.6,Fashion,78.27,4,0.012,6.6,0.288,True,Credit Card,Central,2.7,316.41
52,1.0,Fashion,42.41,7,0.189,8.5,0.431,False,Credit Card,Norte,8.0,290.44
46,2.6,Home & Living,39.56,2,0.0,1.9,0.628,False,Digital Wallet,Central,8.1,94.94
53,6.5,Home & Living,88.24,1,0.003,2.7,0.225,True,Digital Wallet,Sur,7.6,130.47
47,2.0,Electronics,186.75,0,0.078,3.9,0.165,False,Bank Transfer,Central,7.3,5.0
62,2.0,Fashion,100.01,3,0.215,5.4,0.755,True,Digital Wallet,Oeste,2.2,172.33
44,8.3,Electronics,143.95,3,0.076,1.5,0.434,False,Digital Wallet,Sur,6.7,498.91
36,3.0,Fashion,70.1,3,0.306,3.7,0.425,False,Digital Wallet,Sur,6.9,147.79
42,2.9,Fashion,100.36,3,0.167,2.0,0.196,False,Bank Transfer,Sur,4.4,195.9
52,1.1,Electronics,274.84,2,0.066,3.8,0.423,True,Digital Wallet,Central,5.9,687.36
28,3.3,Home & Living,113.49,2,0.01,4.4,0.281,True,Credit Card,Norte,8.9,428.2
30,3.0,Home & Living,93.61,3,0.226,5.5,0.219,False,Digital Wallet,Central,7.5,257.39
34,1.8,Electronics,170.24,4,0.072,1.2,0.236,False,Credit Card,Oeste,7.1,874.42
18,15.0,Electronics,68.57,0,0.023,4.9,0.273,False,Credit Card,Central,6.3,5.0
39,7.5,Electronics,135.58,1,0.07,5.0,0.358,True,Digital Wallet,Este,3.5,157.36
18,4.8,Fashion,59.11,3,0.039,2.5,0.482,False,Digital Wallet,Central,5.5,205.48
38,2.7,Home & Living,86.36,4,0.034,1.7,0.597,True,Digital Wallet,Norte,9.4,736.65
48,2.2,Fashion,94.42,3,0.148,5.3,0.124,True,Digital Wallet,Este,6.6,375.79
32,0.7,Fashion,36.24,7,0.045,6.5,0.267,False,Digital Wallet,Norte,2.2,180.88
58,1.3,Home & Living,114.5,3,0.064,2.4,0.085,False,Digital Wallet,Oeste,7.4,337.18
20,5.2,Fashion,123.34,6,0.175,6.0,0.371,False,Credit Card,Central,8.5,1010.96
52,2.1,Fashion,46.56,4,0.173,1.8,0.417,True,Digital Wallet,Sur,7.9,171.81
46,7.5,Fashion,93.45,4,0.199,4.5,0.391,False,Digital Wallet,Central,2.3,236.07
18,0.6,Home & Living,75.21,2,0.005,9.3,0.286,False,Credit Card,Central,7.5,181.13
70,2.5,Electronics,193.51,2,0.201,5.9,0.359,False,Credit Card,Central,3.2,213.16
37,3.6,Electronics,250.5,2,0.038,2.2,0.301,True,Credit Card,Este,7.7,1189.51
27,2.5,Electronics,224.21,0,0.045,7.8,0.063,False,Credit Card,Sur,6.2,5.0
21,7.7,Home & Living,34.97,4,0.045,6.4,0.727,True,Credit Card,Central,8.8,242.42
35,15.0,Fashion,90.63,4,0.093,1.2,0.128,True,Credit Card,Norte,6.8,632.66
36,0.5,Electronics,179.23,1,0.047,10.8,0.313,False,Digital Wallet,Este,2.2,123.22
39,0.5,Home & Living,96.13,1,0.013,4.9,0.149,False,Digital Wallet,Sur,8.1,117.08
34,0.5,Home & Living,92.35,2,0.065,7.9,0.607,False,Bank Transfer,Sur,10.0,247.86
45,4.0,Home & Living,135.4,2,0.001,3.1,0.072,False,Bank Transfer,Norte,7.5,469.13
33,1.6,Electronics,204.11,3,0.206,9.6,0.847,False,Credit Card,Este,8.2,769.0
18,4.6,Home & Living,143.42,2,0.128,4.9,0.067,True,Digital Wallet,Sur,9.5,375.19
36,1.8,Electronics,175.94,1,0.001,6.1,0.514,True,Digital Wallet,Central,6.9,369.38
18,3.5,Electronics,167.89,3,0.007,1.1,0.496,False,Credit Card,Central,8.0,667.37
42,5.1,Fashion,83.74,4,0.162,5.2,0.343,False,Credit Card,Este,7.1,352.23
26,2.8,Fashion,101.47,4,0.152,5.7,0.423,True,Digital Wallet,Central,6.7,492.71
39,2.7,Electronics,161.25,0,0.161,7.6,0.448,True,Digital Wallet,Sur,5.8,5.0
53,0.5,Fashion,81.94,4,0.134,6.0,0.418,True,Credit Card,Oeste,8.6,463.01
26,1.9,Home & Living,94.82,4,0.006,1.7,0.148,False,Credit Card,Sur,6.0,584.08
50,2.8,Fashion,100.98,5,0.066,7.8,0.242,False,Digital Wallet,Sur,8.2,707.27
32,2.2,Fashion,59.63,5,0.105,7.4,0.305,False,Bank Transfer,Este,7.9,490.41
59,8.1,Electronics,126.95,3,0.063,1.3,0.101,False,Credit Card,Norte,2.4,261.04
33,8.3,Home & Living,127.86,2,0.068,2.8,0.331,False,Credit Card,Central,9.3,371.57
27,6.0,Electronics,239.58,2,0.371,4.1,0.41,True,Credit Card,Norte,5.8,240.43
46,1.6,Fashion,54.45,4,0.063,7.8,0.57,False,Bank Transfer,Central,8.8,272.35
32,4.4,Electronics,180.67,3,0.081,11.3,0.265,False,Credit Card,Este,4.2,560.25
27,1.8,Home & Living,84.78,1,0.055,3.7,0.288,True,Credit Card,Sur,7.7,135.62
32,0.9,Electronics,119.31,1,0.143,12.8,0.555,False,Digital Wallet,Sur,4.1,73.12
37,1.5,Fashion,62.08,7,0.584,5.5,0.224,False,Credit Card,Este,7.5,37.66
54,0.5,Fashion,100.43,3,0.053,6.2,0.196,True,Credit Card,Norte,9.8,446.97
18,1.4,Home & Living,61.59,3,0.0,3.1,0.125,False,Digital Wallet,Este,10.0,222.33
38,2.2,Electronics,219.92,0,0.006,5.4,0.107,False,Digital Wallet,Central,4.4,5.0
45,10.9,Fashion,56.67,6,0.177,6.7,0.594,True,Digital Wallet,Norte,9.4,523.96
40,1.3,Electronics,156.09,3,0.008,10.0,0.283,True,Bank Transfer,Sur,3.2,521.56
53,8.1,Home & Living,134.99,4,0.354,3.0,0.325,True,Digital Wallet,Norte,6.6,220.81
37,0.9,Fashion,83.53,4,0.154,3.5,0.242,False,Credit Card,Norte,8.2,516.85
35,0.7,Fashion,95.12,5,0.138,2.9,0.164,False,Credit Card,Central,6.7,598.28
45,2.6,Fashion,68.04,8,0.143,3.9,0.181,False,Digital Wallet,Este,3.4,401.23
39,3.9,Electronics,282.21,0,0.042,6.2,0.197,False,Credit Card,Este,9.6,5.0
33,0.5,Electronics,164.18,2,0.07,2.5,0.116,False,Credit Card,Este,7.7,425.29
44,0.9,Fashion,63.2,5,0.23,3.3,0.048,False,Credit Card,Central,5.2,263.79
30,2.1,Home & Living,88.56,4,0.005,4.5,0.156,False,Credit Card,Central,1.0,181.88
30,1.4,Fashion,25.43,7,0.062,2.6,0.403,False,Credit Card,Norte,7.7,271.39
31,4.4,Home & Living,46.74,5,0.522,8.0,0.08,False,Credit Card,Oeste,6.0,18.52
54,2.5,Electronics,251.7,0,0.0,2.8,0.077,True,Digital Wallet,Norte,7.9,5.0
18,0.6,Home & Living,48.38,2,0.0,7.7,0.264,True,Credit Card,Este,6.8,162.08
42,7.9,Fashion,66.63,4,0.528,4.7,0.737,False,Credit Card,Norte,8.2,27.1
38,1.2,Fashion,58.33,5,0.135,2.7,0.288,True,Credit Card,Oeste,7.5,405.71
18,4.6,Fashion,32.46,6,0.089,1.3,0.33,False,Credit Card,Oeste,3.7,139.15
41,5.3,Fashion,99.0,2,0.386,1.4,0.213,False,Credit Card,Norte,8.5,57.33
43,11.6,Fashion,93.25,4,0.043,2.6,0.342,True,Digital Wallet,Norte,6.2,800.41
45,2.4,Fashion,113.79,2,0.068,1.7,0.234,False,Credit Card,Norte,2.7,200.15
18,3.3,Fashion,52.08,2,0.203,2.0,0.095,False,Credit Card,Sur,8.6,81.25
54,1.4,Electronics,185.72,2,0.002,1.5,0.221,False,Credit Card,Sur,6.4,394.97
29,4.0,Electronics,204.94,2,0.486,1.0,0.233,True,Credit Card,Oeste,3.8,27.22
46,2.2,Electronics,183.09,0,0.077,3.8,0.332,True,Credit Card,Norte,8.6,5.0
46,2.0,Fashion,88.41,2,0.007,4.7,0.274,False,Credit Card,Central,9.5,303.65
27,6.8,Fashion,36.11,4,0.013,4.1,0.411,False,Credit Card,Norte,7.2,309.86
45,0.5,Fashion,71.72,5,0.059,10.7,0.217,False,Digital Wallet,Este,7.4,449.11
33,7.5,Fashion,26.3,9,0.053,0.9,0.362,False,Digital Wallet,Sur,9.0,396.05
18,6.7,Electronics,124.49,3,0.004,1.7,0.275,True,Bank Transfer,Sur,8.8,810.0
52,2.5,Home & Living,81.39,5,0.069,1.5,0.465,False,Credit Card,Sur,7.2,547.63
28,2.4,Electronics,214.94,4,0.001,2.3,0.363,False,Credit Card,Este,7.0,1764.17
27,1.6,Fashion,68.43,3,0.008,4.8,0.709,False,Credit Card,Central,8.5,298.19
33,15.0,Electronics,142.84,3,0.162,0.5,0.283,True,Digital Wallet,Sur,8.1,700.34
41,0.5,Fashion,77.86,8,0.174,4.4,0.689,False,Credit Card,Central,6.4,670.17
37,3.1,Fashion,74.4,2,0.381,1.2,0.346,True,Bank Transfer,Sur,8.7,56.63
44,4.0,Fashion,83.31,4,0.075,3.2,0.38,False,Digital Wallet,Sur,4.0,265.57
21,9.5,Fashion,43.76,4,0.142,4.7,0.307,False,Bank Transfer,Sur,7.5,180.0
29,5.3,Electronics,196.82,2,0.116,1.7,0.309,False,Digital Wallet,Este,4.5,356.13
36,3.6,Electronics,186.1,2,0.016,5.3,0.287,False,Digital Wallet,Sur,5.9,530.93
60,0.5,Fashion,70.85,4,0.151,8.3,0.409,False,Credit Card,Norte,8.9,307.53
36,1.6,Home & Living,116.74,7,0.127,4.4,0.625,False,Credit Card,Central,6.0,1018.09
51,0.5,Fashion,85.04,3,0.234,2.5,0.526,False,Credit Card,Este,7.8,210.13
38,7.5,Electronics,190.8,4,0.093,9.9,0.13,True,Credit Card,Norte,9.3,1691.59
32,4.8,Fashion,82.18,5,0.058,2.3,0.556,False,Bank Transfer,Norte,7.4,516.92
35,5.0,Fashion,96.13,6,0.015,2.8,0.727,False,Credit Card,Central,9.0,939.37
35,3.7,Fashion,87.68,7,0.153,1.6,0.102,False,Credit Card,Norte,8.6,690.52
45,2.5,Home & Living,47.77,2,0.281,2.8,0.66,False,Credit Card,Norte,7.6,74.72
54,0.6,Fashion,86.05,3,0.086,7.5,0.211,False,Credit Card,Central,8.2,291.15
42,1.4,Electronics,221.21,0,0.019,0.7,0.095,False,Credit Card,Central,7.5,5.0
52,0.5,Electronics,162.83,3,0.061,2.3,0.287,True,Digital Wallet,Sur,8.3,574.68
26,4.5,Fashion,66.17,6,0.24,5.1,0.092,False,Credit Card,Este,5.0,401.57
33,0.6,Fashion,113.79,3,0.46,3.0,0.207,False,Digital Wallet,Central,1.4,10.07
29,4.2,Electronics,295.97,1,0.518,4.8,0.216,False,Bank Transfer,Norte,3.5,12.68
41,4.1,Home & Living,43.61,2,0.033,6.8,0.104,True,Credit Card,Sur,8.3,190.53
33,2.2,Electronics,204.83,2,0.015,1.7,0.344,False,Credit Card,Central,9.2,744.67
46,0.5,Fashion,79.84,4,0.31,3.1,0.369,False,Digital Wallet,Central,7.3,145.19
26,1.3,Electronics,153.62,0,0.002,5.1,0.383,False,Credit Card,Central,9.1,5.0
38,1.4,Home & Living,145.44,1,0.026,2.4,0.736,True,Credit Card,Este,5.7,274.45
46,4.2,Home & Living,106.9,1,0.016,3.7,0.185,True,Credit Card,Sur,9.0,217.47
18,0.5,Electronics,222.26,3,0.01,1.4,0.331,False,Credit Card,Central,6.6,756.01
63,6.2,Home & Living,59.33,2,0.26,8.8,0.214,False,Credit Card,Este,5.4,76.39
34,5.0,Electronics,130.48,2,0.0,7.9,0.233,False,Credit Card,Norte,7.7,497.03
18,0.7,Fashion,78.94,3,0.216,3.4,0.092,False,Bank Transfer,Sur,3.5,96.26
39,4.4,Home & Living,79.8,2,0.001,2.2,0.443,True,Credit Card,Este,8.4,364.7
38,3.9,Fashion,61.65,4,0.245,8.0,0.262,True,Digital Wallet,Norte,6.5,346.69
37,4.8,Home & Living,106.57,0,0.002,1.8,0.376,False,Credit Card,Norte,7.7,5.0
49,0.7,Home & Living,112.82,1,0.009,2.6,0.523,True,Credit Card,Sur,5.0,168.17
46,0.6,Home & Living,83.82,4,0.004,8.6,0.384,False,Digital Wallet,Central,6.9,394.33
41,0.9,Electronics,240.21,3,0.251,3.1,0.382,False,Credit Card,Central,2.4,274.97
43,1.6,Electronics,171.71,0,0.051,5.5,0.461,False,Credit Card,Norte,6.6,5.0
36,5.5,Fashion,31.82,2,0.14,1.9,0.297,False,Digital Wallet,Central,6.9,74.11
59,4.7,Fashion,99.78,3,0.532,8.0,0.278,True,Credit Card,Norte,7.6,32.8
20,9.1,Fashion,64.08,7,0.046,2.8,0.228,False,Digital Wallet,Norte,8.5,655.34
39,0.5,Electronics,229.11,3,0.007,5.0,0.59,False,Credit Card,Central,6.6,1168.08
38,0.5,Home & Living,129.36,5,0.029,6.4,0.417,False,Credit Card,Sur,3.5,584.25
47,4.2,Home & Living,82.38,1,0.02,3.7,0.259,False,Credit Card,Norte,7.6,114.47
27,1.1,Fashion,78.43,5,0.046,3.6,0.288,True,Bank Transfer,Norte,2.0,325.93
18,1.4,Electronics,149.91,1,0.002,9.6,0.576,False,Credit Card,Norte,8.0,227.27
39,2.8,Electronics,233.09,0,0.182,4.9,0.455,True,Digital Wallet,Central,8.1,5.0
41,0.5,Electronics,195.97,0,0.001,3.6,0.442,False,Digital Wallet,Central,5.4,5.0
55,3.6,Fashion,63.43,4,0.39,4.2,0.775,False,Digital Wallet,Norte,8.1,60.94
22,1.4,Home & Living,91.76,2,0.063,2.2,0.32,False,Bank Transfer,Central,7.4,146.79
51,3.5,Electronics,133.85,4,0.329,3.2,0.259,True,Credit Card,Central,6.6,305.17
66,6.3,Fashion,71.57,5,0.233,5.5,0.452,True,Bank Transfer,Central,8.3,471.57
33,0.7,Fashion,114.82,5,0.549,3.8,0.572,False,Digital Wallet,Sur,5.4,41.12
22,9.4,Electronics,222.1,1,0.006,3.2,0.162,True,Bank Transfer,Sur,8.1,483.68
33,2.6,Fashion,39.46,5,0.059,6.4,0.453,False,Credit Card,Central,2.7,187.33
38,9.0,Fashion,33.23,5,0.246,3.1,0.53,True,Credit Card,Norte,7.8,224.57
44,0.8,Home & Living,20.67,4,0.001,6.2,0.866,False,Credit Card,Central,7.4,113.86
30,3.2,Fashion,87.87,3,0.04,1.5,0.061,False,Credit Card,Central,8.7,464.06
56,1.8,Fashion,40.73,5,0.07,3.9,0.37,False,Digital Wallet,Sur,9.8,268.99
24,5.2,Electronics,162.05,1,0.312,5.3,0.546,False,Credit Card,Norte,6.2,97.08
18,3.3,Electronics,181.31,3,0.002,4.0,0.236,True,Bank Transfer,Norte,7.7,752.17
51,2.4,Electronics,109.24,2,0.03,3.5,0.779,False,Credit Card,Central,8.8,293.01
18,8.5,Fashion,79.71,4,0.061,8.0,0.201,True,Digital Wallet,Norte,6.2,580.06
35,1.7,Electronics,259.84,2,0.011,1.4,0.397,False,Credit Card,Norte,2.2,379.95
75,0.9,Electronics,119.91,0,0.156,10.4,0.144,False,Credit Card,Norte,6.8,5.0
37,3.3,Fashion,46.33,5,0.03,7.7,0.188,False,Digital Wallet,Central,8.7,456.83
24,3.4,Fashion,80.48,3,0.139,6.3,0.535,True,Digital Wallet,Central,6.4,396.6
37,2.0,Electronics,326.4,1,0.015,3.2,0.147,False,Digital Wallet,Norte,6.3,437.45
37,2.3,Electronics,205.57,1,0.009,4.2,0.05,False,Digital Wallet,Este,8.3,311.81
39,11.2,Fashion,87.68,6,0.058,10.4,0.333,True,Bank Transfer,Central,7.2,1083.53
45,4.6,Electronics,183.76,0,0.061,1.6,0.355,False,Credit Card,Este,7.1,5.0
25,0.5,Fashion,37.5,3,0.009,0.3,0.359,False,Credit Card,Oeste,7.4,139.8
58,0.8,Fashion,64.02,3,0.234,13.0,0.22,False,Credit Card,Central,7.5,158.97
40,13.0,Electronics,151.55,3,0.005,12.0,0.36,False,Credit Card,Oeste,9.9,1261.34
46,4.5,Electronics,171.33,2,0.077,8.6,0.245,False,Credit Card,Central,1.4,268.51
30,8.6,Electronics,140.14,1,0.023,9.5,0.176,True,Credit Card,Central,8.6,350.28
53,1.3,Electronics,158.17,0,0.195,2.2,0.271,False,Digital Wallet,Sur,2.3,5.0
34,4.7,Home & Living,114.21,2,0.191,9.7,0.049,True,Credit Card,Sur,9.8,388.58
41,4.4,Fashion,113.65,9,0.068,4.2,0.17,False,Credit Card,Norte,7.5,1763.69
26,1.2,Fashion,78.7,6,0.045,7.6,0.65,False,Digital Wallet,Este,7.6,793.19
26,2.8,Fashion,99.48,3,0.035,9.8,0.605,True,Bank Transfer,Sur,3.1,351.08
46,3.5,Electronics,110.15,1,0.123,2.4,0.215,False,Digital Wallet,Central,8.0,161.49
32,2.3,Electronics,43.72,4,0.109,2.0,0.246,False,Credit Card,Sur,9.0,227.23
27,6.1,Home & Living,122.44,4,0.026,16.7,0.173,True,Credit Card,Norte,9.9,1059.2
30,6.3,Home & Living,38.52,1,0.223,2.3,0.41,True,Bank Transfer,Norte,4.1,21.98
46,6.7,Fashion,65.73,0,0.116,3.1,0.232,False,Bank Transfer,Norte,7.0,5.0
30,5.7,Fashion,112.4,6,0.21,1.8,0.429,True,Bank Transfer,Norte,1.9,316.3
36,2.3,Home & Living,115.02,4,0.007,4.5,0.248,True,Credit Card,Oeste,8.5,1103.53
38,1.7,Electronics,130.27,3,0.008,2.8,0.297,False,Credit Card,Este,2.3,360.5
18,6.2,Electronics,157.86,1,0.107,9.7,0.241,False,Digital Wallet,Norte,10.0,200.06
20,2.4,Electronics,124.32,2,0.287,3.3,0.719,False,Digital Wallet,Central,8.6,164.41
42,1.0,Fashion,99.19,3,0.035,4.2,0.325,False,Bank Transfer,Sur,2.4,219.66
29,2.5,Electronics,253.2,0,0.029,1.3,0.349,False,Credit Card,Sur,8.5,5.0
50,0.5,Fashion,73.33,2,0.388,6.9,0.34,True,Bank Transfer,Sur,7.7,35.2
49,4.1,Fashion,70.32,6,0.414,13.8,0.454,True,Bank Transfer,Norte,6.3,61.41
46,1.4,Fashion,48.19,6,0.027,3.9,0.256,False,Credit Card,Oeste,6.1,350.05
59,1.1,Electronics,120.62,0,0.081,4.3,0.315,False,Bank Transfer,Sur,6.6,5.0
37,11.0,Fashion,72.71,0,0.04,2.3,0.195,False,Bank Transfer,Central,3.8,5.0
45,5.3,Fashion,71.65,2,0.323,6.2,0.391,False,Credit Card,Sur,7.3,109.5
30,5.4,Electronics,129.08,4,0.057,7.5,0.467,False,Credit Card,Sur,7.8,987.7
67,3.4,Electronics,176.84,1,0.13,2.1,0.476,False,Credit Card,Norte,8.7,198.18
61,6.4,Fashion,49.46,8,0.174,5.9,0.402,True,Credit Card,Sur,9.1,587.42
38,5.0,Electronics,233.89,2,0.132,8.9,0.663,False,Bank Transfer,Central,1.9,359.95
42,3.2,Home & Living,56.18,5,0.138,13.7,0.241,True,Digital Wallet,Sur,3.5,340.52
54,11.4,Fashion,117.0,5,0.243,6.7,0.213,True,Credit Card,Sur,7.5,591.47
36,0.7,Electronics,176.92,0,0.09,1.8,0.569,False,Credit Card,Central,2.9,5.0
30,10.0,Fashion,66.52,5,0.032,6.8,0.254,True,Credit Card,Norte,4.7,578.25
48,1.8,Fashion,63.28,4,0.145,7.3,0.255,False,Credit Card,Central,6.7,277.88
38,2.6,Electronics,172.34,2,0.09,4.9,0.482,True,Credit Card,Norte,6.3,623.24
40,0.5,Electronics,65.25,1,0.03,4.0,0.294,False,Credit Card,Central,7.1,84.25
27,2.7,Fashion,70.64,4,0.262,1.2,0.184,False,Credit Card,Norte,9.2,224.47
18,3.3,Electronics,167.01,2,0.151,8.2,0.18,True,Credit Card,Este,6.8,448.32
40,15.0,Electronics,254.84,2,0.135,2.0,0.353,False,Digital Wallet,Central,9.2,819.14
48,12.9,Electronics,219.15,3,0.126,5.1,0.409,False,Credit Card,Este,8.9,1125.7
35,11.9,Electronics,151.07,2,0.026,3.8,0.357,True,Credit Card,Central,8.2,961.49
55,1.5,Fashion,79.55,4,0.268,5.1,0.378,False,Digital Wallet,Norte,8.1,200.62
29,15.0,Home & Living,40.83,1,0.003,3.9,0.187,True,Digital Wallet,Norte,8.2,99.09
25,2.1,Fashion,55.37,5,0.381,1.4,0.335,True,Credit Card,Central,7.3,80.23
37,6.7,Fashion,71.14,3,0.011,5.8,0.709,False,Bank Transfer,Central,8.0,388.19
37,0.9,Home & Living,84.43,3,0.069,9.2,0.093,False,Digital Wallet,Oeste,10.0,384.56
47,2.5,Electronics,134.4,1,0.209,5.4,0.331,False,Bank Transfer,Central,8.0,144.21
28,11.8,Electronics,155.38,1,0.013,8.8,0.32,True,Credit Card,Sur,9.5,469.02
54,10.3,Fashion,64.33,5,0.065,6.0,0.582,True,Credit Card,Este,7.7,597.3
61,4.0,Fashion,71.88,5,0.276,4.2,0.133,True,Credit Card,Este,8.9,353.26
37,5.6,Fashion,42.83,3,0.037,3.4,0.165,False,Digital Wallet,Este,10.0,265.34
52,0.7,Electronics,242.26,0,0.175,3.8,0.273,False,Bank Transfer,Norte,6.7,5.0
25,4.5,Electronics,222.25,2,0.164,7.3,0.262,True,Credit Card,Central,6.1,624.94
50,3.4,Fashion,114.47,9,0.037,14.5,0.387,False,Credit Card,Central,8.3,2113.97
50,0.5,Home & Living,139.75,4,0.085,4.6,0.251,False,Credit Card,Central,9.1,620.86
48,0.5,Fashion,77.11,2,0.205,9.6,0.439,False,Credit Card,Norte,7.7,163.92
37,0.5,Electronics,100.21,0,0.115,9.4,0.23,False,Digital Wallet,Este,7.3,5.0
18,4.5,Fashion,85.13,5,0.143,6.0,0.299,False,Credit Card,Norte,1.7,271.05
30,0.5,Electronics,174.04,2,0.044,6.6,0.089,True,Digital Wallet,Norte,8.0,460.21
30,2.2,Electronics,210.0,1,0.169,4.8,0.205,False,Credit Card,Norte,8.2,196.88
26,1.5,Electronics,176.1,0,0.096,6.4,0.184,False,Credit Card,Sur,6.0,5.0
39,2.8,Fashion,87.57,5,0.105,7.6,0.228,False,Bank Transfer,Central,2.6,312.98
32,4.3,Home & Living,48.77,4,0.344,18.6,0.205,False,Credit Card,Sur,9.0,92.3
28,4.0,Fashion,112.67,3,0.059,5.4,0.251,True,Bank Transfer,Oeste,10.0,730.17
25,2.5,Electronics,156.14,2,0.188,2.1,0.654,False,Bank Transfer,Sur,5.6,286.63
29,2.2,Electronics,77.84,1,0.017,5.1,0.174,False,Credit Card,Norte,6.0,139.32
51,1.8,Electronics,193.14,5,0.059,4.1,0.165,False,Digital Wallet,Norte,8.4,1055.36
30,6.9,Home & Living,68.76,2,0.019,3.8,0.551,False,Digital Wallet,Central,8.6,242.42
31,1.4,Fashion,33.92,3,0.01,7.6,0.319,True,Bank Transfer,Central,8.3,212.18
32,1.1,Electronics,191.4,5,0.061,4.6,0.066,False,Digital Wallet,Norte,6.9,1334.18
42,4.8,Fashion,95.95,8,0.017,0.8,0.207,True,Bank Transfer,Norte,6.4,1572.1
43,1.6,Fashion,79.8,5,0.034,0.9,0.42,False,Credit Card,Norte,9.7,679.86
18,6.6,Home & Living,99.53,6,0.001,3.3,0.143,False,Digital Wallet,Norte,5.0,669.79
50,1.4,Home & Living,79.63,1,0.001,0.7,0.262,False,Digital Wallet,Sur,9.5,104.29
55,4.2,Electronics,201.65,0,0.136,11.5,0.763,True,Credit Card,Oeste,8.2,5.0
25,0.5,Fashion,96.38,10,0.22,8.7,0.397,False,Credit Card,Sur,9.7,979.74
26,1.7,Fashion,92.52,6,0.18,0.9,0.181,True,Digital Wallet,Norte,10.0,897.58
32,1.5,Electronics,211.18,3,0.037,5.4,0.187,False,Digital Wallet,Oeste,1.6,484.76
28,5.9,Fashion,58.66,4,0.013,0.4,0.339,True,Digital Wallet,Central,7.0,509.88
40,11.9,Fashion,42.07,6,0.54,3.0,0.243,True,Digital Wallet,Sur,7.7,31.28
18,2.2,Electronics,138.49,3,0.123,1.8,0.094,False,Credit Card,Norte,1.2,170.14
24,6.1,Fashion,80.29,3,0.088,5.7,0.069,True,Bank Transfer,Sur,8.9,413.89
56,4.2,Fashion,74.88,5,0.042,2.9,0.259,False,Digital Wallet,Oeste,8.2,587.94
26,12.0,Electronics,128.21,2,0.355,2.7,0.405,True,Credit Card,Norte,8.1,127.97
52,5.8,Electronics,276.5,3,0.043,2.3,0.641,False,Digital Wallet,Sur,3.2,730.65
42,0.5,Fashion,49.83,5,0.047,3.3,0.245,True,Credit Card,Central,4.3,242.82
18,4.4,Electronics,173.33,0,0.023,5.3,0.179,True,Credit Card,Norte,6.1,5.0
45,2.7,Home & Living,62.49,1,0.384,12.2,0.389,True,Digital Wallet,Este,8.5,23.9
36,0.5,Electronics,131.46,2,0.128,5.6,0.361,False,Bank Transfer,Sur,9.1,308.74
32,1.0,Electronics,145.83,2,0.469,1.1,0.292,False,Digital Wallet,Oeste,3.0,9.98
40,8.9,Electronics,223.81,0,0.247,1.9,0.722,True,Credit Card,Oeste,2.4,5.0
43,9.1,Fashion,94.12,5,0.015,2.1,0.211,False,Digital Wallet,Oeste,10.0,1006.41
46,5.6,Fashion,75.51,4,0.043,4.1,0.666,True,Credit Card,Norte,5.9,664.5
52,14.0,Fashion,75.69,3,0.144,2.9,0.345,True,Bank Transfer,Sur,7.6,307.7
42,5.7,Electronics,173.77,3,0.173,5.8,0.411,True,Credit Card,Norte,7.1,751.28
21,0.5,Home & Living,114.24,3,0.037,8.5,0.1,False,Digital Wallet,Sur,7.0,404.15
32,1.2,Electronics,162.58,2,0.068,4.5,0.168,False,Bank Transfer,Este,8.6,373.88
73,0.5,Electronics,109.02,2,0.01,4.2,0.231,False,Credit Card,Norte,7.3,220.7
46,0.5,Electronics,264.83,0,0.135,5.6,0.564,False,Digital Wallet,Oeste,5.6,5.0
66,0.9,Electronics,243.76,2,0.04,6.5,0.656,False,Credit Card,Sur,8.4,679.17
54,2.5,Fashion,52.96,3,0.309,7.5,0.653,True,Credit Card,Norte,2.3,58.02
40,6.6,Electronics,153.14,1,0.154,2.5,0.849,True,Digital Wallet,Central,1.5,102.31
41,6.9,Electronics,146.48,3,0.042,5.2,0.471,False,Credit Card,Sur,7.1,660.05
37,3.4,Home & Living,103.82,5,0.158,5.7,0.419,True,Credit Card,Sur,6.8,834.78
18,9.2,Electronics,199.46,2,0.272,7.9,0.719,True,Credit Card,Central,7.2,378.58
38,2.4,Home & Living,113.9,6,0.123,2.8,0.39,False,Credit Card,Norte,6.7,1002.61
52,7.7,Fashion,104.47,2,0.014,7.7,0.243,False,Credit Card,Oeste,9.8,449.14
30,2.1,Electronics,175.25,2,0.092,7.6,0.087,True,Credit Card,Norte,3.8,336.41
42,1.1,Fashion,67.46,5,0.078,1.6,0.194,True,Credit Card,Sur,9.0,558.98
48,8.7,Fashion,56.46,4,0.249,2.8,0.225,True,Credit Card,Sur,3.8,184.48
27,1.7,Electronics,152.52,4,0.102,3.2,0.356,False,Credit Card,Norte,3.3,419.67
32,2.4,Home & Living,71.16,4,0.051,2.9,0.286,True,Credit Card,Este,5.3,475.83
25,1.4,Fashion,69.62,6,0.001,1.8,0.592,False,Digital Wallet,Este,8.1,565.04
28,3.8,Home & Living,141.2,4,0.012,3.8,0.224,True,Credit Card,Central,8.4,1232.63
22,15.0,Home & Living,40.82,4,0.194,2.6,0.38,True,Bank Transfer,Central,7.2,237.0
27,0.5,Electronics,122.54,1,0.022,3.5,0.217,False,Credit Card,Sur,8.7,176.55
55,8.1,Electronics,181.96,1,0.003,5.0,0.17,True,Credit Card,Central,8.5,392.52
27,0.5,Electronics,290.63,3,0.001,5.4,0.483,True,Credit Card,Norte,6.1,1545.32
39,1.6,Home & Living,74.96,1,0.087,1.1,0.177,False,Digital Wallet,Sur,6.7,86.57
31,0.6,Home & Living,84.29,4,0.0,12.7,0.611,False,Credit Card,Sur,4.4,345.93
52,5.0,Fashion,77.57,5,0.001,1.5,0.469,True,Credit Card,Este,6.7,765.0
53,0.5,Electronics,160.2,2,0.01,3.8,0.66,False,Credit Card,Oeste,9.4,427.94
48,2.8,Electronics,141.46,0,0.027,4.0,0.402,False,Digital Wallet,Sur,7.6,5.0
41,1.2,Home & Living,100.65,4,0.015,0.7,0.008,False,Credit Card,Sur,7.7,478.79
35,0.5,Home & Living,114.78,4,0.238,5.9,0.066,False,Digital Wallet,Central,9.2,374.76
23,5.2,Electronics,218.21,2,0.032,2.0,0.19,False,Credit Card,Oeste,6.9,715.95
61,0.9,Electronics,294.05,2,0.481,3.7,0.272,True,Credit Card,Sur,7.0,56.04
28,0.9,Electronics,189.19,1,0.155,4.7,0.407,False,Digital Wallet,Sur,8.3,201.59
45,1.1,Electronics,114.43,1,0.0,4.9,0.311,False,Bank Transfer,Norte,9.1,157.51
50,3.1,Home & Living,114.22,1,0.001,5.0,0.38,True,Credit Card,Central,7.6,203.13
31,3.8,Fashion,94.7,2,0.079,2.6,0.303,True,Digital Wallet,Norte,8.8,368.08
50,0.5,Fashion,80.62,6,0.6,4.6,0.42,False,Credit Card,Central,5.2,25.44
47,1.0,Fashion,43.08,2,0.031,3.5,0.242,False,Digital Wallet,Central,7.7,121.46
58,2.0,Electronics,157.5,2,0.167,4.3,0.23,False,Digital Wallet,Norte,7.0,300.34
32,1.4,Electronics,104.58,0,0.069,13.6,0.523,False,Bank Transfer,Oeste,9.1,5.0
22,7.5,Home & Living,127.17,3,0.005,1.5,0.432,False,Digital Wallet,Central,7.9,565.85
31,5.4,Fashion,69.85,3,0.014,7.1,0.436,False,Credit Card,Oeste,7.4,412.81
40,3.4,Fashion,115.54,3,0.148,6.4,0.229,True,Digital Wallet,Este,9.3,650.26
38,1.4,Electronics,204.86,1,0.095,4.1,0.251,True,Credit Card,Central,7.6,359.36
33,4.2,Electronics,149.87,2,0.241,3.8,0.451,False,Credit Card,Oeste,8.5,290.8
18,6.5,Electronics,109.53,1,0.234,5.5,0.266,True,Credit Card,Oeste,8.4,134.15
43,3.2,Fashion,93.65,4,0.233,3.1,0.03,True,Credit Card,Central,8.3,494.42
61,5.4,Fashion,146.3,8,0.02,2.6,0.615,True,Credit Card,Este,7.8,1740.62
43,4.8,Fashion,108.64,3,0.038,5.6,0.329,True,Credit Card,Central,10.0,646.75
45,3.0,Home & Living,70.84,3,0.006,2.9,0.18,False,Digital Wallet,Este,7.2,302.76
44,1.3,Fashion,132.03,5,0.175,9.3,0.375,False,Credit Card,Este,7.2,709.7
42,4.8,Fashion,75.69,3,0.01,6.4,0.204,True,Digital Wallet,Oeste,6.7,552.5
49,0.8,Electronics,156.79,3,0.005,6.2,0.251,False,Digital Wallet,Central,2.8,330.17
42,5.3,Home & Living,82.77,3,0.016,2.5,0.071,True,Credit Card,Norte,3.9,357.57
34,5.7,Fashion,67.67,5,0.054,0.5,0.338,True,Bank Transfer,Central,9.8,641.42
28,6.0,Electronics,202.07,1,0.009,5.9,0.192,True,Credit Card,Oeste,4.1,270.8
35,2.2,Fashion,94.69,4,0.491,5.3,0.375,True,Credit Card,Oeste,8.1,43.65
41,0.7,Fashion,67.58,2,0.026,4.0,0.435,False,Credit Card,Central,4.4,155.74
34,0.5,Home & Living,107.92,4,0.007,1.9,0.333,False,Credit Card,Central,9.1,672.74
41,4.8,Home & Living,133.03,4,0.0,9.1,0.154,True,Digital Wallet,Este,6.4,1263.72
43,7.6,Fashion,64.64,3,0.153,5.3,0.382,True,Bank Transfer,Central,7.7,291.22
47,3.7,Fashion,81.6,3,0.168,6.9,0.329,False,Credit Card,Central,3.0,149.27
53,0.5,Electronics,137.15,3,0.12,3.4,0.769,False,Digital Wallet,Este,5.9,340.52
38,9.6,Fashion,85.12,8,0.499,5.0,0.151,True,Credit Card,Central,9.0,97.8
22,15.0,Home & Living,83.37,3,0.077,4.9,0.336,True,Digital Wallet,Sur,6.4,493.92
33,2.0,Fashion,71.91,2,0.159,2.7,0.396,False,Credit Card,Oeste,6.9,179.39
38,3.2,Fashion,80.01,4,0.278,5.5,0.231,False,Bank Transfer,Central,7.8,227.4
18,5.3,Home & Living,107.05,4,0.0,15.3,0.021,True,Credit Card,Este,10.0,736.62
54,4.7,Electronics,205.47,1,0.034,2.8,0.521,False,Digital Wallet,Norte,10.0,263.98
39,12.0,Electronics,193.35,3,0.288,9.7,0.275,True,Digital Wallet,Central,6.9,679.37
42,0.5,Fashion,77.19,3,0.128,2.8,0.421,False,Digital Wallet,Este,7.6,233.27
54,3.0,Home & Living,95.33,2,0.096,5.2,0.178,False,Credit Card,Este,9.0,212.46
30,4.1,Home & Living,111.34,4,0.14,11.5,0.497,False,Credit Card,Central,7.4,579.86
44,7.7,Fashion,91.3,3,0.387,6.8,0.094,False,Bank Transfer,Este,4.1,51.94
36,7.3,Home & Living,101.66,1,0.073,6.3,0.647,True,Credit Card,Norte,6.8,188.41
35,13.4,Fashion,54.59,3,0.009,3.4,0.15,True,Credit Card,Central,9.1,418.75
28,2.5,Electronics,178.25,3,0.055,8.9,0.404,False,Credit Card,Sur,6.3,672.82
57,6.2,Home & Living,113.95,7,0.061,2.0,0.151,False,Digital Wallet,Central,5.9,911.92
33,2.0,Electronics,26.28,1,0.006,4.2,0.148,False,Credit Card,Este,9.2,43.37
46,1.9,Electronics,164.14,2,0.001,7.1,0.608,True,Digital Wallet,Norte,7.7,608.54
18,1.0,Fashion,113.72,4,0.093,2.6,0.506,True,Credit Card,Este,7.6,620.53
52,6.0,Electronics,79.71,3,0.171,3.0,0.245,False,Credit Card,Norte,7.0,233.77
50,14.9,Electronics,168.27,3,0.003,4.2,0.502,True,Credit Card,Este,8.9,1115.82
39,1.0,Electronics,117.33,1,0.045,12.3,0.148,False,Bank Transfer,Este,7.2,169.47
35,0.5,Electronics,124.61,3,0.371,4.2,0.406,False,Digital Wallet,Norte,9.4,101.66
42,5.9,Electronics,157.87,3,0.021,5.9,0.215,True,Digital Wallet,Sur,5.0,1019.2
65,3.4,Fashion,79.2,6,0.06,1.3,0.306,False,Digital Wallet,Norte,5.0,529.79
18,11.2,Home & Living,86.12,4,0.002,16.4,0.225,True,Digital Wallet,Sur,9.1,774.05
47,1.0,Home & Living,82.9,3,0.02,4.6,0.613,True,Bank Transfer,Sur,2.6,181.09
27,0.5,Home & Living,137.05,1,0.218,3.0,0.503,True,Digital Wallet,Este,6.9,121.95
37,2.4,Fashion,28.69,5,0.046,3.2,0.551,False,Digital Wallet,Sur,2.9,132.0
35,0.5,Fashion,38.84,1,0.014,3.7,0.329,False,Digital Wallet,Norte,8.0,54.74
32,1.1,Electronics,223.85,1,0.032,3.4,0.566,False,Credit Card,Este,6.9,284.3
37,0.5,Electronics,141.64,0,0.544,7.2,0.399,True,Digital Wallet,Este,6.9,5.0
24,0.9,Fashion,48.48,3,0.024,10.6,0.117,False,Digital Wallet,Sur,10.0,183.07
50,0.5,Fashion,51.99,8,0.03,3.9,0.647,False,Bank Transfer,Central,7.5,469.22
18,10.8,Home & Living,80.49,2,0.474,3.4,0.129,True,Digital Wallet,Central,3.0,8.38
44,1.1,Fashion,73.44,4,0.234,2.1,0.071,False,Digital Wallet,Central,7.2,249.48
34,2.1,Electronics,208.6,0,0.005,2.7,0.587,True,Credit Card,Central,5.7,5.0
23,8.0,Home & Living,42.32,4,0.145,0.7,0.215,False,Credit Card,Central,7.5,232.66
40,4.0,Fashion,25.39,5,0.112,9.0,0.263,False,Digital Wallet,Central,5.6,158.99
19,3.4,Home & Living,123.87,4,0.036,4.3,0.571,True,Digital Wallet,Central,5.0,625.02
38,4.3,Home & Living,99.18,4,0.03,5.0,0.055,True,Bank Transfer,Este,7.5,660.25
20,6.2,Electronics,122.02,4,0.147,1.4,0.735,True,Credit Card,Sur,8.1,852.1
43,7.4,Electronics,309.09,1,0.005,5.9,0.374,True,Credit Card,Este,7.2,877.8
26,3.6,Electronics,268.21,3,0.05,8.8,0.548,False,Digital Wallet,Sur,2.7,655.53
32,7.7,Electronics,184.58,1,0.093,5.1,0.233,True,Credit Card,Este,6.5,400.3
41,2.7,Electronics,299.95,1,0.062,3.7,0.464,True,Credit Card,Norte,8.8,595.41
28,1.1,Fashion,101.91,6,0.328,1.9,0.283,True,Credit Card,Norte,8.8,356.0
37,7.4,Home & Living,109.93,3,0.187,7.2,0.147,False,Digital Wallet,Norte,8.3,472.74
19,2.7,Home & Living,70.37,4,0.0,9.5,0.177,True,Credit Card,Central,4.7,275.58
45,8.3,Fashion,48.71,2,0.191,5.4,0.277,True,Digital Wallet,Sur,4.7,106.04
59,0.5,Electronics,226.08,2,0.045,2.5,0.538,False,Bank Transfer,Norte,8.9,507.92
71,1.8,Electronics,104.7,1,0.243,4.9,0.182,True,Digital Wallet,Este,9.9,98.61
39,10.3,Fashion,104.01,8,0.073,5.0,0.213,False,Bank Transfer,Central,8.8,1492.12
47,1.0,Electronics,261.87,1,0.044,6.8,0.459,False,Credit Card,Sur,2.3,189.87
18,9.9,Home & Living,59.85,3,0.183,3.3,0.458,True,Bank Transfer,Central,6.0,172.71
56,10.8,Home & Living,145.84,2,0.028,3.2,0.746,True,Digital Wallet,Este,7.3,478.02
47,7.5,Fashion,52.04,5,0.179,2.6,0.405,False,Credit Card,Oeste,8.7,300.12
32,2.9,Fashion,64.59,2,0.064,5.7,0.327,False,Credit Card,Norte,6.8,228.3
52,3.6,Electronics,207.89,2,0.271,6.1,0.474,False,Credit Card,Norte,9.2,271.3
34,7.1,Fashion,85.76,10,0.245,3.0,0.436,False,Credit Card,Norte,9.7,1095.53
32,5.2,Electronics,148.07,1,0.447,4.5,0.141,True,Digital Wallet,Este,4.5,10.73
43,3.5,Electronics,70.65,2,0.006,8.7,0.322,True,Digital Wallet,Norte,8.0,326.13
25,14.1,Fashion,64.18,4,0.306,6.8,0.554,True,Credit Card,Sur,6.9,298.95
50,4.1,Fashion,106.37,4,0.093,7.4,0.29,True,Credit Card,Oeste,8.5,706.67
25,13.0,Fashion,104.3,4,0.089,2.1,0.366,True,Credit Card,Norte,7.4,941.33
25,0.5,Fashion,70.28,5,0.09,5.4,0.237,False,Credit Card,Central,8.2,520.97
27,0.5,Fashion,74.76,3,0.247,6.5,0.229,False,Bank Transfer,Sur,8.5,195.52
47,2.1,Home & Living,107.5,2,0.026,4.4,0.388,False,Credit Card,Central,7.2,285.22
30,1.7,Home & Living,98.3,0,0.007,9.4,0.222,True,Credit Card,Este,8.5,5.0
21,5.3,Home & Living,105.09,2,0.165,3.5,0.413,False,Credit Card,Norte,8.3,234.58
30,0.6,Home & Living,133.14,1,0.217,7.8,0.1,False,Credit Card,Este,6.3,113.42
37,13.1,Fashion,88.68,7,0.189,3.3,0.149,True,Bank Transfer,Sur,2.1,450.84
23,1.3,Fashion,83.14,4,0.118,4.7,0.561,False,Credit Card,Sur,3.6,258.38
24,2.0,Electronics,209.46,3,0.006,7.8,0.048,False,Credit Card,Oeste,4.5,611.52
63,1.1,Electronics,156.14,6,0.043,4.6,0.322,False,Credit Card,Central,8.6,1058.46
27,3.0,Home & Living,54.11,2,0.204,4.9,0.482,False,Bank Transfer,Sur,7.4,89.82
34,0.5,Home & Living,102.73,3,0.001,1.7,0.491,False,Credit Card,Sur,7.3,314.65
33,0.6,Fashion,49.54,7,0.179,5.5,0.796,False,Credit Card,Este,1.7,155.02
32,4.8,Fashion,83.57,6,0.006,6.4,0.087,True,Credit Card,Central,7.2,1269.9
45,0.7,Electronics,197.39,1,0.351,5.6,0.526,True,Credit Card,Central,6.8,96.11
49,0.9,Electronics,101.75,2,0.1,0.3,0.572,True,Credit Card,Central,7.4,277.6
34,5.5,Fashion,103.34,3,0.463,10.2,0.49,True,Bank Transfer,Sur,5.3,36.16
23,0.5,Fashion,63.67,4,0.296,3.1,0.289,False,Digital Wallet,Oeste,6.2,121.07
53,2.0,Home & Living,33.76,2,0.118,4.2,0.504,False,Digital Wallet,Norte,7.7,77.7
36,0.5,Electronics,217.71,2,0.206,4.1,0.209,True,Digital Wallet,Norte,9.1,450.48
58,1.5,Fashion,59.37,4,0.126,1.3,0.273,False,Bank Transfer,Central,4.3,126.05
18,4.2,Fashion,39.91,2,0.172,7.9,0.454,True,Credit Card,Sur,9.5,118.56
40,0.5,Home & Living,145.77,5,0.125,7.1,0.483,False,Credit Card,Norte,5.8,767.41
61,7.7,Home & Living,64.09,3,0.001,6.2,0.37,False,Digital Wallet,Central,2.6,160.08
33,8.4,Fashion,104.95,4,0.363,4.3,0.343,True,Digital Wallet,Norte,7.1,234.65
35,0.5,Home & Living,80.93,3,0.012,6.2,0.105,False,Digital Wallet,Sur,7.7,373.68
41,15.0,Fashion,31.29,3,0.207,4.6,0.181,False,Bank Transfer,Este,7.8,117.09
31,1.2,Electronics,199.53,1,0.143,1.9,0.473,True,Digital Wallet,Norte,8.7,247.28
34,0.5,Fashion,122.49,6,0.134,5.8,0.623,False,Credit Card,Central,8.5,967.15
33,0.5,Electronics,183.54,1,0.029,2.2,0.229,True,Credit Card,Sur,10.0,355.56
30,1.8,Fashion,101.85,2,0.175,9.2,0.404,False,Digital Wallet,Este,8.9,260.21
52,3.5,Home & Living,64.58,2,0.018,4.6,0.349,False,Digital Wallet,Central,8.0,166.92
43,1.4,Home & Living,125.13,2,0.095,2.0,0.244,False,Digital Wallet,Sur,8.4,300.65
41,6.3,Electronics,129.02,3,0.093,5.0,0.094,False,Digital Wallet,Oeste,7.9,572.41
47,4.4,Electronics,94.81,2,0.162,4.9,0.275,False,Credit Card,Este,8.3,208.39
34,1.5,Electronics,260.32,1,0.157,2.9,0.05,False,Credit Card,Central,8.8,319.73
28,4.6,Electronics,141.55,1,0.205,5.5,0.155,False,Credit Card,Central,4.5,107.45
30,9.9,Electronics,129.09,1,0.001,4.6,0.384,True,Credit Card,Norte,7.9,289.27
38,0.5,Fashion,37.75,4,0.215,6.1,0.243,True,Digital Wallet,Sur,7.8,181.1
25,1.3,Fashion,91.17,3,0.122,1.2,0.387,False,Digital Wallet,Central,7.2,294.09
31,2.2,Home & Living,72.07,1,0.0,4.6,0.327,True,Credit Card,Este,6.6,117.67
31,2.4,Electronics,161.95,3,0.189,3.6,0.259,True,Digital Wallet,Sur,10.0,752.49
63,2.7,Electronics,324.84,3,0.243,3.6,0.133,False,Bank Transfer,Norte,10.0,561.15
18,1.3,Electronics,183.5,3,0.005,1.0,0.157,True,Bank Transfer,Oeste,7.4,533.78
35,3.9,Electronics,293.14,2,0.056,3.9,0.326,False,Digital Wallet,Este,8.7,994.95
58,3.6,Fashion,95.75,3,0.065,3.8,0.318,True,Digital Wallet,Central,9.5,464.82
39,3.0,Electronics,199.86,2,0.001,1.6,0.429,False,Digital Wallet,Sur,8.7,636.76
47,0.5,Fashion,34.56,5,0.166,1.4,0.592,False,Credit Card,Sur,5.9,165.22
39,2.3,Home & Living,63.87,3,0.001,8.5,0.103,True,Credit Card,Oeste,7.8,428.77
29,1.5,Fashion,69.2,4,0.023,3.5,0.471,False,Credit Card,Este,2.8,239.99
18,2.4,Fashion,50.54,4,0.031,6.5,0.232,False,Credit Card,Sur,8.1,274.03
40,8.9,Electronics,152.59,2,0.015,10.5,0.295,False,Credit Card,Oeste,7.0,592.13
28,2.3,Home & Living,94.22,2,0.242,5.3,0.617,False,Digital Wallet,Norte,7.4,136.42
28,0.5,Electronics,142.81,1,0.004,5.3,0.698,False,Credit Card,Norte,9.0,269.46
32,2.0,Electronics,276.38,0,0.02,5.8,0.345,False,Credit Card,Central,5.0,5.0
58,6.0,Electronics,259.79,2,0.188,3.4,0.573,False,Digital Wallet,Central,8.7,513.98
66,5.3,Electronics,151.11,1,0.014,3.8,0.318,False,Credit Card,Sur,7.9,276.26
40,2.5,Fashion,88.94,5,0.361,6.8,0.301,False,Digital Wallet,Sur,7.3,147.16
32,1.0,Home & Living,126.7,2,0.006,6.3,0.348,False,Credit Card,Este,5.6,384.37
23,2.2,Home & Living,65.61,1,0.133,2.5,0.162,False,Credit Card,Sur,6.4,64.15
43,2.9,Fashion,68.12,2,0.444,2.8,0.371,False,Bank Transfer,Norte,8.6,11.92
59,15.0,Fashion,85.17,2,0.04,3.6,0.241,False,Credit Card,Sur,5.2,232.98
35,3.6,Fashion,45.51,2,0.078,1.2,0.522,False,Credit Card,Sur,10.0,172.59
18,4.1,Home & Living,76.54,1,0.0,5.8,0.387,False,Bank Transfer,Este,5.5,86.93
46,2.4,Fashion,107.46,6,0.147,6.0,0.265,False,Digital Wallet,Sur,7.5,758.1
49,1.5,Fashion,79.74,3,0.105,6.1,0.326,False,Credit Card,Central,8.7,319.17
18,5.9,Fashion,57.07,2,0.213,9.7,0.397,True,Credit Card,Sur,10.0,152.92
40,2.4,Fashion,58.16,2,0.124,5.4,0.337,False,Bank Transfer,Este,8.9,133.54
43,15.0,Electronics,208.0,3,0.0,4.4,0.272,False,Digital Wallet,Sur,5.0,1039.71
37,2.1,Electronics,158.49,1,0.114,2.5,0.184,True,Bank Transfer,Sur,8.7,196.86
28,0.5,Fashion,83.91,2,0.218,16.2,0.399,False,Bank Transfer,Norte,6.8,139.17
50,4.0,Home & Living,83.19,4,0.005,2.1,0.403,False,Credit Card,Central,7.4,466.49
33,0.5,Fashion,80.07,4,0.6,6.5,0.169,False,Digital Wallet,Sur,7.9,23.16
20,1.0,Home & Living,70.83,3,0.003,3.8,0.164,True,Bank Transfer,Este,8.6,296.32
18,1.5,Electronics,177.18,1,0.201,2.0,0.313,True,Credit Card,Sur,9.2,173.19
53,4.7,Fashion,93.94,3,0.377,5.8,0.225,True,Credit Card,Norte,9.9,91.96
45,2.4,Fashion,82.75,2,0.226,5.4,0.205,False,Digital Wallet,Este,3.3,80.33
39,0.5,Home & Living,134.08,4,0.097,5.7,0.137,False,Bank Transfer,Este,7.7,497.22
32,3.4,Electronics,262.8,1,0.137,6.4,0.289,False,Digital Wallet,Central,9.0,413.56
31,1.9,Fashion,81.94,11,0.6,3.4,0.276,False,Credit Card,Oeste,6.9,74.92
25,8.9,Electronics,184.74,1,0.171,8.7,0.273,False,Credit Card,Este,9.5,221.59
32,2.4,Fashion,51.07,7,0.056,3.4,0.152,False,Bank Transfer,Central,8.5,475.58
18,4.3,Home & Living,137.93,3,0.242,2.0,0.335,False,Credit Card,Central,5.6,249.23
29,0.9,Electronics,125.37,2,0.001,7.4,0.343,True,Credit Card,Oeste,7.8,428.16
34,5.0,Home & Living,88.51,2,0.027,0.1,0.676,False,Credit Card,Central,6.9,244.86
45,4.5,Home & Living,93.51,3,0.003,7.0,0.194,False,Credit Card,Oeste,8.8,444.64
37,8.2,Electronics,221.68,5,0.162,3.0,0.195,True,Credit Card,Norte,9.4,2202.96
47,0.5,Home & Living,138.97,4,0.163,1.1,0.736,False,Credit Card,Central,9.7,569.73
54,2.1,Electronics,159.18,1,0.015,5.6,0.414,True,Digital Wallet,Central,6.8,239.4
50,4.0,Electronics,240.13,1,0.365,2.7,0.366,True,Credit Card,Sur,7.5,97.38
43,0.5,Fashion,41.8,8,0.127,7.0,0.154,True,Digital Wallet,Este,7.8,563.94
38,1.9,Fashion,96.42,5,0.446,3.4,0.634,True,Credit Card,Norte,3.8,37.87
26,10.0,Fashion,79.44,4,0.374,10.8,0.742,True,Credit Card,Oeste,7.6,169.82
46,2.0,Electronics,135.04,0,0.032,5.5,0.365,True,Digital Wallet,Oeste,9.5,5.0
58,14.8,Home & Living,63.66,2,0.0,3.2,0.635,True,Credit Card,Norte,8.7,289.66
42,0.5,Fashion,89.27,4,0.528,3.1,0.557,False,Credit Card,Central,8.5,23.84
61,4.4,Electronics,185.23,2,0.195,5.1,0.456,True,Digital Wallet,Central,7.3,483.68
19,3.0,Fashion,45.45,4,0.086,2.8,0.533,True,Bank Transfer,Norte,6.4,238.92
24,2.4,Electronics,196.74,2,0.191,3.1,0.245,False,Credit Card,Sur,8.4,437.96
48,12.4,Electronics,101.71,3,0.037,8.4,0.763,True,Credit Card,Central,6.6,586.07
41,0.5,Fashion,91.05,3,0.012,2.1,0.452,False,Credit Card,Sur,3.8,262.2
53,7.9,Fashion,117.66,5,0.009,3.8,0.441,False,Credit Card,Este,8.1,845.48
37,4.1,Electronics,209.71,1,0.54,12.2,0.318,True,Digital Wallet,Oeste,6.1,21.6
27,1.0,Home & Living,94.21,4,0.039,5.5,0.225,False,Credit Card,Este,6.7,565.93
35,8.1,Electronics,147.77,2,0.015,0.6,0.241,False,Bank Transfer,Norte,3.3,296.41
19,2.0,Fashion,65.4,6,0.225,1.0,0.229,False,Credit Card,Central,2.4,171.4
24,5.9,Electronics,182.61,1,0.002,6.1,0.185,True,Credit Card,Norte,2.7,204.96
49,1.7,Fashion,60.86,5,0.041,5.1,0.104,False,Bank Transfer,Central,7.3,314.76
48,6.7,Electronics,176.49,3,0.027,5.0,0.227,True,Bank Transfer,Norte,7.3,874.32
42,3.5,Fashion,75.89,5,0.391,2.6,0.231,False,Credit Card,Central,7.1,95.7
18,0.5,Fashion,102.7,1,0.08,6.6,0.513,False,Bank Transfer,Sur,7.5,87.67
33,3.7,Electronics,220.72,1,0.008,4.4,0.277,False,Bank Transfer,Central,9.2,411.11
23,0.7,Electronics,131.35,1,0.119,1.1,0.04,False,Bank Transfer,Oeste,7.8,121.38
52,1.9,Fashion,105.43,5,0.516,1.8,0.06,True,Credit Card,Sur,9.9,44.96
30,0.7,Electronics,271.81,1,0.337,2.2,0.367,False,Credit Card,Este,8.3,134.86
24,0.5,Fashion,85.13,3,0.295,4.7,0.699,True,Credit Card,Sur,3.1,119.59
38,0.8,Fashion,70.34,4,0.6,1.2,0.432,False,Bank Transfer,Oeste,7.4,19.02
30,2.7,Fashion,76.05,5,0.488,3.2,0.499,False,Digital Wallet,Sur,9.4,32.34
55,2.3,Home & Living,48.46,3,0.229,9.6,0.273,True,Credit Card,Central,7.9,167.31
29,2.4,Fashion,75.79,8,0.152,2.5,0.62,False,Bank Transfer,Norte,7.0,644.99
21,1.0,Home & Living,27.19,0,0.022,1.4,0.053,False,Bank Transfer,Norte,8.7,5.0
18,4.0,Home & Living,63.64,5,0.067,1.1,0.267,True,Credit Card,Sur,8.0,507.57
37,4.3,Home & Living,92.33,5,0.017,3.7,0.288,False,Credit Card,Central,3.8,462.55
31,1.6,Electronics,139.48,3,0.043,13.2,0.283,False,Bank Transfer,Norte,5.6,493.42
20,7.5,Home & Living,111.11,3,0.092,3.3,0.225,True,Credit Card,Norte,6.8,484.21
52,3.6,Home & Living,97.71,1,0.0,0.9,0.681,False,Digital Wallet,Este,6.1,122.32
46,4.4,Fashion,61.29,4,0.6,7.4,0.068,False,Digital Wallet,Sur,6.7,22.98
37,1.1,Electronics,216.53,2,0.206,2.9,0.309,False,Credit Card,Sur,5.8,359.76
54,0.5,Home & Living,134.17,4,0.11,4.3,0.052,False,Digital Wallet,Este,6.1,437.51
45,7.0,Fashion,59.56,4,0.063,7.1,0.332,True,Digital Wallet,Central,7.1,524.74
28,6.0,Fashion,60.19,3,0.036,1.1,0.383,False,Credit Card,Central,7.4,302.16
25,0.5,Home & Living,127.0,3,0.042,0.8,0.378,False,Digital Wallet,Oeste,2.5,195.63
47,1.6,Electronics,161.53,3,0.014,5.8,0.666,False,Credit Card,Central,8.0,748.36
42,3.8,Electronics,185.74,0,0.055,1.5,0.466,True,Digital Wallet,Norte,1.9,5.0
40,3.7,Fashion,67.94,4,0.6,6.0,0.523,True,Bank Transfer,Norte,2.4,16.65
27,6.9,Fashion,75.73,5,0.098,1.1,0.228,True,Digital Wallet,Este,6.9,562.64
45,0.5,Home & Living,46.23,2,0.0,10.9,0.194,False,Credit Card,Norte,8.0,118.64
28,2.0,Fashion,56.32,3,0.392,11.6,0.428,False,Digital Wallet,Sur,7.6,51.21
36,0.5,Home & Living,69.52,4,0.016,6.4,0.478,True,Credit Card,Central,8.9,651.44
55,1.7,Electronics,209.53,0,0.115,5.5,0.169,False,Credit Card,Central,8.2,5.0
30,0.5,Fashion,99.7,5,0.592,1.6,0.167,False,Digital Wallet,Norte,7.6,34.66
19,8.0,Electronics,66.71,3,0.161,3.0,0.682,False,Digital Wallet,Oeste,8.6,225.38
25,2.6,Fashion,97.98,3,0.317,7.3,0.608,False,Credit Card,Oeste,3.6,102.3
49,6.6,Home & Living,43.38,1,0.097,1.1,0.334,True,Credit Card,Sur,8.7,78.91
41,0.5,Electronics,191.58,3,0.267,3.1,0.272,False,Digital Wallet,Central,7.6,356.65
36,0.9,Home & Living,86.19,2,0.113,4.3,0.309,False,Digital Wallet,Sur,8.3,223.17
31,1.1,Electronics,221.46,3,0.022,2.4,0.295,False,Credit Card,Central,6.7,1065.73
43,1.7,Electronics,213.16,4,0.1,7.7,0.303,True,Credit Card,Sur,6.3,1353.76
27,5.7,Electronics,178.11,2,0.209,2.9,0.235,False,Bank Transfer,Norte,8.6,336.1
41,1.7,Fashion,67.54,3,0.207,7.4,0.42,True,Digital Wallet,Central,9.4,312.34
29,0.8,Electronics,218.49,3,0.02,9.4,0.142,False,Credit Card,Central,6.8,881.37
27,0.5,Fashion,62.94,2,0.217,7.8,0.156,False,Bank Transfer,Central,6.5,90.76
30,0.5,Fashion,104.99,1,0.579,10.4,0.255,False,Credit Card,Norte,9.0,11.07
33,5.0,Electronics,158.05,3,0.305,2.2,0.197,True,Credit Card,Central,7.5,377.68
37,2.1,Fashion,92.65,6,0.559,3.0,0.267,False,Digital Wallet,Central,2.4,22.3
40,4.5,Fashion,58.34,3,0.016,10.4,0.46,False,Credit Card,Este,9.2,332.83
18,4.0,Home & Living,158.97,2,0.106,7.2,0.147,True,Credit Card,Sur,3.8,260.37
28,0.5,Electronics,276.79,3,0.212,6.1,0.484,False,Digital Wallet,Este,8.4,792.56
33,0.5,Electronics,188.16,3,0.001,2.8,0.198,False,Credit Card,Sur,6.9,841.91
56,4.9,Fashion,108.05,5,0.139,3.5,0.353,False,Digital Wallet,Este,8.6,635.14
25,4.5,Fashion,77.88,7,0.187,4.8,0.005,False,Credit Card,Sur,6.5,639.04
39,1.7,Fashion,104.58,5,0.314,6.2,0.529,True,Credit Card,Norte,8.3,489.9
55,0.5,Home & Living,79.21,5,0.151,5.3,0.269,True,Credit Card,Norte,10.0,504.84
22,0.5,Home & Living,90.05,2,0.0,8.6,0.192,False,Credit Card,Este,8.1,211.06
42,1.2,Electronics,117.56,2,0.291,7.1,0.232,False,Bank Transfer,Sur,8.3,164.88
28,0.5,Fashion,90.46,5,0.225,6.1,0.594,False,Credit Card,Norte,9.5,396.53
31,0.9,Fashion,27.36,3,0.267,8.7,0.454,False,Digital Wallet,Sur,5.8,60.61
28,1.9,Home & Living,86.74,0,0.0,7.9,0.349,True,Digital Wallet,Este,9.4,5.0
29,0.5,Electronics,151.94,0,0.052,3.5,0.454,False,Digital Wallet,Sur,3.0,5.0
70,0.5,Fashion,45.29,5,0.173,9.5,0.215,True,Credit Card,Norte,9.1,246.14
48,7.9,Home & Living,51.88,5,0.162,12.2,0.221,False,Credit Card,Sur,5.3,269.32
51,3.1,Fashion,108.46,9,0.022,7.3,0.135,False,Digital Wallet,Norte,9.2,1292.34
43,9.5,Fashion,80.41,5,0.212,7.5,0.177,True,Digital Wallet,Este,7.5,598.94
18,1.5,Home & Living,96.22,3,0.002,6.1,0.426,False,Credit Card,Oeste,8.9,395.5
42,4.0,Home & Living,93.01,3,0.067,5.8,0.464,True,Credit Card,Oeste,5.9,577.19
50,0.8,Electronics,253.61,1,0.079,5.8,0.409,False,Credit Card,Este,3.3,190.91
27,3.4,Electronics,40.92,3,0.041,7.7,0.134,False,Digital Wallet,Central,5.0,151.76
49,0.5,Fashion,73.2,5,0.079,8.4,0.451,False,Credit Card,Central,2.6,263.92
46,0.5,Home & Living,106.83,2,0.055,5.9,0.323,False,Credit Card,Central,8.6,273.33
60,9.4,Home & Living,119.6,1,0.08,1.5,0.6,True,Bank Transfer,Sur,7.1,148.89
32,2.8,Home & Living,131.91,5,0.177,1.1,0.074,False,Credit Card,Central,5.2,788.73
24,9.2,Fashion,97.45,4,0.017,6.2,0.232,False,Credit Card,Norte,5.0,666.29
33,1.4,Electronics,214.14,2,0.027,8.3,0.368,False,Digital Wallet,Este,6.8,575.71
55,1.4,Fashion,157.4,3,0.02,6.9,0.414,False,Credit Card,Norte,7.0,612.44
18,1.8,Fashion,88.83,3,0.025,1.4,0.264,True,Credit Card,Central,7.9,394.18
18,4.3,Fashion,92.1,2,0.248,4.7,0.481,True,Bank Transfer,Central,3.0,90.01
39,2.9,Fashion,118.94,7,0.242,1.8,0.479,False,Credit Card,Sur,6.3,844.93
32,9.1,Fashion,77.2,4,0.025,3.8,0.21,False,Digital Wallet,Oeste,5.0,481.69
38,0.5,Home & Living,102.41,3,0.144,1.9,0.216,False,Credit Card,Central,9.3,302.09
49,4.3,Electronics,253.48,2,0.12,8.2,0.59,True,Credit Card,Norte,7.4,744.95
31,1.4,Fashion,109.13,4,0.216,4.2,0.064,False,Credit Card,Central,7.9,485.51
18,0.7,Fashion,78.84,2,0.025,3.5,0.335,False,Credit Card,Oeste,7.5,172.95
62,2.5,Fashion,118.99,4,0.189,4.2,0.16,False,Credit Card,Central,7.8,481.91
26,2.5,Fashion,72.92,3,0.116,3.9,0.29,False,Credit Card,Central,8.1,256.26
25,0.5,Electronics,163.48,1,0.209,6.2,0.376,False,Credit Card,Sur,7.1,151.89
51,0.8,Electronics,139.17,6,0.082,3.0,0.3,False,Digital Wallet,Sur,8.4,1072.85
33,1.8,Electronics,184.32,4,0.145,5.7,0.207,True,Bank Transfer,Sur,8.5,1082.77
37,1.8,Electronics,261.22,0,0.045,3.8,0.351,True,Credit Card,Este,9.4,5.0
43,1.3,Fashion,100.65,5,0.097,4.9,0.49,False,Digital Wallet,Sur,8.2,621.19
51,0.6,Electronics,110.48,2,0.016,9.4,0.313,True,Credit Card,Central,7.2,293.03
33,0.5,Fashion,54.65,2,0.36,5.1,0.551,False,Credit Card,Norte,5.8,40.16
56,12.3,Electronics,223.05,1,0.053,6.2,0.383,True,Credit Card,Central,2.8,258.54
18,10.1,Fashion,82.67,6,0.24,4.3,0.405,True,Credit Card,Este,8.2,498.53
47,2.3,Fashion,62.36,4,0.461,2.7,0.39,True,Credit Card,Sur,7.0,22.12
27,15.0,Electronics,227.62,2,0.057,8.2,0.299,True,Credit Card,Este,7.2,1079.79
54,3.9,Fashion,87.71,5,0.045,7.6,0.301,False,Credit Card,Central,6.9,646.65
39,0.5,Home & Living,105.29,4,0.0,5.8,0.516,False,Credit Card,Central,8.7,636.32
29,0.5,Electronics,78.7,2,0.236,4.0,0.13,False,Digital Wallet,Este,5.9,115.8
45,8.7,Fashion,85.21,2,0.02,13.5,0.154,True,Digital Wallet,Central,9.2,438.72
48,3.5,Electronics,161.88,0,0.207,4.0,0.262,False,Digital Wallet,Este,9.5,5.0
45,6.5,Electronics,158.0,2,0.161,6.7,0.067,True,Bank Transfer,Oeste,7.5,417.66
25,8.0,Fashion,109.43,4,0.114,2.3,0.426,True,Digital Wallet,Este,7.8,740.34
32,2.1,Electronics,205.12,1,0.048,3.3,0.151,False,Digital Wallet,Este,2.4,145.47
37,0.5,Home & Living,85.88,1,0.117,4.7,0.187,False,Credit Card,Central,7.8,89.99
37,0.7,Electronics,125.87,1,0.0,3.8,0.337,False,Credit Card,Sur,2.7,94.0
46,0.5,Electronics,177.11,3,0.39,8.7,0.313,False,Credit Card,Norte,7.7,107.48
18,0.7,Fashion,44.01,4,0.013,3.2,0.474,True,Credit Card,Central,3.9,155.28
42,1.8,Fashion,87.38,1,0.061,2.5,0.353,False,Credit Card,Central,9.7,140.45
34,0.5,Fashion,76.06,5,0.08,1.5,0.235,False,Credit Card,Oeste,6.4,525.25
27,0.6,Electronics,267.73,1,0.424,5.8,0.584,False,Digital Wallet,Central,8.1,19.63
29,2.1,Home & Living,93.46,3,0.044,3.6,0.37,False,Credit Card,Oeste,6.6,457.8
35,1.5,Home & Living,125.18,6,0.005,3.4,0.139,False,Credit Card,Este,8.5,1151.29
18,2.2,Fashion,88.29,4,0.416,7.7,0.429,True,Bank Transfer,Norte,8.8,40.07
29,2.0,Home & Living,101.23,3,0.0,3.5,0.787,True,Bank Transfer,Central,5.0,498.92
27,3.6,Fashion,68.73,6,0.102,7.8,0.429,False,Digital Wallet,Norte,7.7,554.81
44,9.7,Electronics,140.74,1,0.115,16.5,0.142,True,Digital Wallet,Oeste,6.0,262.99
28,0.5,Electronics,218.87,2,0.009,6.1,0.329,False,Digital Wallet,Central,6.5,482.43
35,0.5,Electronics,190.74,0,0.017,5.3,0.045,False,Bank Transfer,Este,5.0,5.0
56,6.7,Home & Living,122.13,3,0.179,7.0,0.262,True,Digital Wallet,Central,1.8,237.78
49,2.5,Electronics,300.77,0,0.331,9.2,0.498,False,Digital Wallet,Central,2.1,5.0
48,5.1,Fashion,90.17,8,0.266,0.6,0.299,True,Credit Card,Sur,8.1,723.07
32,0.8,Electronics,180.22,0,0.048,4.8,0.296,False,Credit Card,Central,7.2,5.0
44,6.2,Fashion,57.7,7,0.092,4.9,0.191,True,Digital Wallet,Sur,6.8,824.37
35,9.0,Electronics,224.59,2,0.07,3.6,0.322,True,Credit Card,Central,7.6,1237.86
35,3.5,Home & Living,114.61,1,0.008,1.5,0.017,False,Credit Card,Este,1.8,89.18
42,0.5,Electronics,305.48,7,0.083,1.9,0.081,False,Bank Transfer,Este,7.8,2715.09
30,7.9,Home & Living,93.7,1,0.362,7.3,0.045,True,Credit Card,Norte,7.9,53.59
55,5.5,Home & Living,104.14,2,0.012,8.1,0.308,False,Credit Card,Este,2.5,155.9
36,4.9,Fashion,76.07,5,0.084,2.0,0.599,False,Digital Wallet,Sur,8.1,530.44
45,0.5,Electronics,182.72,6,0.384,2.1,0.295,False,Bank Transfer,Norte,8.6,243.41
55,5.6,Electronics,157.41,1,0.166,5.0,0.15,True,Credit Card,Este,9.3,224.96
50,0.5,Home & Living,120.49,4,0.139,3.6,0.271,False,Bank Transfer,Sur,8.4,440.91
21,0.9,Electronics,91.48,4,0.037,4.9,0.221,True,Credit Card,Central,8.6,633.67
43,3.0,Electronics,255.12,2,0.144,3.3,0.31,False,Credit Card,Central,9.8,619.41
48,1.1,Fashion,83.35,4,0.282,0.6,0.31,False,Credit Card,Sur,7.4,199.52
48,3.8,Electronics,176.81,0,0.019,1.1,0.122,True,Bank Transfer,Oeste,8.1,5.0
24,3.3,Electronics,163.76,2,0.094,4.5,0.166,False,Credit Card,Oeste,9.5,510.81
30,0.5,Fashion,55.08,7,0.18,2.1,0.68,False,Credit Card,Norte,8.8,387.83
49,3.7,Fashion,55.03,5,0.08,5.4,0.292,False,Digital Wallet,Oeste,8.8,457.15
28,9.0,Electronics,179.71,2,0.002,6.5,0.123,True,Bank Transfer,Sur,7.6,841.02
34,0.6,Fashion,111.66,3,0.124,4.1,0.86,False,Bank Transfer,Central,8.2,389.62
56,3.2,Fashion,101.87,4,0.209,8.2,0.693,True,Digital Wallet,Oeste,6.2,509.33
37,1.5,Fashion,65.99,5,0.146,4.0,0.03,True,Bank Transfer,Norte,7.1,383.69
29,2.2,Electronics,150.42,3,0.157,1.6,0.248,False,Credit Card,Oeste,7.4,503.19
27,1.2,Fashion,36.04,6,0.126,2.5,0.49,False,Bank Transfer,Sur,7.1,197.05
41,1.5,Fashion,65.53,6,0.026,1.1,0.69,False,Bank Transfer,Central,3.2,284.11
22,0.5,Fashion,52.53,4,0.169,7.1,0.498,False,Digital Wallet,Sur,3.2,103.1
35,14.0,Electronics,182.04,2,0.17,2.3,0.465,True,Credit Card,Norte,9.1,695.69
41,3.4,Electronics,279.83,3,0.0,8.4,0.21,False,Credit Card,Norte,9.7,2038.6
53,2.4,Home & Living,149.38,2,0.055,5.8,0.755,False,Bank Transfer,Oeste,4.7,268.63
46,1.7,Electronics,154.47,1,0.004,3.5,0.317,False,Bank Transfer,Este,7.7,203.9
29,2.7,Fashion,57.66,5,0.062,0.6,0.187,False,Credit Card,Sur,7.0,321.93
52,1.7,Home & Living,114.11,3,0.0,8.6,0.18,False,Credit Card,Sur,6.3,440.7
34,1.6,Fashion,110.9,8,0.415,6.6,0.608,False,Credit Card,Central,9.1,128.03
23,2.2,Fashion,87.95,4,0.096,1.5,0.543,True,Credit Card,Sur,3.7,401.41
35,1.1,Electronics,201.94,2,0.05,11.9,0.631,True,Digital Wallet,Central,3.2,517.58
55,0.7,Home & Living,64.87,4,0.013,4.6,0.09,True,Credit Card,Norte,8.6,333.49
39,2.8,Fashion,98.09,7,0.345,7.9,0.121,False,Credit Card,Central,6.3,273.26
38,6.5,Fashion,110.62,5,0.385,1.7,0.672,True,Digital Wallet,Sur,7.9,207.49
57,0.6,Fashion,89.71,3,0.173,13.9,0.222,False,Bank Transfer,Este,6.7,243.33
20,0.5,Home & Living,70.35,2,0.047,2.4,0.424,True,Credit Card,Central,6.2,195.38
22,1.0,Fashion,60.23,4,0.082,7.8,0.192,True,Digital Wallet,Central,4.0,227.6
18,13.6,Electronics,246.78,1,0.021,5.7,0.673,False,Credit Card,Este,7.1,364.89
42,6.2,Fashion,97.06,5,0.021,2.8,0.069,True,Bank Transfer,Central,7.9,1095.51
39,3.2,Fashion,72.22,3,0.081,2.5,0.405,False,Bank Transfer,Sur,8.8,264.63
56,9.3,Electronics,161.79,0,0.394,2.6,0.128,False,Credit Card,Sur,3.9,5.0
40,2.1,Home & Living,67.28,1,0.178,12.1,0.532,False,Digital Wallet,Central,7.5,62.02
33,14.3,Electronics,66.7,2,0.333,7.1,0.69,True,Credit Card,Norte,10.0,120.69
38,1.2,Fashion,50.35,6,0.561,5.6,0.53,False,Digital Wallet,Norte,8.7,26.39
39,1.0,Electronics,182.51,3,0.31,6.4,0.472,False,Credit Card,Central,8.7,354.22
18,3.6,Electronics,146.88,3,0.02,8.6,0.466,True,Digital Wallet,Oeste,9.3,443.02
70,1.7,Fashion,44.79,5,0.105,1.5,0.249,False,Credit Card,Central,8.1,243.64
44,3.4,Home & Living,70.45,6,0.394,4.0,0.343,True,Digital Wallet,Norte,6.7,105.08
40,1.3,Fashion,120.55,6,0.036,3.2,0.163,False,Digital Wallet,Sur,7.9,903.53
45,3.4,Electronics,217.35,0,0.123,2.5,0.315,False,Bank Transfer,Central,3.6,5.0
46,1.1,Fashion,63.81,3,0.113,2.3,0.158,False,Credit Card,Central,7.1,216.76
36,0.5,Electronics,118.25,4,0.008,3.4,0.616,False,Bank Transfer,Norte,7.1,589.92
30,8.5,Electronics,146.79,2,0.077,3.5,0.365,True,Credit Card,Sur,9.3,622.48
45,7.5,Electronics,214.1,1,0.082,1.5,0.23,True,Credit Card,Norte,9.0,374.47
42,12.4,Electronics,104.57,4,0.001,5.2,0.35,True,Credit Card,Central,2.9,538.53
28,4.4,Fashion,40.02,3,0.027,12.9,0.465,False,Credit Card,Central,7.3,228.54
55,4.0,Fashion,91.2,8,0.236,2.6,0.196,True,Digital Wallet,Central,8.6,959.14
41,2.9,Electronics,137.06,0,0.258,1.8,0.015,False,Credit Card,Central,8.7,5.0
46,0.5,Home & Living,60.43,5,0.138,7.2,0.263,False,Credit Card,Este,7.8,340.46
54,0.7,Electronics,299.54,5,0.22,10.0,0.752,True,Credit Card,Este,8.1,1272.38
38,1.2,Home & Living,87.6,7,0.055,2.0,0.357,False,Credit Card,Este,6.7,856.47
41,7.7,Fashion,72.23,2,0.421,4.8,0.155,False,Bank Transfer,Norte,2.4,6.79
47,0.7,Electronics,162.8,2,0.009,5.5,0.341,True,Credit Card,Sur,7.5,539.26
29,9.0,Home & Living,98.85,5,0.014,3.3,0.198,True,Credit Card,Norte,7.5,1004.53
38,2.6,Electronics,238.93,3,0.004,3.8,0.433,True,Bank Transfer,Este,5.5,1468.83
39,4.4,Fashion,97.24,5,0.228,2.0,0.107,False,Digital Wallet,Norte,7.4,486.83
26,0.5,Electronics,116.52,2,0.11,1.6,0.654,False,Credit Card,Sur,9.1,327.89
65,1.1,Fashion,81.39,3,0.6,9.3,0.688,False,Credit Card,Central,9.8,20.13
21,11.1,Fashion,98.75,2,0.532,5.4,0.775,False,Bank Transfer,Oeste,9.1,18.44
22,1.1,Electronics,221.25,2,0.056,1.6,0.373,False,Digital Wallet,Oeste,6.7,533.77
53,1.2,Electronics,102.61,3,0.043,6.0,0.341,False,Credit Card,Sur,4.2,292.65
46,0.8,Fashion,95.36,2,0.09,7.6,0.021,False,Credit Card,Central,7.1,304.35
25,0.5,Electronics,233.88,2,0.028,7.0,0.203,False,Credit Card,Oeste,8.4,617.77
45,0.9,Electronics,266.96,2,0.129,6.4,0.42,True,Credit Card,Norte,7.3,896.61
55,3.6,Fashion,58.46,3,0.271,11.1,0.305,True,Digital Wallet,Norte,9.0,151.69
37,2.1,Home & Living,99.59,3,0.255,1.4,0.437,False,Credit Card,Norte,8.5,295.15
69,2.8,Electronics,270.53,1,0.157,4.1,0.407,False,Digital Wallet,Oeste,8.1,268.95
18,0.5,Electronics,175.9,2,0.162,1.0,0.094,True,Digital Wallet,Central,9.3,410.36
46,5.7,Home & Living,143.72,7,0.084,9.5,0.509,True,Digital Wallet,Central,6.9,2239.35
51,5.4,Electronics,137.38,2,0.43,10.4,0.209,False,Credit Card,Central,2.3,10.54
48,0.5,Fashion,111.87,5,0.17,3.9,0.444,True,Credit Card,Norte,8.6,645.11
35,1.7,Home & Living,101.24,0,0.147,9.4,0.097,True,Credit Card,Este,10.0,5.0
34,0.5,Home & Living,155.01,4,0.133,5.3,0.481,False,Bank Transfer,Este,6.7,579.96
43,5.5,Electronics,143.9,3,0.069,1.3,0.379,False,Credit Card,Central,7.9,739.8
47,4.7,Electronics,275.25,2,0.04,4.6,0.386,False,Digital Wallet,Este,7.4,730.49
45,8.1,Electronics,209.33,4,0.149,2.6,0.13,False,Credit Card,Oeste,5.8,888.41
50,0.9,Home & Living,105.07,2,0.315,2.0,0.21,True,Digital Wallet,Central,8.0,111.43
25,2.1,Home & Living,124.63,3,0.155,3.2,0.403,False,Credit Card,Norte,5.0,401.95
35,0.7,Electronics,151.72,2,0.13,3.5,0.126,True,Credit Card,Sur,7.0,386.6
26,1.6,Fashion,57.23,3,0.033,0.3,0.564,False,Credit Card,Norte,6.1,248.41
33,2.6,Home & Living,134.64,3,0.005,5.1,0.169,True,Credit Card,Norte,6.5,888.92
50,0.5,Electronics,153.22,4,0.001,3.2,0.18,False,Credit Card,Oeste,7.5,659.68
39,4.4,Electronics,180.25,3,0.012,3.5,0.196,False,Bank Transfer,Norte,7.2,863.45
69,2.7,Electronics,252.02,1,0.038,9.7,0.075,True,Bank Transfer,Este,10.0,334.1
40,6.2,Fashion,53.95,4,0.054,13.7,0.277,True,Digital Wallet,Norte,6.5,443.32
38,1.1,Home & Living,95.03,4,0.037,3.2,0.237,True,Digital Wallet,Central,6.1,626.41
39,8.2,Home & Living,64.77,4,0.0,7.5,0.123,True,Credit Card,Norte,3.8,370.96
30,15.0,Electronics,244.19,0,0.035,3.6,0.13,True,Digital Wallet,Sur,7.7,5.0
37,8.8,Electronics,130.48,2,0.033,2.8,0.42,True,Credit Card,Este,4.2,465.48
51,5.3,Fashion,94.32,11,0.075,4.9,0.339,False,Digital Wallet,Norte,8.8,1571.94
39,5.9,Home & Living,110.36,5,0.005,7.2,0.278,True,Digital Wallet,Central,6.1,861.37
28,3.0,Fashion,99.84,3,0.397,12.3,0.177,False,Credit Card,Norte,1.9,34.04
26,0.7,Fashion,78.96,7,0.178,4.3,0.191,False,Credit Card,Este,7.2,471.45
32,4.0,Fashion,60.06,9,0.055,3.7,0.165,True,Digital Wallet,Oeste,6.9,1297.34
38,4.4,Electronics,131.08,0,0.232,2.2,0.149,True,Credit Card,Norte,1.8,5.0
52,14.8,Fashion,102.99,7,0.012,0.6,0.212,True,Credit Card,Central,6.5,1481.21
21,2.7,Home & Living,41.88,4,0.009,4.6,0.277,False,Digital Wallet,Norte,8.6,238.67
34,1.1,Electronics,174.32,2,0.056,11.4,0.348,True,Digital Wallet,Este,8.0,564.71
39,4.0,Fashion,95.37,3,0.597,8.7,0.345,True,Credit Card,Norte,7.1,31.66
18,13.6,Electronics,227.22,2,0.002,5.7,0.217,False,Bank Transfer,Oeste,7.0,694.89
27,0.7,Fashion,63.2,3,0.082,2.6,0.518,True,Digital Wallet,Norte,7.8,301.47
29,1.4,Fashion,100.32,2,0.174,8.8,0.405,False,Credit Card,Sur,5.9,205.04
28,2.7,Fashion,70.05,5,0.401,1.3,0.264,True,Credit Card,Central,7.3,92.56
40,0.7,Home & Living,122.8,6,0.002,4.1,0.402,False,Credit Card,Este,7.3,1135.68
36,0.5,Fashion,92.93,6,0.44,1.4,0.119,False,Credit Card,Central,6.3,33.05
31,1.4,Fashion,73.53,7,0.223,4.4,0.081,False,Credit Card,Norte,8.5,597.4
43,7.0,Electronics,268.02,1,0.44,5.8,0.254,False,Credit Card,Norte,7.9,19.92
58,0.5,Home & Living,61.71,2,0.001,2.9,0.393,True,Credit Card,Este,6.8,149.96
57,2.0,Electronics,160.1,3,0.097,4.4,0.273,True,Credit Card,Central,5.8,663.01
18,5.0,Home & Living,122.47,2,0.0,2.7,0.272,False,Credit Card,Oeste,3.8,223.57
44,10.7,Electronics,98.57,1,0.162,3.9,0.458,True,Credit Card,Este,7.3,169.42
35,14.8,Electronics,41.01,0,0.088,8.8,0.252,True,Digital Wallet,Oeste,2.5,5.0
39,1.9,Electronics,243.69,1,0.116,6.0,0.061,True,Credit Card,Sur,8.2,374.97
33,10.5,Home & Living,133.52,2,0.078,0.6,0.419,False,Credit Card,Norte,6.6,400.51
39,0.5,Electronics,227.55,2,0.067,6.1,0.298,False,Credit Card,Norte,8.7,640.93
39,4.8,Electronics,182.54,0,0.461,4.8,0.61,True,Digital Wallet,Central,6.8,5.0
31,3.6,Electronics,115.98,2,0.172,2.7,0.542,False,Digital Wallet,Central,6.5,258.16
27,1.0,Electronics,213.4,3,0.184,2.9,0.176,True,Digital Wallet,Oeste,6.6,740.33
32,2.5,Electronics,157.44,4,0.161,2.2,0.132,False,Digital Wallet,Este,8.1,653.76
40,0.5,Fashion,90.26,1,0.099,1.0,0.445,False,Digital Wallet,Sur,7.9,120.02
45,7.2,Electronics,122.18,1,0.072,4.5,0.239,False,Digital Wallet,Central,3.3,117.55
48,1.6,Fashion,60.49,7,0.476,4.3,0.121,False,Credit Card,Norte,6.4,34.34
32,3.4,Electronics,202.17,2,0.038,8.2,0.383,False,Credit Card,Central,9.4,673.23
41,0.6,Fashion,100.11,4,0.476,2.8,0.296,True,Digital Wallet,Sur,8.7,30.44
49,0.8,Fashion,51.68,7,0.292,6.0,0.12,False,Credit Card,Norte,9.0,238.51
51,15.0,Electronics,170.01,2,0.129,4.9,0.547,True,Credit Card,Norte,8.5,632.02
37,4.9,Fashion,121.81,1,0.042,5.2,0.57,True,Credit Card,Sur,9.4,326.71
35,11.4,Electronics,96.24,1,0.056,12.2,0.067,True,Credit Card,Sur,9.6,248.39
40,1.2,Electronics,319.35,4,0.028,9.4,0.131,False,Digital Wallet,Norte,7.9,1617.02
24,0.6,Fashion,71.47,3,0.005,3.0,0.513,False,Credit Card,Sur,8.1,347.93
35,2.4,Fashion,119.99,4,0.115,3.8,0.283,True,Credit Card,Este,9.6,915.77
46,2.4,Fashion,33.86,2,0.6,6.6,0.625,False,Credit Card,Central,7.2,5.98
45,0.7,Electronics,162.34,1,0.212,1.9,0.306,False,Bank Transfer,Este,7.4,115.78
34,4.6,Electronics,189.95,3,0.067,0.8,0.234,True,Credit Card,Central,9.2,1025.18
40,1.6,Electronics,188.36,2,0.006,2.8,0.181,False,Digital Wallet,Central,6.9,530.51
28,0.7,Fashion,57.33,7,0.374,9.2,0.078,True,Credit Card,Sur,7.2,146.7
46,1.4,Fashion,68.33,1,0.479,1.5,0.494,False,Digital Wallet,Sur,6.9,5.0
37,2.9,Electronics,135.6,2,0.117,1.7,0.209,False,Bank Transfer,Central,6.9,355.63
34,4.5,Home & Living,96.25,8,0.04,7.0,0.361,False,Bank Transfer,Este,6.7,933.67
33,2.3,Electronics,224.24,6,0.224,3.7,0.335,False,Credit Card,Norte,2.1,663.39
37,2.6,Home & Living,125.04,4,0.141,4.8,0.226,False,Digital Wallet,Sur,8.2,491.72
32,0.5,Electronics,207.18,3,0.0,2.0,0.398,False,Bank Transfer,Oeste,7.1,833.48
45,8.6,Home & Living,103.48,5,0.154,7.0,0.272,True,Credit Card,Norte,7.2,886.32
33,9.2,Fashion,83.23,6,0.004,2.5,0.54,False,Digital Wallet,Central,1.5,470.75
57,4.0,Home & Living,143.07,2,0.0,11.0,0.634,True,Credit Card,Central,7.4,509.72
55,0.5,Electronics,243.83,1,0.007,1.7,0.451,False,Credit Card,Norte,8.7,273.8
27,2.7,Fashion,80.65,3,0.557,1.2,0.333,True,Digital Wallet,Central,8.3,23.52
38,3.5,Electronics,125.99,3,0.445,11.7,0.291,False,Bank Transfer,Norte,9.1,37.81
30,15.0,Home & Living,74.19,6,0.01,4.1,0.556,True,Credit Card,Norte,9.4,1133.4
34,15.0,Home & Living,105.65,2,0.036,4.9,0.286,False,Credit Card,Central,8.3,421.73
62,6.8,Electronics,185.19,1,0.211,6.1,0.511,True,Digital Wallet,Central,5.7,189.96
34,0.5,Fashion,68.39,5,0.6,3.2,0.198,False,Bank Transfer,Sur,7.4,27.71
42,10.7,Fashion,96.82,8,0.227,4.3,0.312,True,Credit Card,Oeste,7.0,931.0
44,3.3,Electronics,175.44,5,0.138,10.3,0.29,False,Credit Card,Norte,7.5,1090.13
25,5.6,Electronics,288.59,2,0.001,15.5,0.307,False,Digital Wallet,Norte,6.8,1083.94
27,1.8,Home & Living,66.37,5,0.019,3.0,0.576,False,Credit Card,Central,3.2,280.09
23,1.3,Fashion,123.49,4,0.119,5.9,0.223,False,Bank Transfer,Sur,5.2,438.02
27,2.2,Electronics,123.34,4,0.085,2.2,0.008,False,Bank Transfer,Oeste,8.2,696.28
18,0.6,Electronics,55.96,2,0.006,8.2,0.294,False,Credit Card,Central,7.8,126.74
44,1.5,Electronics,162.14,1,0.006,3.9,0.486,False,Credit Card,Central,9.0,256.76
62,6.8,Fashion,71.51,3,0.093,4.9,0.488,True,Digital Wallet,Sur,3.5,249.23
39,0.5,Electronics,135.21,1,0.036,1.8,0.331,False,Credit Card,Norte,8.0,190.05
21,0.6,Fashion,45.35,5,0.548,1.0,0.393,True,Digital Wallet,Oeste,4.3,11.72
30,0.5,Electronics,83.48,0,0.077,7.0,0.295,False,Credit Card,Central,6.7,5.0
32,1.8,Electronics,187.14,4,0.093,6.3,0.624,False,Bank Transfer,Central,7.7,947.06
25,15.0,Electronics,186.8,2,0.049,20.9,0.353,False,Credit Card,Central,7.1,813.08
48,0.7,Home & Living,74.09,1,0.01,7.6,0.326,True,Credit Card,Sur,8.1,138.1
47,0.6,Electronics,187.19,1,0.338,2.3,0.101,False,Credit Card,Norte,8.6,78.74
24,8.6,Home & Living,122.16,0,0.001,8.0,0.141,True,Digital Wallet,Central,6.9,5.0
46,7.5,Electronics,135.47,0,0.017,2.6,0.337,True,Credit Card,Central,10.0,5.0
56,0.5,Fashion,74.84,2,0.552,9.3,0.111,False,Digital Wallet,Central,10.0,9.85
60,4.9,Electronics,114.17,4,0.005,3.6,0.729,True,Digital Wallet,Sur,9.2,1002.38
72,3.7,Fashion,69.41,2,0.088,3.6,0.519,True,Credit Card,Sur,8.5,282.75
27,5.1,Home & Living,91.28,2,0.001,2.0,0.696,True,Digital Wallet,Central,7.8,395.43
71,2.4,Electronics,96.01,0,0.295,4.8,0.26,False,Bank Transfer,Central,7.4,5.0
33,15.0,Electronics,127.65,3,0.504,3.4,0.113,True,Bank Transfer,Este,8.2,42.5
30,0.5,Fashion,89.39,4,0.06,5.5,0.195,False,Digital Wallet,Central,9.0,529.86
41,0.9,Electronics,149.96,0,0.379,4.9,0.365,True,Credit Card,Central,4.0,5.0
31,1.8,Fashion,105.21,8,0.111,4.3,0.181,False,Credit Card,Norte,3.7,675.4
42,2.1,Electronics,184.05,0,0.162,5.4,0.022,False,Credit Card,Norte,7.9,5.0
22,8.9,Fashion,88.02,8,0.321,3.4,0.109,True,Credit Card,Norte,6.8,529.44
35,2.9,Fashion,27.56,3,0.187,8.6,0.708,False,Bank Transfer,Oeste,7.2,78.93
53,0.5,Electronics,222.43,2,0.062,4.2,0.406,False,Digital Wallet,Sur,8.2,402.26
37,1.8,Fashion,91.27,3,0.084,4.5,0.121,False,Digital Wallet,Este,7.7,358.64
39,1.9,Fashion,79.03,7,0.31,8.8,0.193,False,Credit Card,Central,8.6,394.32
43,11.8,Electronics,275.89,3,0.064,4.2,0.495,True,Credit Card,Este,7.8,1705.5
52,3.2,Fashion,75.85,9,0.164,0.3,0.222,True,Digital Wallet,Norte,6.4,965.58
18,3.5,Fashion,74.87,8,0.026,0.8,0.5,False,Bank Transfer,Sur,6.9,590.43
45,4.4,Electronics,100.96,0,0.008,5.0,0.069,False,Bank Transfer,Sur,8.8,5.0
34,5.1,Home & Living,91.89,7,0.015,7.5,0.149,False,Credit Card,Sur,9.3,911.48
39,3.5,Fashion,69.28,2,0.285,1.4,0.406,False,Digital Wallet,Norte,8.2,115.01
50,0.9,Electronics,129.32,2,0.169,5.9,0.228,False,Credit Card,Central,8.2,220.37
23,7.3,Home & Living,106.07,3,0.017,4.8,0.267,True,Credit Card,Central,9.9,605.83
25,4.6,Electronics,267.97,1,0.206,2.7,0.101,False,Bank Transfer,Norte,9.0,270.3
18,4.7,Fashion,70.48,7,0.088,1.7,0.58,True,Digital Wallet,Norte,9.1,924.22
31,15.0,Electronics,268.24,0,0.056,7.0,0.292,True,Credit Card,Oeste,6.7,5.0
53,5.7,Fashion,77.88,8,0.001,13.5,0.289,True,Digital Wallet,Sur,5.4,1378.77
36,6.2,Fashion,65.38,6,0.192,4.6,0.211,True,Credit Card,Central,9.1,673.0
21,10.6,Fashion,49.79,3,0.02,1.4,0.265,False,Credit Card,Central,7.2,304.79
32,0.6,Electronics,179.04,3,0.014,5.7,0.123,False,Credit Card,Central,10.0,803.49
20,2.4,Electronics,131.82,0,0.064,5.5,0.378,True,Digital Wallet,Norte,8.8,5.0
24,3.0,Fashion,89.5,4,0.011,3.0,0.241,False,Credit Card,Central,8.7,618.2
42,1.4,Electronics,250.13,0,0.103,3.5,0.231,True,Digital Wallet,Este,7.5,5.0
23,6.4,Electronics,91.5,4,0.156,1.5,0.266,False,Credit Card,Norte,8.6,447.33
51,5.0,Fashion,37.0,3,0.387,3.0,0.551,True,Digital Wallet,Central,7.0,33.52
37,4.5,Home & Living,97.2,1,0.038,5.9,0.371,True,Digital Wallet,Este,7.9,181.57
39,15.0,Electronics,160.74,3,0.072,4.7,0.344,True,Credit Card,Norte,8.5,1036.43
34,1.1,Electronics,74.09,0,0.019,6.3,0.545,False,Credit Card,Central,7.9,5.0
47,4.7,Home & Living,89.88,3,0.0,3.4,0.331,True,Credit Card,Central,7.8,539.26
47,2.8,Home & Living,117.65,6,0.061,2.4,0.132,False,Credit Card,Oeste,8.2,831.74
42,1.3,Fashion,93.42,3,0.34,5.3,0.071,True,Digital Wallet,Este,9.1,143.41
44,0.6,Electronics,217.71,0,0.072,4.2,0.339,False,Credit Card,Central,3.0,5.0
35,7.9,Fashion,106.45,0,0.381,6.2,0.572,True,Digital Wallet,Central,8.7,5.0
44,3.2,Home & Living,86.41,5,0.001,3.9,0.542,False,Digital Wallet,Norte,8.3,642.09
33,6.1,Electronics,168.4,2,0.345,3.9,0.47,False,Digital Wallet,Central,7.8,187.13
38,2.8,Fashion,92.36,2,0.005,4.0,0.234,False,Credit Card,Este,7.5,368.75
34,0.9,Fashion,93.41,4,0.107,3.5,0.271,False,Credit Card,Norte,6.4,546.66
32,1.4,Fashion,85.24,2,0.137,3.1,0.124,False,Credit Card,Este,7.2,212.8
29,1.7,Fashion,64.33,2,0.195,1.4,0.171,True,Digital Wallet,Sur,6.8,137.82
43,12.6,Fashion,99.7,4,0.108,4.4,0.224,True,Credit Card,Este,7.6,978.58
53,0.5,Fashion,99.85,4,0.099,7.0,0.213,False,Credit Card,Este,9.2,408.15
52,14.9,Fashion,71.14,2,0.004,7.8,0.273,True,Credit Card,Oeste,7.2,267.26
22,13.8,Electronics,205.36,1,0.024,2.7,0.138,True,Credit Card,Central,7.0,363.57
53,15.0,Fashion,56.8,5,0.006,1.1,0.162,False,Credit Card,Sur,6.0,424.03
34,2.3,Fashion,109.12,2,0.258,8.1,0.255,False,Credit Card,Norte,4.2,123.35
45,11.6,Home & Living,72.01,0,0.262,10.5,0.28,True,Digital Wallet,Central,5.9,5.0
27,1.8,Fashion,74.5,4,0.308,2.4,0.105,False,Credit Card,Central,3.2,119.83
39,0.5,Electronics,155.48,2,0.095,2.0,0.191,False,Digital Wallet,Este,8.3,332.11
41,0.9,Home & Living,53.47,2,0.01,2.5,0.387,True,Credit Card,Norte,8.5,169.8
20,10.2,Fashion,72.89,4,0.023,0.9,0.168,False,Credit Card,Central,6.4,389.18
45,0.5,Home & Living,73.55,2,0.108,2.2,0.147,True,Credit Card,Norte,6.1,173.66
54,2.8,Electronics,196.68,1,0.096,3.6,0.11,False,Credit Card,Este,6.9,216.18
35,0.5,Electronics,149.09,1,0.007,4.6,0.182,False,Bank Transfer,Central,8.7,191.3
54,1.2,Electronics,137.79,0,0.003,2.5,0.548,False,Digital Wallet,Oeste,2.4,5.0
35,0.5,Home & Living,114.57,1,0.052,4.5,0.588,True,Credit Card,Oeste,7.7,192.97
48,6.9,Home & Living,69.3,3,0.0,6.3,0.405,True,Digital Wallet,Este,2.1,123.18
18,3.1,Fashion,80.51,4,0.194,4.1,0.026,True,Digital Wallet,Este,7.3,350.57
67,8.1,Electronics,178.41,0,0.46,6.3,0.243,True,Credit Card,Central,7.1,5.0
55,4.1,Electronics,91.23,0,0.005,4.6,0.054,False,Digital Wallet,Oeste,7.3,5.0
34,12.4,Fashion,98.93,1,0.037,3.6,0.245,True,Credit Card,Central,8.0,202.51
18,2.5,Fashion,81.56,3,0.156,4.5,0.089,False,Bank Transfer,Norte,8.2,250.13
41,3.6,Fashion,74.92,2,0.128,1.6,0.65,False,Credit Card,Central,10.0,204.95
20,3.0,Electronics,194.72,0,0.002,5.1,0.225,False,Credit Card,Este,6.9,5.0
43,2.3,Fashion,87.87,6,0.051,5.4,0.167,True,Digital Wallet,Oeste,8.0,923.56
42,6.5,Electronics,214.86,2,0.074,7.7,0.198,True,Digital Wallet,Central,9.3,839.87
26,3.6,Fashion,90.79,3,0.017,1.3,0.436,True,Credit Card,Oeste,7.8,552.96
51,5.7,Fashion,98.74,6,0.006,4.7,0.09,True,Digital Wallet,Norte,4.8,633.7
47,5.4,Home & Living,106.77,4,0.001,2.8,0.079,True,Credit Card,Central,8.4,814.97
49,0.7,Fashion,18.28,5,0.066,4.9,0.257,False,Credit Card,Norte,8.0,118.62
38,3.7,Fashion,48.95,5,0.6,1.7,0.195,False,Credit Card,Sur,8.1,22.27
21,0.8,Electronics,172.92,3,0.287,3.4,0.214,False,Credit Card,Este,7.7,237.41
49,3.1,Home & Living,66.54,2,0.017,6.9,0.215,True,Credit Card,Central,8.5,203.72
34,4.0,Electronics,201.8,2,0.057,4.9,0.511,True,Bank Transfer,Oeste,2.0,372.53
21,15.0,Electronics,187.61,2,0.52,7.2,0.226,True,Bank Transfer,Central,7.6,37.6
54,0.5,Home & Living,181.45,2,0.001,2.8,0.249,False,Digital Wallet,Norte,8.6,471.66
63,0.5,Fashion,79.51,1,0.412,3.5,0.153,False,Credit Card,Oeste,8.7,8.48
37,0.5,Fashion,64.83,4,0.082,4.7,0.466,True,Credit Card,Norte,7.8,565.55
63,1.8,Electronics,162.01,2,0.006,5.6,0.094,False,Bank Transfer,Oeste,1.8,171.42
39,6.0,Home & Living,108.65,1,0.387,5.0,0.475,False,Digital Wallet,Sur,8.8,30.5
33,6.5,Electronics,266.06,2,0.232,7.4,0.214,True,Bank Transfer,Norte,9.0,680.61
30,4.7,Electronics,240.57,2,0.0,1.1,0.506,True,Credit Card,Oeste,3.5,608.61
57,8.0,Electronics,172.51,3,0.011,3.4,0.37,True,Digital Wallet,Sur,9.7,1119.26
28,1.4,Electronics,92.53,3,0.13,6.2,0.094,False,Digital Wallet,Este,6.6,324.19
46,0.5,Home & Living,179.83,6,0.162,3.4,0.155,False,Digital Wallet,Sur,6.3,962.81
31,0.5,Fashion,66.11,3,0.254,3.9,0.169,True,Credit Card,Norte,7.2,180.24
32,6.7,Fashion,69.72,5,0.445,5.8,0.526,False,Credit Card,Sur,6.5,35.51
50,4.6,Home & Living,82.61,4,0.129,5.8,0.369,True,Credit Card,Este,6.5,427.75
33,4.2,Electronics,175.44,0,0.01,3.1,0.298,False,Bank Transfer,Norte,5.9,5.0
33,1.5,Electronics,256.32,2,0.024,3.2,0.367,False,Bank Transfer,Sur,8.5,800.01
51,1.7,Fashion,91.0,2,0.076,4.3,0.586,False,Bank Transfer,Central,8.7,226.27
57,11.1,Fashion,97.95,3,0.313,3.3,0.224,True,Credit Card,Norte,3.5,158.18
45,0.5,Fashion,44.55,3,0.07,4.9,0.457,False,Digital Wallet,Sur,9.9,181.56
30,5.2,Electronics,243.12,3,0.152,10.1,0.25,True,Digital Wallet,Central,3.0,740.14
31,1.3,Fashion,100.5,9,0.032,8.2,0.624,False,Credit Card,Central,7.8,1285.46
38,0.5,Electronics,175.88,1,0.004,6.2,0.716,True,Credit Card,Central,2.6,194.08
41,4.7,Electronics,295.08,3,0.027,4.4,0.108,False,Credit Card,Norte,2.2,724.87
26,1.4,Electronics,139.41,4,0.037,7.2,0.193,False,Bank Transfer,Central,5.0,601.87
46,4.5,Electronics,213.21,2,0.244,2.5,0.507,True,Credit Card,Sur,7.5,443.03
39,4.3,Fashion,70.43,1,0.133,4.8,0.432,False,Bank Transfer,Norte,8.3,95.26
18,2.7,Electronics,164.19,2,0.055,4.4,0.379,True,Credit Card,Oeste,5.0,523.3
26,5.3,Home & Living,80.71,5,0.0,0.7,0.157,True,Credit Card,Central,6.1,814.38
31,3.0,Home & Living,46.53,1,0.056,6.5,0.551,False,Credit Card,Norte,3.3,45.52
37,1.2,Fashion,33.97,5,0.209,2.4,0.344,False,Bank Transfer,Central,8.3,190.78
60,4.6,Home & Living,122.98,3,0.097,7.0,0.226,False,Credit Card,Norte,7.7,510.26
40,3.1,Home & Living,66.12,1,0.029,2.5,0.445,False,Bank Transfer,Norte,8.5,98.22
27,0.5,Fashion,55.53,4,0.021,1.6,0.668,True,Credit Card,Norte,2.3,223.55
40,8.1,Fashion,54.42,8,0.046,5.4,0.499,True,Bank Transfer,Este,3.9,603.13
33,2.8,Home & Living,71.27,3,0.05,4.6,0.287,True,Credit Card,Norte,7.9,413.8
41,7.1,Fashion,88.08,5,0.247,3.1,0.327,True,Credit Card,Norte,8.2,518.09
44,7.5,Electronics,245.1,0,0.151,2.2,0.502,False,Digital Wallet,Este,5.8,5.0
52,2.1,Fashion,79.64,3,0.216,9.8,0.27,False,Bank Transfer,Oeste,8.1,193.04
37,2.5,Electronics,129.98,4,0.091,6.3,0.451,False,Credit Card,Oeste,8.2,795.37
57,1.9,Electronics,305.17,1,0.144,6.7,0.497,False,Digital Wallet,Sur,9.1,323.83
48,2.1,Electronics,195.14,0,0.022,2.5,0.514,False,Credit Card,Sur,1.0,5.0
29,7.9,Electronics,157.61,0,0.077,2.5,0.739,True,Bank Transfer,Sur,7.2,5.0
64,5.4,Electronics,223.72,4,0.059,8.3,0.176,False,Bank Transfer,Norte,4.5,718.52
41,0.5,Home & Living,122.47,6,0.018,5.6,0.219,False,Credit Card,Sur,7.0,858.16
27,3.3,Electronics,64.35,0,0.177,2.2,0.14,True,Credit Card,Sur,8.1,5.0
57,15.0,Electronics,199.51,1,0.084,14.3,0.106,False,Credit Card,Norte,8.1,318.16
62,3.2,Electronics,139.81,3,0.039,5.9,0.422,True,Digital Wallet,Sur,7.0,584.52
37,5.4,Fashion,81.28,9,0.147,7.2,0.265,True,Credit Card,Este,9.2,1384.13
31,5.1,Home & Living,118.97,6,0.001,6.1,0.191,True,Credit Card,Central,8.8,1545.64
35,1.5,Electronics,187.82,2,0.002,3.0,0.447,True,Bank Transfer,Norte,8.3,631.02
46,1.6,Electronics,86.01,3,0.46,3.9,0.175,True,Credit Card,Central,8.9,26.41
53,4.5,Fashion,75.13,4,0.04,1.4,0.265,True,Digital Wallet,Central,8.1,540.07
44,2.4,Fashion,95.98,6,0.074,2.3,0.07,True,Credit Card,Este,2.4,566.86
39,3.0,Electronics,103.0,0,0.307,5.2,0.537,False,Credit Card,Central,6.9,5.0
55,4.4,Electronics,96.45,2,0.005,0.3,0.402,True,Credit Card,Sur,8.6,375.27
34,5.3,Fashion,80.85,3,0.013,13.4,0.097,True,Credit Card,Oeste,7.2,599.78
50,1.1,Electronics,221.07,2,0.033,3.9,0.176,False,Digital Wallet,Sur,3.9,281.48
34,0.6,Home & Living,114.51,6,0.16,0.9,0.447,True,Credit Card,Oeste,3.7,670.84
43,1.2,Electronics,225.64,1,0.282,2.9,0.067,False,Credit Card,Sur,7.9,137.2
36,2.5,Electronics,201.56,2,0.189,4.6,0.436,True,Credit Card,Oeste,7.4,503.99
37,1.5,Home & Living,44.74,3,0.1,8.4,0.4,False,Bank Transfer,Oeste,3.0,101.17
33,2.9,Home & Living,57.16,3,0.032,5.3,0.298,False,Bank Transfer,Norte,8.6,240.05
54,0.5,Electronics,136.19,2,0.045,8.5,0.093,False,Credit Card,Central,7.8,331.31
29,2.5,Home & Living,81.6,2,0.0,2.7,0.397,True,Credit Card,Sur,8.7,301.42
29,1.6,Fashion,71.88,4,0.028,9.2,0.06,True,Digital Wallet,Sur,8.5,448.69
63,2.7,Electronics,123.28,1,0.133,3.3,0.265,True,Credit Card,Este,8.1,186.14
49,1.9,Fashion,76.06,5,0.054,6.0,0.822,True,Credit Card,Central,9.1,873.78
18,1.2,Electronics,217.72,3,0.271,6.7,0.688,False,Bank Transfer,Este,6.1,377.6
31,8.2,Electronics,179.62,3,0.002,3.3,0.634,True,Digital Wallet,Norte,9.1,1510.36
18,0.7,Electronics,139.42,1,0.317,9.5,0.09,False,Credit Card,Central,5.9,49.08
26,4.0,Fashion,89.5,1,0.379,4.7,0.146,False,Bank Transfer,Norte,7.6,27.22
18,9.0,Home & Living,106.77,5,0.035,3.7,0.167,True,Credit Card,Norte,8.4,808.23
36,2.7,Fashion,81.54,7,0.06,0.9,0.329,False,Digital Wallet,Central,3.4,565.13
24,7.3,Electronics,253.14,1,0.019,3.6,0.29,False,Digital Wallet,Oeste,7.2,473.85
38,0.5,Fashion,101.14,5,0.028,3.1,0.224,False,Credit Card,Norte,10.0,753.9
18,2.4,Fashion,72.41,4,0.238,5.0,0.173,False,Credit Card,Sur,10.0,259.85
38,2.1,Home & Living,118.11,4,0.024,4.0,0.588,True,Credit Card,Central,7.4,1003.49
33,0.5,Electronics,298.68,2,0.125,4.2,0.729,True,Credit Card,Sur,8.0,957.86
56,2.0,Fashion,124.18,8,0.187,3.3,0.225,True,Credit Card,Norte,4.5,718.11
54,1.6,Fashion,64.08,4,0.181,3.7,0.221,False,Digital Wallet,Central,6.5,227.84
47,3.9,Fashion,57.88,5,0.351,1.8,0.276,True,Credit Card,Norte,2.2,68.48
34,9.8,Electronics,100.28,2,0.028,3.9,0.01,True,Digital Wallet,Oeste,8.6,448.7
61,0.5,Electronics,99.05,1,0.004,1.6,0.236,False,Digital Wallet,Este,4.6,82.04
19,1.4,Fashion,43.78,3,0.108,5.5,0.381,False,Credit Card,Central,6.7,143.91
21,2.1,Home & Living,62.77,2,0.141,5.1,0.059,False,Credit Card,Norte,2.0,70.4
36,2.1,Fashion,15.0,1,0.02,3.1,0.493,True,Bank Transfer,Central,5.5,32.71
65,5.2,Home & Living,110.97,2,0.227,5.8,0.217,True,Credit Card,Norte,8.0,200.36
35,2.1,Electronics,215.9,0,0.136,2.7,0.363,True,Credit Card,Norte,7.6,5.0
35,0.5,Fashion,78.55,2,0.073,12.1,0.291,True,Digital Wallet,Norte,9.4,265.18
20,4.3,Fashion,20.27,1,0.099,2.9,0.103,True,Digital Wallet,Oeste,3.3,17.43
49,7.6,Fashion,88.7,3,0.146,1.5,0.283,True,Credit Card,Central,8.8,437.29
49,2.5,Home & Living,129.58,1,0.488,4.4,0.491,False,Credit Card,Este,1.0,5.0
47,3.0,Home & Living,91.7,4,0.041,8.3,0.245,True,Credit Card,Este,8.2,668.6
30,0.6,Fashion,79.77,2,0.22,6.5,0.512,False,Bank Transfer,Norte,7.6,137.28
29,0.9,Fashion,87.9,5,0.194,8.0,0.508,False,Digital Wallet,Central,3.7,242.16
22,0.9,Home & Living,77.73,2,0.029,3.9,0.368,False,Digital Wallet,Norte,9.0,210.39
39,2.0,Fashion,38.28,1,0.107,5.7,0.198,False,Credit Card,Sur,8.0,55.5
25,9.2,Home & Living,44.9,2,0.036,12.2,0.68,True,Digital Wallet,Sur,3.8,102.92
23,2.6,Home & Living,100.65,1,0.041,14.0,0.268,False,Credit Card,Este,7.6,194.59
32,0.7,Fashion,54.45,3,0.051,5.0,0.329,False,Credit Card,Oeste,9.4,199.87
32,1.1,Fashion,61.81,5,0.12,10.3,0.19,False,Credit Card,Central,7.2,435.27
31,1.7,Fashion,90.83,4,0.206,4.9,0.542,True,Bank Transfer,Norte,7.6,529.24
43,3.4,Electronics,218.12,3,0.02,8.0,0.533,True,Credit Card,Norte,7.4,1352.1
38,2.0,Fashion,68.35,5,0.194,7.0,0.469,False,Credit Card,Norte,7.4,366.93
34,1.7,Electronics,154.28,3,0.003,2.8,0.082,True,Digital Wallet,Central,3.6,461.04
40,2.9,Fashion,39.47,6,0.15,6.5,0.499,False,Credit Card,Sur,8.0,345.18
26,1.0,Home & Living,90.35,1,0.001,4.3,0.197,False,Credit Card,Central,9.1,138.97
39,0.5,Electronics,146.19,2,0.426,4.6,0.313,False,Credit Card,Sur,5.4,23.83
39,0.5,Electronics,104.01,2,0.089,2.7,0.186,True,Credit Card,Norte,8.3,380.23
19,1.0,Fashion,104.64,2,0.085,13.6,0.262,True,Credit Card,Sur,7.0,341.68
49,0.5,Electronics,183.58,2,0.149,5.1,0.434,True,Credit Card,Sur,7.1,388.92
27,1.4,Fashion,81.45,6,0.091,4.6,0.728,False,Credit Card,Norte,6.6,541.08
39,5.2,Fashion,88.31,4,0.074,17.4,0.109,False,Bank Transfer,Central,7.8,518.96
51,4.4,Electronics,238.77,4,0.028,2.3,0.307,True,Credit Card,Este,5.2,1485.46
49,3.3,Electronics,116.91,4,0.003,4.4,0.518,False,Credit Card,Norte,7.8,764.48
38,6.7,Home & Living,119.73,2,0.283,9.9,0.512,True,Credit Card,Central,7.3,267.65
33,1.2,Electronics,163.45,3,0.252,10.3,0.277,False,Credit Card,Norte,6.6,378.22
49,7.6,Fashion,51.04,3,0.349,3.6,0.121,False,Credit Card,Norte,8.7,88.91
46,1.8,Home & Living,87.94,4,0.062,1.0,0.557,True,Bank Transfer,Norte,2.0,243.44
30,1.8,Home & Living,90.39,4,0.095,0.6,0.46,True,Credit Card,Sur,6.7,639.64
28,1.8,Electronics,155.16,1,0.082,7.2,0.317,False,Digital Wallet,Central,8.7,250.48
18,0.5,Fashion,57.2,2,0.423,5.4,0.325,True,Credit Card,Sur,8.2,10.5
39,13.0,Fashion,103.66,4,0.115,2.7,0.535,True,Credit Card,Central,7.5,858.9
37,0.5,Fashion,113.93,5,0.426,4.0,0.207,False,Bank Transfer,Oeste,5.0,33.95
51,1.5,Home & Living,93.92,3,0.227,6.0,0.242,False,Digital Wallet,Central,7.7,189.08
42,1.3,Fashion,89.55,0,0.156,5.7,0.733,False,Digital Wallet,Norte,8.4,5.0
54,0.5,Electronics,187.64,2,0.016,1.5,0.113,True,Digital Wallet,Central,2.5,230.55
29,0.6,Fashion,23.36,2,0.203,6.3,0.528,False,Bank Transfer,Central,1.5,17.49
51,0.5,Fashion,52.66,4,0.422,4.4,0.245,False,Credit Card,Norte,6.0,11.73
31,1.2,Fashion,67.29,5,0.021,2.1,0.342,False,Digital Wallet,Central,9.4,507.88
47,7.1,Electronics,175.94,1,0.131,1.6,0.323,True,Credit Card,Sur,5.9,272.77
20,1.5,Electronics,153.93,1,0.12,2.9,0.392,True,Digital Wallet,Central,5.7,201.39
40,0.5,Home & Living,113.03,5,0.055,5.0,0.111,False,Credit Card,Norte,7.3,715.43
18,3.6,Electronics,214.41,3,0.089,1.3,0.172,False,Credit Card,Central,7.0,628.09
34,15.0,Electronics,193.26,2,0.299,5.0,0.647,True,Bank Transfer,Sur,8.2,331.88
43,0.9,Home & Living,113.03,1,0.197,6.7,0.293,False,Credit Card,Norte,5.3,97.22
31,1.1,Fashion,95.05,5,0.133,8.0,0.064,False,Credit Card,Central,7.2,559.96
25,12.5,Electronics,156.06,2,0.211,0.9,0.037,True,Digital Wallet,Central,8.0,394.51
48,0.7,Fashion,126.68,1,0.162,2.5,0.304,False,Credit Card,Norte,6.2,97.29
36,2.5,Fashion,67.12,2,0.091,5.8,0.347,False,Credit Card,Norte,3.6,143.36
32,1.0,Fashion,63.0,5,0.035,5.9,0.185,False,Credit Card,Central,7.0,569.26
38,9.4,Home & Living,81.49,3,0.011,1.1,0.757,True,Credit Card,Central,7.5,606.48
69,14.0,Electronics,123.17,1,0.003,6.3,0.166,True,Digital Wallet,Central,6.3,224.38
51,5.9,Fashion,90.18,5,0.019,2.0,0.081,True,Credit Card,Central,2.7,478.01
51,1.3,Electronics,166.29,3,0.051,2.2,0.322,False,Digital Wallet,Sur,3.4,315.03
43,1.8,Fashion,99.68,4,0.139,3.6,0.097,False,Bank Transfer,Norte,6.8,453.46
39,1.0,Fashion,86.61,5,0.109,8.1,0.61,True,Bank Transfer,Central,9.4,706.26
18,7.7,Electronics,215.9,1,0.004,6.7,0.403,False,Credit Card,Central,8.8,387.93
29,8.6,Fashion,84.32,7,0.121,3.0,0.097,True,Credit Card,Central,1.9,515.3
32,1.9,Electronics,177.25,1,0.324,1.8,0.555,False,Credit Card,Norte,8.4,91.06
18,3.7,Electronics,259.68,1,0.049,9.3,0.205,False,Digital Wallet,Central,4.4,211.34
24,0.6,Fashion,82.01,2,0.109,1.5,0.178,False,Credit Card,Central,8.2,175.61
18,2.0,Fashion,85.57,4,0.104,2.7,0.312,False,Digital Wallet,Oeste,9.3,367.83
37,3.5,Electronics,230.61,1,0.325,3.1,0.381,False,Credit Card,Sur,8.9,142.13
47,1.7,Home & Living,126.83,2,0.097,0.6,0.099,True,Credit Card,Central,8.8,381.58
51,1.5,Electronics,231.11,2,0.343,3.1,0.51,False,Digital Wallet,Sur,4.1,89.15
42,0.5,Electronics,238.22,2,0.036,6.3,0.506,False,Credit Card,Central,6.1,447.94
26,5.7,Electronics,210.9,1,0.023,7.8,0.244,True,Credit Card,Central,5.0,395.39
18,7.7,Electronics,94.25,1,0.226,10.5,0.317,True,Credit Card,Sur,9.0,116.57
18,12.2,Electronics,217.55,5,0.059,5.6,0.328,True,Credit Card,Sur,4.3,1420.45
22,4.4,Home & Living,125.88,1,0.003,4.9,0.224,False,Bank Transfer,Central,5.3,171.87
27,2.8,Fashion,54.43,5,0.016,4.0,0.558,False,Credit Card,Central,8.5,488.75
36,1.1,Fashion,54.21,7,0.364,5.6,0.624,True,Bank Transfer,Sur,6.1,176.67
25,15.0,Home & Living,43.68,2,0.0,6.4,0.125,False,Credit Card,Central,8.4,170.39
42,3.1,Fashion,94.29,7,0.386,3.7,0.215,True,Credit Card,Norte,6.6,177.01
35,4.0,Electronics,162.76,2,0.003,4.5,0.203,False,Credit Card,Central,4.0,356.88
38,4.0,Electronics,148.09,1,0.129,5.5,0.13,False,Bank Transfer,Este,8.2,188.66
51,6.5,Electronics,177.84,3,0.147,6.4,0.222,True,Credit Card,Norte,8.4,786.43
23,0.5,Fashion,65.94,5,0.122,1.7,0.243,False,Bank Transfer,Norte,2.2,171.68
43,0.9,Electronics,172.38,1,0.044,2.3,0.153,False,Bank Transfer,Sur,8.6,225.46
37,3.8,Fashion,80.45,3,0.112,5.2,0.295,False,Digital Wallet,Norte,6.9,358.3
33,7.9,Fashion,85.87,2,0.111,1.7,0.298,True,Bank Transfer,Este,7.7,304.97
48,4.0,Home & Living,83.27,4,0.02,9.8,0.334,False,Credit Card,Norte,8.2,529.33
48,1.9,Fashion,88.23,7,0.228,3.8,0.577,False,Bank Transfer,Este,7.1,453.1
26,1.6,Electronics,254.37,2,0.005,5.7,0.147,True,Digital Wallet,Oeste,8.7,910.25
35,4.7,Electronics,258.99,3,0.014,3.2,0.564,True,Credit Card,Central,6.1,1198.02
41,4.7,Fashion,32.01,6,0.207,1.6,0.278,True,Digital Wallet,Central,8.3,291.82
34,3.3,Electronics,138.64,3,0.0,3.8,0.432,True,Bank Transfer,Norte,9.0,862.55
45,1.2,Electronics,150.76,0,0.001,2.6,0.099,True,Credit Card,Oeste,7.4,5.0
41,9.1,Fashion,32.66,2,0.303,3.0,0.347,True,Credit Card,Norte,7.2,54.02
59,2.8,Electronics,195.33,2,0.03,5.4,0.458,True,Credit Card,Central,8.0,620.87
19,5.5,Home & Living,84.0,1,0.271,3.1,0.258,False,Credit Card,Sur,9.3,55.24
36,0.8,Electronics,132.79,1,0.258,8.8,0.257,False,Digital Wallet,Sur,7.9,122.96
27,1.5,Home & Living,120.8,3,0.015,6.8,0.419,True,Credit Card,Sur,7.2,702.84
45,7.3,Home & Living,140.0,3,0.048,10.4,0.395,True,Credit Card,Sur,8.6,991.06
18,0.5,Electronics,122.12,1,0.098,4.4,0.425,False,Credit Card,Sur,9.3,130.79
42,2.5,Fashion,69.65,5,0.304,3.4,0.251,False,Credit Card,Norte,7.9,222.36
30,2.3,Fashion,51.62,9,0.279,4.1,0.594,True,Digital Wallet,Norte,8.2,521.93
29,4.9,Fashion,88.05,5,0.001,4.9,0.157,False,Digital Wallet,Norte,5.6,684.11
20,1.2,Fashion,62.18,3,0.035,5.4,0.35,True,Digital Wallet,Central,7.8,359.44
32,0.9,Fashion,69.27,5,0.103,4.4,0.038,False,Bank Transfer,Norte,8.1,549.08
51,9.1,Fashion,66.04,3,0.295,3.9,0.543,True,Credit Card,Sur,7.8,140.07
37,3.0,Electronics,175.41,1,0.008,7.5,0.173,True,Credit Card,Norte,3.8,255.3
45,0.5,Home & Living,69.4,2,0.002,9.2,0.112,False,Bank Transfer,Este,6.6,171.09
57,0.8,Electronics,176.03,2,0.012,0.6,0.237,False,Credit Card,Norte,6.4,338.37
41,15.0,Electronics,175.57,0,0.17,10.0,0.443,True,Credit Card,Central,9.0,5.0
31,0.8,Electronics,238.63,2,0.017,10.5,0.469,False,Credit Card,Oeste,7.7,789.59
43,3.3,Home & Living,67.86,2,0.035,4.4,0.68,False,Credit Card,Norte,8.7,189.21
31,1.9,Fashion,97.67,2,0.039,1.1,0.234,False,Credit Card,Sur,6.7,297.49
31,7.6,Home & Living,85.51,0,0.18,4.3,0.772,False,Credit Card,Central,7.5,5.0
19,4.9,Home & Living,63.39,0,0.014,4.4,0.459,False,Credit Card,Este,8.4,5.0
49,3.2,Home & Living,83.42,1,0.468,1.6,0.215,False,Credit Card,Este,7.0,5.66
33,0.5,Fashion,41.28,4,0.29,3.9,0.225,True,Credit Card,Norte,9.4,148.2
40,7.4,Electronics,156.11,5,0.0,5.0,0.606,True,Digital Wallet,Sur,8.7,2143.79
25,2.1,Electronics,144.96,2,0.086,11.5,0.412,False,Credit Card,Sur,7.8,395.78
43,9.4,Fashion,72.9,2,0.196,8.1,0.201,True,Credit Card,Oeste,8.2,248.39
28,2.4,Fashion,96.82,7,0.088,3.3,0.321,False,Credit Card,Central,8.0,1120.64
36,4.1,Fashion,59.73,8,0.088,2.5,0.582,False,Credit Card,Este,9.5,798.03
48,0.5,Fashion,50.83,6,0.06,7.7,0.208,False,Digital Wallet,Central,9.3,426.5
47,4.8,Fashion,67.21,1,0.424,2.3,0.289,True,Credit Card,Central,8.7,7.58
37,1.4,Electronics,142.66,0,0.007,7.8,0.167,True,Credit Card,Central,8.5,5.0
18,1.5,Electronics,149.08,4,0.018,3.7,0.272,False,Bank Transfer,Oeste,6.5,719.81
73,0.5,Fashion,77.18,2,0.537,9.1,0.258,False,Credit Card,Este,8.1,10.58
58,0.6,Electronics,205.83,3,0.022,5.6,0.198,False,Credit Card,Este,6.3,732.29
46,0.7,Fashion,103.62,5,0.322,1.4,0.369,False,Digital Wallet,Central,6.9,237.8
28,1.4,Fashion,94.71,3,0.133,8.1,0.177,False,Bank Transfer,Este,7.8,367.41
36,7.8,Home & Living,61.82,4,0.068,3.2,0.351,False,Digital Wallet,Norte,7.3,365.11
31,1.6,Home & Living,54.09,6,0.032,3.0,0.499,True,Credit Card,Sur,7.8,564.4
53,4.5,Fashion,69.94,5,0.126,1.3,0.262,False,Credit Card,Central,9.5,435.66
41,0.5,Fashion,65.13,8,0.007,3.3,0.258,False,Digital Wallet,Central,6.6,662.64
28,3.1,Electronics,123.01,3,0.181,2.6,0.271,False,Credit Card,Central,7.6,319.73
32,2.3,Fashion,70.71,6,0.6,2.2,0.66,True,Credit Card,Central,4.2,26.18
51,13.4,Fashion,59.36,2,0.565,10.6,0.316,True,Digital Wallet,Este,9.2,14.83
57,6.6,Fashion,79.24,3,0.409,4.8,0.114,True,Credit Card,Sur,8.3,43.69
56,2.1,Fashion,70.68,8,0.422,1.7,0.284,False,Digital Wallet,Este,8.5,38.23
47,5.2,Electronics,242.58,2,0.309,4.9,0.425,False,Credit Card,Central,10.0,340.94
34,0.8,Home & Living,65.79,6,0.03,3.4,0.305,False,Credit Card,Oeste,8.1,618.99
18,2.9,Electronics,150.96,0,0.06,4.0,0.101,True,Credit Card,Sur,6.7,5.0
41,0.5,Home & Living,139.8,3,0.302,8.2,0.446,False,Digital Wallet,Sur,7.1,260.42
37,1.5,Fashion,24.84,3,0.022,1.4,0.194,True,Bank Transfer,Norte,7.0,100.47
39,0.9,Fashion,94.27,2,0.043,2.0,0.109,False,Digital Wallet,Sur,7.5,275.53
38,4.4,Electronics,104.2,1,0.136,3.3,0.336,True,Credit Card,Sur,8.3,197.35
22,2.4,Electronics,219.16,0,0.52,8.0,0.25,True,Digital Wallet,Central,4.0,5.0
44,4.9,Home & Living,140.51,2,0.001,10.6,0.358,True,Bank Transfer,Este,6.3,594.74
45,2.5,Home & Living,148.74,2,0.016,3.2,0.633,False,Credit Card,Este,8.9,469.21
46,0.5,Fashion,76.41,3,0.021,5.9,0.21,False,Credit Card,Sur,7.5,304.13
49,4.7,Fashion,50.9,1,0.241,5.1,0.102,True,Bank Transfer,Sur,8.0,55.04
45,6.3,Fashion,91.4,6,0.027,7.6,0.357,True,Digital Wallet,Sur,9.1,968.85
33,8.2,Fashion,19.35,7,0.048,2.3,0.476,True,Credit Card,Este,6.7,335.01
37,3.0,Fashion,95.1,3,0.036,4.0,0.545,False,Credit Card,Norte,7.9,528.64
39,4.9,Electronics,157.55,1,0.24,1.9,0.227,False,Credit Card,Central,8.2,164.08
39,4.9,Home & Living,130.25,3,0.03,4.7,0.299,True,Credit Card,Central,7.6,858.12
49,0.6,Fashion,76.66,2,0.035,6.2,0.282,False,Credit Card,Central,2.4,127.02
45,0.6,Electronics,201.44,1,0.322,2.3,0.201,False,Digital Wallet,Norte,7.4,85.58
62,0.5,Home & Living,141.18,2,0.147,3.2,0.424,True,Credit Card,Sur,8.0,325.36
64,1.3,Fashion,95.51,4,0.213,12.0,0.143,True,Credit Card,Sur,8.3,540.8
38,2.2,Electronics,266.95,2,0.161,3.2,0.27,False,Digital Wallet,Este,8.8,566.33
18,15.0,Electronics,146.88,1,0.018,4.8,0.588,True,Credit Card,Norte,2.1,160.55
52,2.0,Fashion,102.41,5,0.112,5.8,0.406,False,Credit Card,Norte,6.1,593.3
31,4.5,Home & Living,134.75,2,0.019,3.3,0.555,True,Digital Wallet,Central,7.6,569.91
28,4.1,Home & Living,79.55,2,0.013,6.8,0.126,False,Credit Card,Sur,3.4,159.87
33,0.8,Fashion,89.21,3,0.341,1.0,0.203,True,Bank Transfer,Norte,7.1,129.3
32,0.5,Electronics,83.48,2,0.027,9.9,0.085,False,Credit Card,Central,8.3,230.94
45,2.8,Electronics,144.04,1,0.133,4.3,0.142,False,Bank Transfer,Central,8.6,143.85
19,4.2,Electronics,259.15,0,0.101,1.9,0.295,True,Credit Card,Norte,6.4,5.0
25,15.0,Home & Living,98.86,2,0.008,0.9,0.277,True,Credit Card,Oeste,7.2,435.63
42,1.6,Home & Living,67.45,2,0.059,13.2,0.437,False,Bank Transfer,Central,5.7,158.64
45,7.9,Electronics,173.37,2,0.074,12.2,0.627,True,Credit Card,Norte,7.1,724.14
45,1.7,Home & Living,68.31,2,0.031,3.6,0.124,False,Credit Card,Norte,8.2,153.35
28,4.1,Fashion,70.95,5,0.123,4.7,0.247,False,Credit Card,Este,7.2,450.56
26,3.2,Electronics,237.29,1,0.262,2.9,0.352,False,Digital Wallet,Central,8.7,197.71
31,0.5,Fashion,105.47,7,0.341,0.7,0.453,True,Credit Card,Oeste,9.0,410.96
40,0.5,Home & Living,136.18,4,0.102,0.7,0.198,False,Bank Transfer,Central,9.5,682.4
55,0.5,Electronics,86.4,1,0.168,4.4,0.504,True,Credit Card,Sur,9.4,105.64
18,1.6,Home & Living,89.18,6,0.213,6.8,0.115,False,Digital Wallet,Sur,8.7,510.84
35,4.8,Electronics,209.95,2,0.076,1.1,0.203,False,Credit Card,Sur,8.1,667.81
22,0.7,Electronics,162.83,2,0.0,9.2,0.397,False,Credit Card,Sur,8.8,413.54
18,3.3,Electronics,315.99,2,0.004,5.8,0.351,True,Digital Wallet,Norte,7.2,1114.03
49,1.2,Home & Living,76.02,1,0.005,8.6,0.597,False,Digital Wallet,Este,6.4,80.99
44,5.6,Fashion,106.23,1,0.135,11.4,0.479,False,Credit Card,Central,7.5,155.79
43,5.6,Home & Living,94.35,5,0.272,4.6,0.762,False,Digital Wallet,Sur,9.0,389.82
49,5.2,Fashion,111.12,3,0.121,5.2,0.553,True,Credit Card,Norte,6.3,566.92
32,2.6,Fashion,124.17,6,0.186,3.2,0.254,True,Bank Transfer,Central,7.8,871.31
32,1.2,Home & Living,111.86,4,0.007,5.2,0.181,False,Credit Card,Este,8.2,728.72
64,5.8,Fashion,116.2,2,0.447,2.3,0.468,True,Digital Wallet,Sur,7.6,20.82
35,0.7,Home & Living,184.52,3,0.05,6.3,0.475,False,Digital Wallet,Sur,8.9,844.18
46,1.2,Electronics,273.61,1,0.192,1.5,0.245,False,Credit Card,Central,8.9,209.33
38,0.7,Fashion,87.69,4,0.054,5.7,0.166,False,Credit Card,Sur,7.5,489.98
18,3.9,Fashion,49.49,6,0.041,11.1,0.161,True,Digital Wallet,Este,7.1,340.47
18,4.1,Home & Living,103.01,6,0.0,1.5,0.397,True,Digital Wallet,Este,5.6,1012.65
31,3.7,Electronics,154.91,2,0.0,3.0,0.663,False,Credit Card,Sur,2.1,328.01
50,1.9,Fashion,79.55,6,0.149,9.7,0.351,False,Bank Transfer,Central,5.2,372.72
47,0.5,Fashion,86.58,5,0.071,1.3,0.486,False,Credit Card,Central,9.0,434.49
48,8.5,Fashion,30.2,6,0.071,3.7,0.383,True,Credit Card,Norte,10.0,392.14
26,2.5,Electronics,245.9,2,0.314,4.0,0.25,True,Credit Card,Central,6.4,313.35
57,1.8,Electronics,92.55,2,0.06,3.4,0.255,True,Credit Card,Central,7.4,261.05
26,3.1,Home & Living,155.9,1,0.052,4.7,0.185,False,Digital Wallet,Sur,8.3,198.74
40,0.7,Fashion,95.34,2,0.196,6.6,0.191,True,Credit Card,Central,8.0,245.08
37,0.5,Fashion,81.28,3,0.014,4.7,0.134,False,Credit Card,Este,7.6,383.3
35,1.8,Home & Living,86.57,6,0.023,5.1,0.46,True,Credit Card,Oeste,7.8,1064.97
54,0.9,Electronics,252.76,3,0.052,3.4,0.037,True,Credit Card,Norte,6.5,1124.54
29,1.0,Fashion,67.51,6,0.062,2.7,0.229,False,Digital Wallet,Central,7.0,546.87
21,7.8,Home & Living,82.4,2,0.172,9.7,0.426,False,Credit Card,Sur,7.8,196.11
38,2.6,Home & Living,88.54,6,0.065,9.4,0.238,False,Credit Card,Norte,5.5,865.93
33,2.3,Fashion,73.46,8,0.498,1.0,0.14,True,Credit Card,Central,9.0,60.48
75,4.1,Fashion,55.78,6,0.293,5.4,0.387,False,Digital Wallet,Central,7.4,204.69
46,10.6,Fashion,102.99,5,0.097,15.5,0.037,True,Digital Wallet,Central,7.4,853.13
33,0.5,Home & Living,34.54,2,0.197,5.2,0.393,True,Credit Card,Norte,8.1,87.97
25,6.3,Fashion,127.57,2,0.274,5.5,0.506,True,Credit Card,Este,6.3,228.27
18,3.1,Home & Living,65.3,2,0.001,1.8,0.117,True,Credit Card,Central,2.1,105.88
25,0.6,Electronics,136.82,1,0.02,2.6,0.29,False,Bank Transfer,Norte,9.7,214.89
39,1.2,Fashion,38.37,4,0.189,11.8,0.402,False,Credit Card,Norte,8.5,161.34
55,2.3,Fashion,82.76,4,0.029,5.7,0.246,True,Digital Wallet,Norte,9.6,668.53
51,4.1,Fashion,67.09,4,0.023,9.9,0.309,True,Digital Wallet,Este,2.1,248.66
40,1.0,Fashion,95.66,3,0.009,4.8,0.6,False,Bank Transfer,Central,8.3,428.08
34,2.7,Home & Living,180.93,5,0.091,5.8,0.3,False,Credit Card,Central,7.0,1042.54
41,4.0,Home & Living,83.15,2,0.071,6.8,0.319,False,Credit Card,Oeste,7.1,272.62
31,2.1,Electronics,270.27,0,0.171,5.6,0.234,True,Bank Transfer,Sur,7.3,5.0
58,7.0,Home & Living,60.01,4,0.048,4.2,0.577,True,Digital Wallet,Este,4.9,243.11
35,7.1,Electronics,146.98,1,0.161,1.6,0.546,True,Credit Card,Este,3.6,151.81
36,2.2,Fashion,92.09,3,0.061,3.7,0.147,False,Digital Wallet,Sur,8.0,397.66
18,12.6,Home & Living,61.02,1,0.188,3.8,0.455,True,Digital Wallet,Norte,8.2,81.06
35,0.5,Electronics,171.49,2,0.057,3.9,0.445,False,Credit Card,Sur,8.7,517.67
48,0.5,Home & Living,126.66,0,0.148,4.3,0.072,True,Bank Transfer,Central,7.0,5.0
25,1.7,Home & Living,75.33,2,0.002,9.6,0.354,False,Digital Wallet,Norte,4.9,143.04
28,3.2,Fashion,98.03,3,0.0,6.6,0.626,True,Credit Card,Este,8.2,631.52
47,3.5,Electronics,104.33,2,0.037,7.1,0.206,False,Credit Card,Central,7.3,286.58
20,2.3,Fashion,54.52,12,0.491,1.6,0.412,False,Digital Wallet,Este,7.0,44.55
50,0.5,Home & Living,153.5,4,0.275,1.5,0.37,True,Digital Wallet,Este,7.7,389.33
31,0.7,Electronics,190.09,2,0.144,14.1,0.809,True,Digital Wallet,Este,6.8,637.3
33,6.7,Fashion,26.03,5,0.068,0.7,0.652,False,Credit Card,Norte,9.3,233.78
24,7.1,Electronics,142.42,1,0.088,10.9,0.382,True,Digital Wallet,Central,7.3,309.32
42,3.9,Electronics,216.05,3,0.028,2.1,0.086,False,Credit Card,Norte,2.9,586.97
67,3.8,Home & Living,108.23,2,0.033,1.6,0.502,True,Credit Card,Norte,8.0,349.26
47,3.2,Electronics,197.66,2,0.093,0.8,0.083,True,Credit Card,Sur,6.6,575.14
27,0.8,Home & Living,87.82,3,0.004,1.9,0.279,True,Credit Card,Central,10.0,440.0
51,2.0,Fashion,65.32,4,0.021,9.2,0.269,False,Digital Wallet,Central,6.7,318.44
34,4.2,Fashion,59.14,4,0.209,3.5,0.228,True,Digital Wallet,Central,7.1,334.66
54,2.7,Electronics,148.13,2,0.051,17.1,0.152,False,Credit Card,Este,9.3,455.63
47,0.5,Home & Living,77.06,5,0.148,3.4,0.532,False,Credit Card,Este,8.0,448.77
18,10.7,Electronics,261.81,0,0.012,2.9,0.173,True,Digital Wallet,Sur,8.5,5.0
25,6.5,Fashion,71.64,5,0.376,2.4,0.413,True,Digital Wallet,Sur,7.5,129.95
49,1.1,Fashion,57.62,6,0.144,6.4,0.126,False,Digital Wallet,Sur,8.1,354.52
39,3.4,Fashion,84.35,3,0.14,0.7,0.308,False,Digital Wallet,Norte,8.6,365.3
25,9.0,Fashion,82.96,6,0.432,6.6,0.461,True,Credit Card,Central,8.6,71.66
30,0.5,Fashion,56.89,6,0.202,4.6,0.088,True,Digital Wallet,Central,8.0,422.55
18,2.4,Electronics,222.76,1,0.01,2.9,0.275,False,Digital Wallet,Este,8.1,299.56
36,2.1,Fashion,117.65,4,0.241,1.3,0.255,True,Credit Card,Oeste,3.7,313.93
64,1.8,Home & Living,108.52,1,0.029,7.2,0.414,True,Credit Card,Sur,7.8,189.11
47,6.3,Fashion,82.55,4,0.154,4.1,0.042,False,Digital Wallet,Norte,10.0,460.63
64,1.7,Electronics,251.49,2,0.004,4.4,0.196,True,Bank Transfer,Norte,6.8,736.98
48,0.5,Electronics,150.01,2,0.172,2.0,0.067,False,Digital Wallet,Norte,6.8,279.4
50,0.5,Electronics,203.53,6,0.099,3.0,0.294,True,Credit Card,Norte,6.4,1372.77
61,0.5,Electronics,175.55,2,0.019,11.1,0.172,False,Digital Wallet,Oeste,1.0,187.55
42,1.8,Fashion,56.41,10,0.011,4.3,0.091,False,Credit Card,Central,8.5,598.5
35,4.4,Fashion,121.19,4,0.157,9.4,0.305,True,Credit Card,Central,5.0,852.96
50,0.8,Electronics,225.66,1,0.034,2.3,0.271,False,Credit Card,Central,8.4,248.25
55,3.6,Fashion,52.06,7,0.472,8.6,0.351,True,Bank Transfer,Norte,7.8,31.7
32,4.1,Home & Living,123.53,7,0.001,14.9,0.128,True,Credit Card,Este,8.6,1981.21
29,1.0,Home & Living,78.66,2,0.084,4.8,0.5,True,Bank Transfer,Central,7.0,265.09
39,3.2,Home & Living,103.75,3,0.16,4.1,0.644,True,Credit Card,Central,3.6,286.26
47,4.0,Electronics,181.67,1,0.055,1.1,0.312,True,Digital Wallet,Norte,8.7,325.32
47,2.2,Electronics,197.45,0,0.176,1.9,0.367,False,Credit Card,Central,8.4,5.0
20,1.4,Home & Living,97.22,4,0.013,6.3,0.384,False,Credit Card,Este,9.5,478.12
60,3.4,Electronics,223.26,5,0.222,3.1,0.206,False,Credit Card,Este,10.0,1003.32
30,13.3,Electronics,142.54,3,0.251,2.6,0.272,False,Bank Transfer,Central,8.6,436.92
34,1.9,Fashion,64.33,5,0.161,2.7,0.397,True,Credit Card,Sur,3.0,282.39
27,1.7,Electronics,273.91,1,0.028,4.1,0.526,True,Credit Card,Este,5.9,584.44
70,2.2,Home & Living,96.58,3,0.0,5.2,0.438,False,Digital Wallet,Norte,8.8,366.89
40,0.5,Home & Living,74.24,4,0.01,12.6,0.372,False,Digital Wallet,Sur,5.9,407.13
27,2.8,Home & Living,105.3,1,0.01,1.2,0.213,False,Credit Card,Norte,7.5,166.44
48,1.4,Home & Living,81.12,7,0.001,6.3,0.418,False,Digital Wallet,Norte,3.3,431.86
47,0.5,Electronics,169.57,1,0.345,2.1,0.225,True,Credit Card,Norte,7.3,76.9
35,2.2,Fashion,85.14,3,0.291,3.5,0.149,True,Credit Card,Central,7.2,230.29
48,0.5,Fashion,102.74,5,0.162,5.6,0.29,False,Credit Card,Oeste,7.0,492.75
28,1.8,Fashion,97.28,2,0.054,4.4,0.118,False,Bank Transfer,Sur,9.5,248.45
32,0.5,Electronics,116.74,3,0.005,2.5,0.591,True,Digital Wallet,Oeste,8.8,604.81
18,0.5,Fashion,81.86,8,0.009,1.5,0.11,False,Credit Card,Este,7.2,699.92
22,6.1,Home & Living,38.03,4,0.07,2.6,0.215,False,Credit Card,Sur,7.8,216.17
59,8.7,Electronics,156.15,1,0.012,8.3,0.518,True,Digital Wallet,Oeste,6.7,368.53
57,0.8,Electronics,230.45,0,0.112,5.0,0.137,True,Digital Wallet,Central,6.3,5.0
38,2.7,Electronics,171.56,3,0.018,1.0,0.24,False,Credit Card,Sur,3.2,488.13
57,1.1,Fashion,87.46,7,0.066,5.9,0.36,False,Bank Transfer,Norte,8.4,827.62
36,2.4,Electronics,244.26,3,0.223,5.5,0.375,True,Digital Wallet,Central,8.2,809.03
35,2.0,Home & Living,39.64,3,0.163,4.8,0.257,False,Digital Wallet,Oeste,4.1,78.56
38,1.1,Fashion,101.27,5,0.161,2.8,0.254,False,Bank Transfer,Oeste,7.8,501.69
36,4.2,Fashion,71.74,2,0.284,2.0,0.524,True,Credit Card,Oeste,6.6,149.79
35,0.5,Fashion,94.27,4,0.245,4.7,0.175,False,Credit Card,Este,7.0,282.67
51,0.5,Fashion,49.96,4,0.466,4.8,0.138,True,Credit Card,Central,6.5,16.83
39,5.1,Fashion,73.5,2,0.076,4.0,0.179,True,Digital Wallet,Sur,8.3,271.01
46,3.8,Home & Living,84.68,4,0.002,6.4,0.321,False,Credit Card,Norte,7.3,439.26
50,2.4,Home & Living,96.93,3,0.006,5.8,0.273,True,Credit Card,Central,8.8,539.37
42,2.2,Electronics,154.29,1,0.291,4.3,0.681,False,Digital Wallet,Norte,8.0,99.48
26,2.4,Electronics,191.91,2,0.6,9.7,0.277,False,Credit Card,Sur,9.5,35.52
21,2.0,Electronics,113.8,3,0.142,1.2,0.424,True,Credit Card,Central,5.0,470.02
39,1.7,Fashion,81.83,4,0.427,7.5,0.379,False,Digital Wallet,Norte,8.1,31.72
35,2.4,Electronics,297.63,0,0.025,4.7,0.366,True,Digital Wallet,Norte,9.7,5.0
39,2.6,Fashion,70.33,4,0.077,5.3,0.186,False,Bank Transfer,Norte,4.8,336.46
37,4.1,Home & Living,42.93,2,0.15,2.4,0.799,False,Digital Wallet,Oeste,4.5,68.59
69,4.3,Electronics,136.99,2,0.084,2.9,0.29,False,Bank Transfer,Este,7.0,288.31
22,1.7,Fashion,59.56,4,0.068,4.4,0.088,True,Credit Card,Norte,8.0,417.82
18,1.9,Fashion,40.31,4,0.012,4.7,0.158,False,Credit Card,Este,7.7,248.93
41,1.6,Fashion,80.17,6,0.133,7.2,0.267,True,Credit Card,Central,6.8,763.54
33,2.7,Fashion,60.45,5,0.151,3.4,0.2,True,Credit Card,Oeste,5.9,475.12
41,2.1,Home & Living,107.74,1,0.002,2.8,0.063,False,Credit Card,Sur,8.5,143.46
45,7.7,Electronics,170.65,3,0.388,5.8,0.08,True,Credit Card,Norte,6.9,151.27
53,4.2,Electronics,169.05,0,0.15,2.9,0.543,False,Credit Card,Central,8.7,5.0
19,8.0,Fashion,72.58,2,0.178,3.1,0.326,True,Credit Card,Central,4.8,148.71
31,4.3,Fashion,76.37,5,0.175,0.8,0.155,True,Credit Card,Central,9.3,519.73
43,12.4,Electronics,163.61,1,0.273,4.6,0.193,False,Digital Wallet,Sur,8.9,163.64
47,3.5,Electronics,89.5,1,0.449,2.9,0.286,False,Digital Wallet,Este,6.9,5.65
64,11.6,Fashion,78.06,7,0.249,1.6,0.335,True,Credit Card,Sur,8.1,650.16
49,0.6,Electronics,185.39,1,0.293,5.6,0.158,False,Credit Card,Oeste,6.9,98.87
37,0.5,Home & Living,153.87,5,0.1,3.8,0.106,False,Digital Wallet,Central,7.9,1014.6
27,3.0,Fashion,109.66,2,0.226,5.9,0.01,False,Digital Wallet,Este,7.5,231.53
31,14.4,Electronics,165.94,0,0.139,11.8,0.06,False,Credit Card,Sur,7.5,5.0
30,1.9,Fashion,79.61,3,0.148,9.6,0.004,False,Digital Wallet,Oeste,6.7,279.73
45,0.8,Electronics,73.32,0,0.009,17.2,0.494,True,Credit Card,Oeste,8.3,5.0
41,2.6,Fashion,108.41,4,0.267,1.5,0.384,True,Credit Card,Central,8.7,474.5
22,3.7,Fashion,70.48,5,0.02,2.9,0.359,True,Digital Wallet,Central,7.8,756.4
32,1.3,Fashion,48.82,1,0.054,2.7,0.562,True,Credit Card,Sur,8.6,81.34
48,4.4,Home & Living,106.42,3,0.137,6.9,0.414,False,Credit Card,Este,8.1,446.94
42,12.9,Electronics,113.25,0,0.146,5.7,0.517,True,Bank Transfer,Central,8.2,5.0
44,8.0,Home & Living,118.08,1,0.202,7.9,0.069,False,Credit Card,Este,8.6,135.56
42,1.2,Home & Living,56.56,4,0.036,11.8,0.182,False,Credit Card,Sur,2.3,161.58
57,1.4,Electronics,157.67,1,0.027,4.3,0.055,True,Credit Card,Central,7.7,258.22
40,1.6,Electronics,241.65,2,0.516,1.5,0.257,False,Credit Card,Oeste,7.9,38.79
33,1.8,Electronics,245.94,3,0.053,6.6,0.532,True,Credit Card,Oeste,8.6,2120.13
27,0.5,Electronics,170.53,4,0.02,4.0,0.06,False,Credit Card,Sur,9.7,898.05
40,5.0,Fashion,62.92,6,0.291,7.2,0.182,False,Credit Card,Central,9.2,378.46
18,1.6,Electronics,136.13,0,0.071,4.7,0.247,False,Bank Transfer,Central,8.3,5.0
35,7.4,Home & Living,121.96,4,0.002,8.2,0.452,True,Digital Wallet,Este,3.5,555.88
35,9.2,Electronics,278.36,2,0.043,8.5,0.569,True,Credit Card,Sur,8.3,1506.63
21,0.5,Electronics,52.26,4,0.243,7.7,0.667,False,Credit Card,Sur,8.4,147.41
26,15.0,Electronics,79.03,0,0.046,1.4,0.308,False,Bank Transfer,Sur,8.3,5.0
47,4.3,Electronics,278.8,4,0.404,5.5,0.413,False,Digital Wallet,Central,8.2,223.99
40,2.6,Home & Living,104.74,6,0.086,6.5,0.142,True,Credit Card,Central,4.7,738.94
39,1.7,Fashion,81.46,3,0.39,3.5,0.289,False,Bank Transfer,Central,8.4,63.75
41,2.6,Electronics,217.55,0,0.046,2.7,0.271,False,Digital Wallet,Sur,8.1,5.0
39,1.4,Home & Living,95.76,1,0.194,2.2,0.299,True,Digital Wallet,Este,7.5,123.21
52,3.4,Home & Living,129.57,6,0.035,3.6,0.863,False,Credit Card,Central,7.5,755.41
39,0.5,Home & Living,124.06,3,0.169,11.5,0.317,True,Digital Wallet,Oeste,2.7,278.48
20,3.4,Home & Living,121.65,2,0.021,2.7,0.434,True,Credit Card,Oeste,7.6,508.45
57,1.1,Fashion,103.5,9,0.129,6.5,0.104,False,Credit Card,Norte,7.2,1261.26
42,0.5,Fashion,92.61,1,0.357,5.5,0.229,True,Credit Card,Central,7.2,46.01
30,2.8,Fashion,59.75,2,0.102,5.7,0.381,False,Bank Transfer,Este,7.2,164.69
22,3.0,Electronics,48.41,1,0.243,2.7,0.282,True,Credit Card,Oeste,6.0,52.9
42,1.9,Fashion,82.54,2,0.203,3.3,0.045,False,Digital Wallet,Este,6.0,159.12
36,0.5,Home & Living,141.94,3,0.007,1.5,0.497,True,Credit Card,Central,7.0,671.87
56,7.8,Fashion,71.18,3,0.15,1.1,0.211,True,Credit Card,Sur,4.5,196.5
33,3.3,Home & Living,92.36,1,0.007,10.3,0.209,False,Credit Card,Norte,9.2,189.72
27,0.5,Fashion,57.77,3,0.566,2.8,0.663,False,Digital Wallet,Norte,4.2,8.92
48,2.5,Fashion,69.04,6,0.443,3.9,0.174,True,Digital Wallet,Norte,6.1,34.43
49,2.4,Fashion,60.69,7,0.036,7.4,0.224,True,Digital Wallet,Este,7.0,750.18
40,0.5,Fashion,53.61,5,0.009,2.9,0.443,False,Digital Wallet,Central,8.7,379.45
46,3.3,Fashion,101.53,6,0.012,4.6,0.52,True,Credit Card,Norte,7.0,1574.68
37,5.8,Electronics,176.21,0,0.08,3.6,0.038,False,Credit Card,Central,8.0,5.0
40,4.8,Electronics,174.59,4,0.096,2.9,0.177,False,Credit Card,Sur,5.6,991.35
51,0.8,Home & Living,126.83,2,0.037,2.2,0.381,False,Digital Wallet,Oeste,8.1,237.65
45,6.9,Electronics,196.2,2,0.02,5.5,0.148,True,Bank Transfer,Sur,5.8,820.81
35,1.5,Fashion,69.8,3,0.127,10.3,0.422,False,Credit Card,Central,8.0,292.79
54,10.2,Fashion,58.46,8,0.307,1.0,0.621,False,Credit Card,Central,7.3,246.32
18,0.5,Fashion,81.57,4,0.301,6.7,0.083,False,Digital Wallet,Este,6.8,157.0
62,2.3,Home & Living,109.71,3,0.24,9.7,0.192,False,Digital Wallet,Central,2.9,152.92
18,3.2,Fashion,72.77,9,0.114,4.6,0.217,True,Credit Card,Oeste,6.5,678.16
30,1.0,Home & Living,63.36,5,0.112,5.4,0.644,False,Digital Wallet,Norte,6.7,332.7
37,5.2,Fashion,81.44,6,0.224,11.8,0.454,True,Bank Transfer,Central,8.2,765.0
36,3.5,Fashion,72.55,3,0.134,6.5,0.421,False,Bank Transfer,Norte,8.4,350.8
50,0.5,Home & Living,75.56,3,0.25,3.1,0.534,False,Digital Wallet,Norte,6.0,121.47
25,3.3,Home & Living,76.4,3,0.158,1.4,0.164,False,Bank Transfer,Sur,7.5,226.68
41,2.4,Home & Living,90.4,3,0.146,7.3,0.331,True,Credit Card,Central,3.0,265.06
31,0.8,Fashion,91.33,2,0.076,6.8,0.35,True,Digital Wallet,Sur,3.8,167.01
41,15.0,Electronics,77.15,2,0.026,5.3,0.125,True,Credit Card,Sur,8.6,392.34
37,8.0,Electronics,217.95,2,0.6,5.0,0.514,True,Digital Wallet,Oeste,7.6,53.79
39,1.2,Home & Living,107.0,4,0.019,4.0,0.312,False,Digital Wallet,Este,6.6,480.03
31,2.7,Home & Living,99.18,3,0.001,4.2,0.178,True,Credit Card,Central,7.1,639.58
31,1.3,Fashion,75.35,7,0.423,6.8,0.179,False,Credit Card,Norte,6.5,47.33
41,5.2,Electronics,155.48,3,0.018,2.7,0.418,True,Credit Card,Oeste,9.6,1280.28
49,9.3,Fashion,78.41,6,0.179,4.5,0.324,True,Credit Card,Este,7.7,851.85
30,1.6,Electronics,177.75,1,0.008,5.6,0.03,False,Digital Wallet,Central,7.6,234.58
27,5.7,Fashion,86.71,2,0.063,8.4,0.391,False,Credit Card,Central,5.8,365.93
45,2.4,Fashion,74.12,3,0.126,1.8,0.232,False,Credit Card,Este,9.1,242.83
37,1.8,Home & Living,83.03,3,0.026,3.0,0.305,False,Digital Wallet,Norte,9.1,414.59
47,9.8,Electronics,249.94,1,0.118,5.1,0.528,True,Bank Transfer,Norte,8.4,415.56
27,2.5,Fashion,79.18,2,0.045,8.2,0.433,False,Digital Wallet,Norte,6.3,263.37
18,2.2,Fashion,47.41,5,0.018,6.5,0.28,True,Credit Card,Sur,5.0,367.29
31,3.9,Fashion,83.33,8,0.374,13.6,0.309,True,Credit Card,Norte,6.1,289.11
28,1.1,Fashion,121.16,9,0.024,9.7,0.55,True,Credit Card,Central,8.0,2316.94
37,1.4,Home & Living,30.98,2,0.103,1.9,0.161,True,Credit Card,Oeste,7.9,93.05
30,9.4,Electronics,134.85,0,0.007,2.4,0.389,False,Credit Card,Sur,8.8,5.0
46,4.0,Electronics,163.42,3,0.008,6.2,0.159,False,Digital Wallet,Sur,9.1,947.29
34,6.1,Home & Living,112.53,3,0.052,2.7,0.135,True,Credit Card,Norte,5.4,500.73
39,1.1,Fashion,107.16,2,0.265,2.3,0.326,False,Digital Wallet,Este,3.9,85.93
39,2.7,Electronics,207.65,2,0.004,2.3,0.257,False,Bank Transfer,Oeste,9.0,651.41
40,12.4,Fashion,76.5,4,0.058,1.4,0.406,False,Digital Wallet,Oeste,7.6,458.59
37,1.3,Fashion,71.72,5,0.118,1.2,0.175,True,Credit Card,Este,10.0,554.08
44,0.6,Electronics,191.02,1,0.354,8.5,0.383,False,Digital Wallet,Sur,5.8,71.76
28,2.5,Electronics,272.47,3,0.001,5.6,0.261,False,Digital Wallet,Oeste,7.4,1126.93
54,1.7,Home & Living,73.35,6,0.161,8.8,0.149,True,Credit Card,Norte,8.8,587.75
35,0.6,Fashion,64.92,1,0.04,4.2,0.221,False,Bank Transfer,Central,8.3,90.02
22,7.7,Electronics,120.7,3,0.325,4.5,0.331,True,Bank Transfer,Oeste,7.5,230.73
40,15.0,Electronics,140.29,1,0.02,2.6,0.304,True,Credit Card,Norte,7.2,356.11
27,2.9,Fashion,22.31,5,0.269,0.7,0.566,True,Credit Card,Norte,5.9,116.14
45,5.2,Electronics,193.46,1,0.591,5.7,0.158,False,Credit Card,Oeste,7.7,17.83
64,6.9,Home & Living,163.84,3,0.023,3.0,0.555,True,Digital Wallet,Norte,8.4,707.44
28,4.2,Fashion,40.98,6,0.104,1.3,0.084,False,Bank Transfer,Central,7.2,319.0
41,0.5,Fashion,108.45,9,0.037,5.8,0.506,False,Credit Card,Oeste,8.2,1543.1
18,0.6,Home & Living,110.42,2,0.001,3.5,0.539,True,Bank Transfer,Oeste,7.8,252.81
43,0.5,Fashion,57.38,9,0.137,1.1,0.588,False,Credit Card,Norte,2.2,310.17
27,0.5,Electronics,176.82,1,0.433,2.7,0.502,True,Bank Transfer,Oeste,6.1,16.38
30,1.3,Fashion,53.4,4,0.039,8.5,0.417,True,Credit Card,Sur,8.6,399.92
24,1.7,Fashion,56.35,4,0.19,2.7,0.302,False,Digital Wallet,Este,7.7,225.84
46,1.0,Electronics,190.17,4,0.065,2.9,0.307,False,Credit Card,Sur,7.5,1195.23
50,0.5,Electronics,185.6,1,0.021,1.8,0.186,False,Digital Wallet,Este,6.7,176.82
38,2.6,Fashion,43.98,3,0.164,2.2,0.404,True,Credit Card,Central,7.6,197.05
27,1.1,Electronics,218.2,2,0.209,4.1,0.224,False,Credit Card,Norte,5.0,401.68
57,5.6,Fashion,28.99,5,0.182,2.7,0.189,True,Digital Wallet,Oeste,6.2,177.16
28,0.5,Fashion,81.86,1,0.005,3.2,0.306,True,Credit Card,Este,8.4,166.38
18,6.5,Fashion,129.05,5,0.324,11.7,0.148,True,Credit Card,Central,2.8,259.08
43,10.8,Fashion,30.5,6,0.062,4.7,0.231,True,Digital Wallet,Norte,6.6,338.71
24,4.4,Fashion,49.63,6,0.015,7.7,0.537,False,Credit Card,Norte,7.4,629.42
49,4.6,Electronics,184.96,2,0.443,4.9,0.278,False,Credit Card,Sur,6.2,27.46
33,9.5,Electronics,72.48,3,0.001,5.3,0.413,True,Credit Card,Sur,6.7,522.16
45,0.8,Electronics,226.17,2,0.086,6.2,0.207,True,Credit Card,Este,7.9,655.78
54,15.0,Electronics,173.56,0,0.251,0.8,0.225,True,Digital Wallet,Norte,3.1,5.0
23,5.2,Fashion,54.61,5,0.086,1.4,0.588,False,Digital Wallet,Central,10.0,399.28
31,4.5,Home & Living,39.53,3,0.038,1.9,0.609,True,Credit Card,Central,7.3,224.06
37,1.6,Fashion,86.72,1,0.299,12.7,0.493,False,Credit Card,Central,9.7,72.97
56,2.8,Home & Living,136.21,4,0.237,4.6,0.31,False,Digital Wallet,Sur,5.4,416.38
30,3.7,Home & Living,135.79,2,0.017,4.1,0.329,False,Credit Card,Norte,7.9,424.74
30,3.4,Home & Living,94.11,2,0.032,4.9,0.492,False,Credit Card,Central,2.1,157.92
43,4.3,Home & Living,103.16,4,0.006,1.4,0.077,True,Credit Card,Central,7.3,910.76
31,0.5,Fashion,103.62,3,0.252,4.5,0.497,True,Credit Card,Este,7.3,317.92
39,1.5,Fashion,74.18,4,0.148,9.6,0.293,True,Bank Transfer,Sur,8.0,491.21
19,2.0,Electronics,111.49,4,0.003,0.7,0.46,False,Credit Card,Norte,6.8,784.66
64,1.1,Fashion,73.03,4,0.257,1.6,0.732,False,Credit Card,Este,3.2,136.02
21,0.7,Fashion,58.31,5,0.142,3.6,0.458,False,Digital Wallet,Este,7.8,290.54
34,0.5,Fashion,59.95,7,0.103,11.3,0.179,False,Digital Wallet,Sur,3.0,366.84
37,1.6,Fashion,116.37,5,0.123,2.7,0.14,False,Digital Wallet,Central,6.5,819.27
60,2.4,Fashion,90.57,8,0.367,2.2,0.192,False,Credit Card,Este,6.6,176.69
22,0.5,Fashion,89.42,6,0.228,3.0,0.486,False,Digital Wallet,Central,7.6,405.85
61,10.2,Fashion,101.82,10,0.319,1.9,0.111,False,Credit Card,Este,5.6,655.19
47,5.1,Fashion,90.44,5,0.042,5.4,0.373,False,Credit Card,Central,8.8,871.68
43,4.6,Home & Living,72.95,2,0.03,3.3,0.366,True,Digital Wallet,Sur,9.2,258.45
26,0.7,Home & Living,117.05,1,0.105,2.6,0.169,True,Digital Wallet,Norte,8.4,156.16
44,3.2,Home & Living,102.87,5,0.161,1.1,0.218,False,Digital Wallet,Oeste,2.7,264.16
29,2.6,Electronics,162.1,3,0.492,0.7,0.133,True,Credit Card,Este,7.5,50.38
53,14.2,Home & Living,108.66,1,0.007,1.2,0.486,True,Credit Card,Norte,8.8,194.82
26,4.8,Electronics,222.62,0,0.039,7.0,0.556,True,Digital Wallet,Central,2.3,5.0
36,3.0,Home & Living,79.25,3,0.013,1.2,0.261,True,Credit Card,Sur,7.3,424.13
31,6.7,Electronics,132.66,0,0.014,7.4,0.436,True,Credit Card,Central,9.4,5.0
26,0.6,Fashion,97.59,3,0.034,10.5,0.548,False,Bank Transfer,Este,3.3,211.2
46,0.5,Fashion,62.31,3,0.081,2.4,0.308,True,Digital Wallet,Central,7.3,280.11
44,4.1,Fashion,87.36,4,0.035,3.5,0.562,False,Digital Wallet,Central,8.0,638.04
52,0.5,Fashion,29.33,4,0.043,5.7,0.653,False,Bank Transfer,Sur,8.1,137.64
18,0.5,Fashion,78.56,4,0.223,7.0,0.498,False,Bank Transfer,Sur,6.5,216.77
50,4.8,Fashion,77.22,5,0.132,4.0,0.379,False,Credit Card,Este,8.8,428.58
68,1.1,Electronics,137.07,3,0.211,11.2,0.273,False,Credit Card,Oeste,5.0,315.42
32,3.5,Fashion,69.97,4,0.003,3.6,0.655,False,Credit Card,Sur,2.1,271.82
60,8.7,Electronics,187.7,2,0.029,1.0,0.409,True,Bank Transfer,Norte,7.7,657.33
34,1.3,Fashion,51.69,6,0.058,4.5,0.374,False,Credit Card,Oeste,8.4,520.39
21,0.9,Electronics,178.8,4,0.458,11.5,0.284,False,Credit Card,Oeste,8.4,47.81
34,0.5,Fashion,100.85,9,0.296,5.4,0.375,False,Digital Wallet,Central,8.1,552.45
50,0.5,Fashion,87.75,3,0.187,6.4,0.237,False,Credit Card,Sur,9.0,226.91
27,0.5,Electronics,244.3,1,0.265,2.4,0.556,False,Credit Card,Este,7.3,173.92
30,0.5,Fashion,58.44,4,0.0,2.8,0.194,False,Bank Transfer,Oeste,1.6,148.33
45,2.0,Fashion,64.83,5,0.508,5.9,0.23,False,Credit Card,Central,7.3,25.94
38,1.4,Home & Living,109.34,2,0.004,1.5,0.21,True,Credit Card,Sur,6.4,468.12
45,4.3,Home & Living,104.82,3,0.002,13.4,0.507,True,Credit Card,Este,10.0,886.83
40,7.1,Fashion,101.35,5,0.111,2.2,0.386,True,Digital Wallet,Oeste,7.9,834.73
43,5.4,Fashion,69.94,4,0.541,2.6,0.735,False,Credit Card,Central,8.4,28.77
32,2.6,Fashion,94.12,4,0.001,10.3,0.28,True,Bank Transfer,Sur,7.9,931.35
40,0.5,Electronics,162.94,3,0.281,2.5,0.82,False,Credit Card,Oeste,9.2,344.48
26,4.3,Fashion,57.79,2,0.007,6.4,0.266,True,Credit Card,Central,2.8,154.57
53,1.6,Home & Living,113.03,3,0.015,6.3,0.416,False,Digital Wallet,Oeste,7.1,501.21
30,0.5,Fashion,96.84,3,0.132,2.5,0.061,False,Digital Wallet,Norte,5.3,307.73
51,6.5,Fashion,44.94,5,0.409,4.4,0.019,True,Bank Transfer,Central,3.3,20.81
35,1.4,Electronics,118.49,1,0.011,0.3,0.27,False,Credit Card,Central,7.1,134.09
40,0.9,Electronics,173.46,1,0.006,3.5,0.209,True,Digital Wallet,Norte,3.2,142.66
32,7.2,Electronics,156.93,3,0.184,1.5,0.066,False,Digital Wallet,Norte,7.2,525.11
25,8.1,Fashion,83.92,5,0.039,0.9,0.447,False,Credit Card,Central,9.9,790.98
18,1.4,Fashion,35.49,3,0.215,2.6,0.287,False,Credit Card,Sur,8.8,83.26
25,1.5,Fashion,51.83,7,0.438,4.5,0.229,True,Credit Card,Este,10.0,31.41
34,3.0,Fashion,89.97,5,0.295,6.9,0.469,True,Digital Wallet,Central,7.9,527.93
40,4.6,Home & Living,74.67,3,0.0,5.1,0.25,True,Credit Card,Central,9.1,491.58
50,0.5,Home & Living,124.92,1,0.001,4.1,0.286,False,Digital Wallet,Norte,7.7,141.09
32,3.1,Home & Living,66.65,5,0.088,3.0,0.205,False,Digital Wallet,Central,9.0,398.61
27,10.7,Fashion,88.42,5,0.516,6.1,0.225,True,Credit Card,Este,9.5,65.2
20,1.1,Fashion,89.63,1,0.049,8.2,0.728,True,Digital Wallet,Este,7.8,169.31
43,8.4,Home & Living,93.01,1,0.039,2.4,0.496,True,Credit Card,Central,8.1,202.24
54,10.5,Electronics,236.36,0,0.032,5.0,0.048,True,Credit Card,Norte,4.5,5.0
53,1.1,Electronics,243.29,3,0.184,1.0,0.33,False,Credit Card,Norte,8.4,672.69
46,4.9,Fashion,61.07,2,0.035,11.5,0.339,True,Bank Transfer,Oeste,8.6,240.91
45,1.0,Fashion,48.58,4,0.034,5.2,0.328,True,Digital Wallet,Sur,3.7,247.65
58,4.7,Electronics,224.98,1,0.082,2.0,0.333,True,Credit Card,Central,8.7,379.54
41,5.6,Fashion,59.84,6,0.013,4.4,0.158,False,Credit Card,Este,9.2,592.12
45,1.0,Fashion,115.04,4,0.189,4.8,0.301,False,Credit Card,Central,5.3,503.64
34,4.4,Fashion,48.83,4,0.096,4.7,0.38,False,Bank Transfer,Este,10.0,321.16
21,5.9,Fashion,100.93,2,0.197,7.4,0.649,True,Digital Wallet,Central,6.9,290.1
29,1.6,Fashion,68.31,3,0.137,4.5,0.224,False,Credit Card,Sur,7.2,278.38
37,0.6,Electronics,190.25,1,0.019,1.4,0.278,False,Digital Wallet,Sur,9.5,288.29
38,0.5,Electronics,211.38,2,0.111,9.9,0.459,True,Credit Card,Oeste,5.1,607.92
61,3.0,Electronics,125.64,0,0.155,4.4,0.171,False,Digital Wallet,Central,9.0,5.0
38,13.4,Fashion,55.0,3,0.274,5.6,0.458,True,Credit Card,Este,9.0,236.13
52,6.1,Fashion,43.97,5,0.003,6.7,0.075,True,Credit Card,Oeste,8.4,449.63
32,2.0,Fashion,65.49,3,0.023,3.0,0.559,False,Digital Wallet,Este,2.9,164.24
34,2.7,Fashion,52.27,3,0.101,12.5,0.429,True,Credit Card,Central,7.9,309.9
22,1.1,Fashion,107.93,4,0.108,1.4,0.446,False,Digital Wallet,Central,7.6,374.52
29,0.6,Electronics,227.54,2,0.047,1.3,0.67,False,Credit Card,Norte,8.0,685.79
44,2.3,Electronics,122.37,3,0.259,3.7,0.556,True,Credit Card,Este,7.5,392.39
38,2.2,Home & Living,123.22,4,0.055,11.0,0.169,False,Digital Wallet,Central,6.2,724.94
49,2.6,Fashion,95.19,1,0.16,3.5,0.119,False,Digital Wallet,Este,5.2,82.39
40,10.7,Fashion,115.76,2,0.035,7.6,0.409,True,Digital Wallet,Sur,4.2,413.07
33,3.2,Fashion,69.26,3,0.041,5.9,0.425,False,Credit Card,Central,5.0,342.78
63,3.3,Home & Living,54.71,5,0.001,2.5,0.65,False,Digital Wallet,Central,8.0,384.81
36,0.5,Fashion,74.64,1,0.238,0.8,0.384,False,Digital Wallet,Central,8.5,62.33
51,15.0,Electronics,140.03,3,0.018,13.3,0.405,True,Credit Card,Sur,6.7,866.21
33,5.2,Home & Living,74.06,5,0.047,0.9,0.688,True,Credit Card,Este,7.1,722.79
46,7.3,Electronics,146.22,1,0.004,5.8,0.5,True,Credit Card,Este,9.5,383.12
49,1.9,Electronics,235.0,0,0.03,1.1,0.279,True,Bank Transfer,Este,6.3,5.0
40,2.4,Electronics,265.95,3,0.005,1.4,0.351,True,Digital Wallet,Central,9.3,1573.52
18,2.6,Fashion,71.39,5,0.092,7.5,0.321,False,Bank Transfer,Sur,7.3,479.39
38,0.8,Fashion,51.61,5,0.042,1.2,0.302,False,Digital Wallet,Norte,2.0,153.16
52,4.1,Fashion,83.47,5,0.077,6.3,0.134,False,Credit Card,Central,6.4,498.96
44,8.2,Home & Living,128.72,3,0.001,3.1,0.515,False,Credit Card,Central,9.3,620.0
43,0.6,Electronics,156.59,0,0.219,5.4,0.605,False,Bank Transfer,Norte,8.8,5.0
18,0.5,Fashion,47.94,9,0.283,2.9,0.227,False,Credit Card,Este,6.9,254.11
29,4.7,Fashion,91.0,7,0.372,2.2,0.543,True,Digital Wallet,Central,6.9,303.96
42,1.1,Home & Living,75.07,2,0.144,3.5,0.414,True,Credit Card,Norte,2.6,112.56
42,3.4,Electronics,184.73,0,0.586,3.7,0.581,False,Credit Card,Sur,8.6,5.0
52,4.2,Home & Living,41.89,2,0.097,8.0,0.195,True,Credit Card,Este,8.0,125.87
36,1.4,Electronics,213.45,0,0.02,7.2,0.187,True,Digital Wallet,Sur,5.5,5.0
42,5.9,Home & Living,100.66,4,0.581,4.4,0.19,True,Credit Card,Sur,7.9,44.25
38,2.8,Fashion,18.54,2,0.02,5.4,0.228,False,Digital Wallet,Central,9.3,65.38
26,7.1,Home & Living,113.56,2,0.09,8.1,0.64,False,Digital Wallet,Sur,8.5,398.02
18,5.0,Electronics,299.34,2,0.001,0.9,0.157,False,Credit Card,Norte,6.2,803.43
43,7.1,Electronics,161.35,1,0.031,9.5,0.511,False,Credit Card,Sur,8.2,294.97
40,0.5,Electronics,237.33,4,0.014,2.7,0.035,False,Credit Card,Norte,1.6,680.27
30,1.0,Fashion,110.03,3,0.132,11.4,0.195,False,Credit Card,Este,9.4,412.89
18,0.5,Fashion,70.82,7,0.23,6.5,0.148,False,Digital Wallet,Sur,6.7,350.76
45,2.0,Home & Living,92.52,3,0.137,4.3,0.442,True,Credit Card,Central,6.2,332.34
34,7.7,Fashion,68.3,3,0.42,3.2,0.309,False,Credit Card,Central,2.8,15.77
44,2.2,Electronics,120.88,4,0.11,6.6,0.523,True,Credit Card,Oeste,7.7,729.36
60,6.6,Electronics,265.25,1,0.005,3.6,0.548,True,Digital Wallet,Norte,6.9,404.81
18,1.4,Electronics,231.58,2,0.019,6.3,0.291,True,Credit Card,Este,5.5,608.09
29,1.5,Home & Living,91.3,2,0.03,4.7,0.458,True,Credit Card,Central,9.0,354.85
35,7.9,Home & Living,38.68,1,0.0,3.5,0.359,True,Bank Transfer,Oeste,6.6,73.8
55,1.9,Home & Living,91.7,5,0.028,4.1,0.13,False,Credit Card,Este,2.7,302.09
18,5.5,Fashion,145.59,3,0.272,6.2,0.071,True,Digital Wallet,Central,9.5,381.31
61,0.9,Electronics,204.25,1,0.026,12.2,0.71,False,Digital Wallet,Central,3.1,142.98
39,10.4,Electronics,188.81,3,0.327,0.9,0.221,False,Credit Card,Este,7.1,390.64
36,3.0,Fashion,73.65,3,0.192,6.1,0.729,False,Bank Transfer,Este,6.2,232.82
35,5.0,Home & Living,104.75,3,0.014,6.7,0.283,True,Digital Wallet,Este,8.6,592.76
32,0.5,Electronics,212.5,2,0.123,5.9,0.342,False,Digital Wallet,Norte,7.9,526.61
50,2.4,Electronics,78.04,2,0.555,4.9,0.104,True,Bank Transfer,Central,9.5,11.85
25,8.1,Fashion,132.31,4,0.278,2.3,0.07,False,Credit Card,Este,4.3,300.08
42,7.3,Fashion,53.51,3,0.049,4.0,0.294,False,Credit Card,Sur,7.0,298.76
33,0.5,Electronics,169.75,1,0.197,6.9,0.222,False,Digital Wallet,Norte,2.6,96.65
28,1.3,Home & Living,81.0,2,0.081,4.1,0.561,True,Credit Card,Oeste,8.1,309.98
69,2.1,Electronics,241.97,3,0.002,10.7,0.283,False,Bank Transfer,Sur,6.5,830.71
43,0.7,Home & Living,80.62,3,0.055,4.4,0.183,False,Credit Card,Central,6.9,343.11
45,4.6,Electronics,235.95,4,0.545,2.7,0.358,True,Digital Wallet,Central,8.7,108.4
51,0.7,Electronics,63.79,2,0.048,5.9,0.536,False,Digital Wallet,Central,8.8,148.77
20,1.5,Electronics,167.32,2,0.048,3.7,0.155,True,Digital Wallet,Sur,7.3,471.95
59,3.8,Electronics,15.0,0,0.101,1.6,0.486,True,Digital Wallet,Norte,10.0,5.0
18,2.3,Fashion,49.99,4,0.129,8.0,0.227,False,Digital Wallet,Sur,8.1,204.27
28,4.7,Fashion,65.21,4,0.166,2.5,0.18,False,Bank Transfer,Norte,5.7,242.88
32,11.4,Fashion,74.63,5,0.1,11.5,0.089,True,Digital Wallet,Sur,7.4,609.86
44,0.5,Fashion,97.21,4,0.138,1.2,0.25,True,Digital Wallet,Este,3.2,303.14
40,4.3,Fashion,83.01,6,0.329,5.2,0.259,True,Bank Transfer,Oeste,7.4,328.25
35,0.9,Electronics,187.36,0,0.033,2.3,0.331,False,Credit Card,Norte,7.4,5.0
37,1.9,Home & Living,130.97,3,0.045,18.5,0.565,True,Bank Transfer,Central,2.9,406.26
26,0.5,Home & Living,81.37,7,0.381,6.8,0.17,True,Bank Transfer,Oeste,9.1,145.63
20,0.5,Electronics,127.25,2,0.161,4.8,0.231,False,Credit Card,Norte,9.4,252.76
46,1.3,Fashion,79.12,5,0.201,4.9,0.232,False,Digital Wallet,Este,9.9,373.36
46,1.5,Fashion,75.71,9,0.063,4.8,0.279,False,Digital Wallet,Sur,7.2,1024.75
57,8.0,Electronics,178.83,2,0.005,1.5,0.239,True,Credit Card,Central,7.5,754.33
28,4.7,Fashion,100.29,5,0.126,0.5,0.151,True,Digital Wallet,Central,3.4,440.4
46,12.5,Fashion,99.77,4,0.04,2.7,0.188,True,Credit Card,Sur,9.0,1045.56
34,3.2,Electronics,219.86,2,0.069,8.2,0.226,False,Credit Card,Norte,7.3,753.74
52,1.0,Electronics,132.72,1,0.28,8.9,0.209,False,Digital Wallet,Oeste,9.3,81.93
50,1.4,Home & Living,95.25,3,0.023,2.9,0.661,False,Bank Transfer,Norte,9.3,294.26
40,1.3,Electronics,290.52,1,0.186,4.5,0.623,False,Credit Card,Sur,9.0,321.62
33,1.4,Electronics,188.83,2,0.297,1.1,0.246,True,Credit Card,Sur,3.3,156.65
49,3.9,Fashion,37.28,6,0.3,3.9,0.1,True,Credit Card,Norte,7.5,180.19
45,2.6,Fashion,74.93,7,0.28,14.0,0.23,False,Credit Card,Sur,6.9,402.91
29,1.7,Electronics,162.78,1,0.053,2.6,0.345,True,Bank Transfer,Este,7.5,216.69
22,0.6,Home & Living,122.4,0,0.01,2.1,0.218,False,Digital Wallet,Sur,7.7,5.0
34,0.5,Fashion,19.77,1,0.307,5.6,0.283,False,Credit Card,Central,8.7,11.83
56,0.9,Electronics,176.1,0,0.372,9.0,0.158,True,Credit Card,Central,7.2,5.0
51,0.5,Fashion,110.83,5,0.158,1.3,0.266,False,Credit Card,Sur,9.7,609.23
24,5.4,Fashion,63.26,2,0.183,2.8,0.193,False,Digital Wallet,Este,8.5,145.82
23,0.5,Electronics,182.19,2,0.135,3.2,0.302,False,Digital Wallet,Este,7.5,371.32
53,4.5,Fashion,112.8,4,0.172,4.5,0.505,False,Credit Card,Oeste,8.5,612.97
24,1.7,Fashion,39.2,2,0.035,5.8,0.345,False,Bank Transfer,Este,10.0,117.98
44,0.5,Fashion,100.55,3,0.086,8.6,0.573,False,Credit Card,Central,8.1,458.27
30,5.9,Fashion,35.99,8,0.071,2.3,0.26,True,Credit Card,Este,8.5,676.66
57,3.0,Fashion,38.94,6,0.169,9.2,0.363,True,Credit Card,Este,9.0,308.56
28,0.9,Electronics,140.19,2,0.19,5.1,0.142,False,Credit Card,Sur,7.9,314.07
51,7.9,Fashion,53.79,5,0.113,3.6,0.305,False,Digital Wallet,Norte,3.4,209.91
40,0.5,Fashion,81.81,6,0.063,8.9,0.083,True,Credit Card,Central,6.3,855.65
41,0.8,Home & Living,61.52,3,0.063,4.9,0.604,False,Credit Card,Norte,7.1,278.02
18,4.9,Fashion,71.12,3,0.082,9.7,0.023,True,Credit Card,Norte,7.5,383.68
18,4.3,Fashion,115.69,4,0.6,9.9,0.415,False,Bank Transfer,Este,6.5,35.16
35,1.2,Home & Living,94.92,2,0.004,1.0,0.122,False,Credit Card,Este,5.0,230.7
40,0.5,Electronics,233.47,3,0.005,4.4,0.509,False,Credit Card,Central,9.3,1097.0
24,6.8,Electronics,160.38,4,0.128,5.4,0.4,True,Credit Card,Este,8.0,1196.5
24,1.3,Electronics,99.34,1,0.275,0.6,0.117,True,Digital Wallet,Norte,1.7,30.97
44,0.8,Electronics,181.16,5,0.009,0.5,0.151,True,Credit Card,Este,5.8,1439.16
44,2.5,Fashion,66.0,8,0.11,7.3,0.822,True,Digital Wallet,Sur,8.3,1027.55
36,8.4,Electronics,223.53,1,0.025,2.1,0.14,False,Digital Wallet,Sur,9.0,356.35
47,0.5,Electronics,224.32,1,0.036,6.2,0.474,False,Credit Card,Norte,9.5,362.96
23,5.1,Electronics,131.6,2,0.079,10.9,0.091,True,Digital Wallet,Central,3.2,247.02
33,3.0,Fashion,94.55,7,0.167,3.9,0.484,False,Credit Card,Central,5.0,752.65
57,1.9,Home & Living,68.86,2,0.001,2.1,0.49,True,Credit Card,Central,8.6,205.4
38,4.8,Home & Living,127.61,1,0.005,3.1,0.183,True,Bank Transfer,Sur,4.4,185.42
39,11.8,Electronics,111.52,3,0.241,3.7,0.394,True,Credit Card,Oeste,7.7,406.24
65,0.9,Fashion,87.46,3,0.041,3.0,0.276,False,Credit Card,Central,3.1,198.08
21,0.5,Electronics,107.58,0,0.324,3.2,0.305,False,Bank Transfer,Central,9.7,5.0
47,8.5,Electronics,222.75,1,0.023,9.1,0.102,True,Credit Card,Central,7.9,550.35
57,3.9,Home & Living,118.95,3,0.0,1.9,0.418,True,Credit Card,Norte,6.5,520.59
34,2.0,Fashion,44.5,13,0.176,3.2,0.339,False,Digital Wallet,Central,9.2,766.65
48,3.0,Electronics,247.05,2,0.547,0.1,0.498,True,Bank Transfer,Sur,9.0,40.63
26,4.8,Fashion,129.84,5,0.027,5.0,0.107,True,Bank Transfer,Sur,4.0,717.43
29,5.2,Electronics,240.48,0,0.299,3.1,0.028,True,Credit Card,Central,7.8,5.0
42,8.8,Fashion,69.05,4,0.118,4.5,0.164,True,Credit Card,Sur,4.3,421.56
47,1.9,Fashion,71.0,5,0.062,4.1,0.156,False,Credit Card,Norte,8.7,593.27
51,1.2,Electronics,169.25,0,0.009,1.3,0.328,False,Credit Card,Este,8.2,5.0
56,3.6,Home & Living,98.14,2,0.09,4.1,0.134,True,Credit Card,Central,9.2,290.89
37,1.9,Fashion,77.94,5,0.45,1.8,0.215,False,Credit Card,Norte,8.2,32.23
52,3.2,Home & Living,22.87,3,0.013,1.7,0.488,True,Credit Card,Central,6.8,109.22
33,1.9,Home & Living,95.78,2,0.029,4.5,0.455,False,Bank Transfer,Central,9.4,288.61
48,0.6,Fashion,26.09,7,0.001,3.4,0.387,True,Credit Card,Este,7.2,353.71
40,2.2,Fashion,15.0,4,0.267,5.3,0.294,False,Digital Wallet,Norte,9.2,53.92
43,4.1,Electronics,267.82,3,0.038,7.6,0.299,False,Credit Card,Este,5.0,1240.89
43,5.6,Fashion,76.43,3,0.6,4.5,0.502,True,Credit Card,Norte,7.2,26.42
18,2.4,Fashion,77.74,7,0.117,1.3,0.646,False,Credit Card,Sur,6.4,533.7
24,0.6,Electronics,195.77,2,0.089,1.8,0.304,False,Digital Wallet,Este,5.0,378.29
39,1.9,Fashion,70.33,4,0.244,3.0,0.715,True,Bank Transfer,Norte,9.1,345.76
18,5.4,Fashion,124.38,4,0.069,3.1,0.447,False,Credit Card,Este,8.3,794.92
47,1.9,Home & Living,38.75,4,0.001,11.7,0.507,False,Credit Card,Central,7.3,193.97
48,4.2,Fashion,63.81,2,0.122,6.5,0.464,True,Credit Card,Este,7.7,216.17
41,2.5,Fashion,66.05,3,0.003,14.8,0.503,False,Credit Card,Sur,8.2,365.06
24,1.0,Home & Living,90.68,4,0.19,2.2,0.67,True,Credit Card,Este,7.7,387.28
54,5.6,Electronics,146.44,2,0.001,3.4,0.555,False,Bank Transfer,Norte,6.4,307.08
62,0.5,Electronics,192.62,2,0.121,1.8,0.702,False,Digital Wallet,Este,7.8,380.12
39,2.6,Electronics,192.76,3,0.081,7.0,0.139,True,Credit Card,Sur,9.6,1165.05
44,0.8,Home & Living,54.63,5,0.0,12.6,0.098,False,Digital Wallet,Central,8.3,415.45
40,0.5,Electronics,67.59,5,0.005,6.2,0.253,True,Credit Card,Central,8.8,667.92
44,2.4,Electronics,145.95,4,0.054,7.1,0.345,True,Bank Transfer,Norte,4.4,789.64
36,2.4,Fashion,101.52,6,0.132,3.3,0.463,False,Credit Card,Norte,10.0,974.23
37,4.3,Home & Living,117.85,1,0.039,0.9,0.322,False,Credit Card,Central,7.4,203.44
48,4.8,Home & Living,74.33,3,0.46,5.3,0.325,False,Bank Transfer,Norte,8.2,17.73
66,4.6,Fashion,110.68,3,0.392,14.6,0.17,False,Credit Card,Sur,6.8,83.89
21,1.8,Home & Living,118.35,5,0.001,3.2,0.453,False,Credit Card,Este,7.8,851.9
36,3.5,Electronics,127.07,1,0.042,9.0,0.282,False,Digital Wallet,Norte,6.7,242.13
23,3.0,Electronics,265.16,3,0.084,3.3,0.337,False,Credit Card,Central,9.3,1290.67
57,1.9,Home & Living,97.2,2,0.0,6.2,0.37,False,Credit Card,Sur,6.1,255.57
30,3.2,Fashion,48.63,8,0.164,2.8,0.369,True,Digital Wallet,Sur,9.8,607.9
20,10.3,Electronics,133.25,0,0.134,4.6,0.222,True,Digital Wallet,Sur,6.4,5.0
45,0.8,Fashion,90.43,4,0.366,0.7,0.624,False,Bank Transfer,Oeste,2.7,63.64
58,8.3,Home & Living,136.29,4,0.046,6.7,0.163,False,Digital Wallet,Este,7.0,602.73
45,0.5,Home & Living,97.74,4,0.089,5.7,0.462,False,Digital Wallet,Central,7.8,414.38
40,1.3,Home & Living,90.2,1,0.041,2.7,0.598,True,Credit Card,Sur,5.0,155.4
42,1.2,Fashion,83.74,1,0.386,3.4,0.438,True,Digital Wallet,Oeste,3.5,17.61
54,3.4,Home & Living,80.53,1,0.141,3.8,0.137,False,Bank Transfer,Este,7.4,79.0
27,0.5,Fashion,40.73,4,0.006,3.0,0.149,False,Bank Transfer,Oeste,6.8,223.35
36,7.5,Fashion,53.01,3,0.048,9.0,0.314,True,Bank Transfer,Norte,8.2,379.68
32,6.2,Home & Living,102.99,2,0.002,5.0,0.342,False,Digital Wallet,Central,8.2,348.09
23,3.7,Fashion,15.0,4,0.005,5.4,0.343,True,Credit Card,Este,4.2,99.05
34,2.1,Electronics,197.94,3,0.024,2.9,0.283,False,Digital Wallet,Sur,6.9,993.02
51,9.5,Fashion,110.74,6,0.138,3.0,0.166,True,Digital Wallet,Sur,9.2,1041.29
44,6.2,Fashion,88.9,5,0.449,1.1,0.609,False,Credit Card,Este,1.4,17.12
45,2.4,Electronics,298.72,1,0.326,5.8,0.09,False,Bank Transfer,Central,7.4,157.42
39,4.2,Electronics,187.01,1,0.592,7.0,0.054,False,Digital Wallet,Sur,7.5,14.45
44,2.9,Electronics,181.48,1,0.006,0.5,0.115,False,Bank Transfer,Norte,3.6,144.91
28,3.1,Electronics,170.03,2,0.175,3.3,0.208,False,Bank Transfer,Este,7.3,353.46
34,1.4,Fashion,113.73,9,0.287,5.8,0.214,True,Digital Wallet,Oeste,1.4,369.71
40,2.2,Electronics,178.24,1,0.256,1.7,0.409,False,Credit Card,Sur,7.1,135.46
41,0.5,Electronics,180.73,1,0.039,4.1,0.235,True,Credit Card,Sur,6.4,314.78
41,1.5,Fashion,105.74,4,0.293,2.0,0.309,False,Credit Card,Oeste,7.4,252.22
36,4.2,Home & Living,107.21,1,0.165,6.6,0.289,False,Credit Card,Central,7.8,122.01
33,10.7,Electronics,146.52,4,0.056,10.1,0.351,True,Digital Wallet,Sur,6.7,953.91
75,11.5,Electronics,203.0,2,0.009,4.1,0.399,True,Digital Wallet,Norte,7.4,708.88
48,2.8,Home & Living,147.35,3,0.077,5.4,0.468,False,Credit Card,Central,9.7,653.39
42,3.3,Fashion,35.73,4,0.073,0.8,0.107,True,Digital Wallet,Central,7.0,253.28
35,0.7,Home & Living,104.45,4,0.011,6.9,0.172,True,Credit Card,Central,8.1,681.11
32,4.2,Electronics,158.74,1,0.504,0.4,0.414,False,Digital Wallet,Este,9.5,15.33
36,0.5,Electronics,266.07,2,0.464,2.5,0.444,True,Credit Card,Central,7.2,42.88
41,1.2,Electronics,174.37,1,0.153,4.3,0.534,False,Digital Wallet,Oeste,8.1,186.6
18,3.9,Electronics,214.26,3,0.005,4.3,0.308,False,Digital Wallet,Central,8.1,1040.22
19,1.3,Home & Living,118.82,9,0.462,6.8,0.425,False,Bank Transfer,Central,7.1,56.5
30,0.5,Home & Living,84.58,5,0.101,1.8,0.163,False,Bank Transfer,Sur,5.6,395.08
40,6.2,Home & Living,96.81,5,0.112,7.1,0.063,True,Credit Card,Sur,9.0,931.51
35,1.3,Home & Living,182.48,1,0.074,3.6,0.298,True,Credit Card,Sur,8.2,326.75
55,0.5,Home & Living,103.16,2,0.18,17.4,0.227,False,Credit Card,Sur,8.5,171.74
20,0.5,Fashion,96.15,3,0.331,3.7,0.103,True,Credit Card,Norte,6.5,170.77
28,1.0,Home & Living,77.7,0,0.016,2.2,0.071,False,Credit Card,Este,7.0,5.0
56,0.7,Electronics,64.17,5,0.03,3.3,0.398,False,Digital Wallet,Sur,9.6,389.82
39,5.2,Fashion,82.49,6,0.019,3.8,0.019,False,Credit Card,Este,8.0,722.88
48,1.4,Fashion,25.39,5,0.157,2.7,0.41,False,Credit Card,Central,9.4,150.39
62,5.7,Home & Living,118.81,3,0.0,3.1,0.461,True,Credit Card,Este,2.9,332.8
29,0.7,Fashion,59.54,0,0.379,1.9,0.503,False,Bank Transfer,Central,6.3,5.0
36,2.4,Home & Living,59.24,3,0.001,11.0,0.426,False,Credit Card,Central,7.1,319.45
34,4.1,Fashion,50.57,8,0.052,10.4,0.359,False,Credit Card,Sur,7.5,889.41
18,3.7,Fashion,77.92,6,0.287,5.8,0.223,True,Digital Wallet,Oeste,5.6,356.28
34,3.2,Home & Living,86.6,5,0.024,4.1,0.256,True,Credit Card,Este,8.8,1064.37
48,9.1,Electronics,102.21,1,0.02,2.9,0.298,True,Digital Wallet,Oeste,6.0,178.82
44,0.9,Home & Living,56.92,5,0.026,5.2,0.031,True,Credit Card,Sur,7.7,418.47
45,2.4,Fashion,64.54,4,0.221,6.5,0.39,False,Credit Card,Central,5.0,227.4
33,7.5,Fashion,121.3,4,0.093,5.0,0.094,True,Credit Card,Central,8.3,882.57
30,0.5,Home & Living,122.28,1,0.032,8.0,0.098,False,Credit Card,Central,9.2,183.87
53,0.5,Fashion,90.78,6,0.219,5.3,0.116,False,Credit Card,Central,8.1,398.85
32,0.9,Fashion,72.88,0,0.287,4.8,0.503,True,Credit Card,Norte,7.2,5.0
41,3.5,Fashion,73.74,8,0.126,2.1,0.578,True,Bank Transfer,Este,8.7,1044.86
39,1.1,Electronics,122.08,0,0.015,4.6,0.501,False,Bank Transfer,Central,1.9,5.0
55,0.7,Fashion,99.94,5,0.475,3.1,0.056,False,Credit Card,Central,7.1,34.38
49,2.1,Electronics,135.58,1,0.115,4.1,0.166,False,Credit Card,Norte,9.5,181.66
22,3.3,Home & Living,110.37,2,0.298,3.9,0.02,True,Credit Card,Norte,7.6,192.13
23,1.0,Electronics,59.75,1,0.041,9.4,0.227,False,Digital Wallet,Central,8.9,63.12
44,1.3,Fashion,49.15,3,0.151,1.9,0.561,True,Credit Card,Este,8.4,222.71
37,3.3,Home & Living,107.02,2,0.087,3.3,0.139,True,Digital Wallet,Oeste,8.0,357.21
32,10.2,Home & Living,105.72,0,0.001,4.0,0.519,True,Digital Wallet,Norte,7.7,5.0
50,3.9,Fashion,64.73,5,0.186,3.8,0.434,True,Credit Card,Norte,8.0,323.41
40,5.3,Fashion,47.93,8,0.176,2.2,0.191,True,Digital Wallet,Norte,6.5,681.39
38,1.6,Electronics,179.09,2,0.061,1.3,0.552,False,Digital Wallet,Sur,9.1,443.53
47,1.1,Fashion,83.42,8,0.003,4.1,0.403,True,Credit Card,Norte,9.3,1164.39
33,2.1,Electronics,39.72,2,0.095,8.4,0.244,False,Digital Wallet,Norte,9.2,114.58
56,5.8,Home & Living,104.42,4,0.003,7.9,0.632,True,Credit Card,Central,8.4,857.29
28,2.1,Electronics,94.01,2,0.072,14.9,0.538,True,Bank Transfer,Este,7.0,333.26
45,6.6,Fashion,75.16,2,0.074,3.8,0.269,True,Credit Card,Sur,6.9,301.42
55,15.0,Fashion,91.16,2,0.407,3.3,0.435,False,Bank Transfer,Central,6.6,30.56
21,0.5,Fashion,64.87,6,0.319,6.6,0.121,False,Digital Wallet,Este,5.0,157.74
33,0.5,Fashion,92.46,7,0.048,9.7,0.315,False,Digital Wallet,Central,7.2,711.45
51,0.6,Home & Living,89.22,1,0.163,6.6,0.055,False,Credit Card,Central,9.7,81.12
51,1.7,Electronics,222.63,2,0.006,8.3,0.691,False,Credit Card,Norte,8.9,630.12
35,0.5,Fashion,117.2,4,0.295,4.8,0.321,False,Credit Card,Oeste,2.2,177.87
29,7.2,Electronics,306.06,1,0.067,2.6,0.142,False,Digital Wallet,Norte,9.1,459.38
49,0.5,Electronics,114.17,0,0.019,1.1,0.363,True,Credit Card,Norte,7.4,5.0
52,1.3,Fashion,99.46,4,0.119,3.7,0.207,False,Digital Wallet,Este,8.1,396.05
24,0.7,Electronics,173.92,1,0.091,7.3,0.418,False,Digital Wallet,Sur,7.6,189.87
23,9.4,Electronics,95.79,2,0.08,2.8,0.411,False,Credit Card,Oeste,8.3,285.94
40,3.9,Home & Living,100.28,1,0.067,4.0,0.545,False,Credit Card,Sur,8.6,174.7
45,8.5,Fashion,71.69,5,0.18,1.3,0.106,True,Digital Wallet,Norte,5.2,469.04
34,12.6,Electronics,136.55,1,0.059,3.3,0.686,True,Credit Card,Este,8.1,260.95
46,2.4,Electronics,204.63,1,0.056,2.3,0.355,False,Credit Card,Norte,6.8,279.64
29,0.9,Electronics,188.03,3,0.008,4.7,0.102,False,Credit Card,Oeste,7.7,831.44
18,0.8,Fashion,72.52,3,0.13,2.5,0.297,False,Digital Wallet,Oeste,6.4,193.41
32,0.9,Fashion,43.61,6,0.493,2.0,0.202,False,Credit Card,Sur,9.9,19.49
38,4.3,Fashion,62.11,2,0.024,1.9,0.262,True,Credit Card,Central,10.0,259.39
34,0.5,Electronics,300.27,1,0.02,2.2,0.636,True,Bank Transfer,Norte,8.4,475.31
24,0.5,Fashion,87.69,6,0.292,4.0,0.212,False,Credit Card,Central,7.9,290.02
18,3.3,Fashion,89.76,1,0.342,3.3,0.495,True,Digital Wallet,Central,9.8,50.25
31,3.6,Fashion,94.02,4,0.225,5.4,0.111,True,Digital Wallet,Sur,8.9,455.51
48,3.8,Home & Living,110.0,3,0.051,6.7,0.168,False,Credit Card,Norte,7.4,490.46
53,1.6,Electronics,205.6,2,0.03,4.6,0.362,True,Credit Card,Sur,8.5,711.53
52,5.7,Electronics,216.6,1,0.089,4.5,0.806,True,Bank Transfer,Central,6.5,339.87
28,2.7,Home & Living,97.95,3,0.029,0.7,0.235,False,Digital Wallet,Norte,7.2,411.36
24,0.5,Electronics,91.36,2,0.208,9.6,0.216,False,Digital Wallet,Este,8.2,147.24
43,5.6,Electronics,142.8,2,0.26,4.1,0.448,True,Credit Card,Norte,8.0,343.07
45,10.7,Fashion,84.05,4,0.16,10.9,0.558,True,Bank Transfer,Norte,6.8,545.95
42,0.5,Fashion,88.68,4,0.386,5.0,0.21,False,Bank Transfer,Sur,6.6,73.94
18,1.7,Home & Living,125.35,3,0.508,2.8,0.209,False,Credit Card,Este,7.4,20.65
27,2.3,Electronics,71.04,3,0.259,3.8,0.225,False,Digital Wallet,Sur,6.8,130.21
37,0.6,Fashion,71.15,3,0.033,1.1,0.273,False,Digital Wallet,Central,7.1,290.66
43,7.1,Electronics,58.5,0,0.113,1.1,0.25,True,Bank Transfer,Sur,6.6,5.0
47,1.2,Fashion,63.37,5,0.05,3.6,0.349,False,Credit Card,Norte,6.1,434.91
39,5.3,Electronics,110.83,1,0.005,4.3,0.196,False,Credit Card,Norte,9.7,225.71
41,3.9,Fashion,49.46,7,0.084,3.5,0.653,False,Bank Transfer,Central,10.0,483.05
39,3.2,Electronics,54.58,0,0.032,9.3,0.29,False,Credit Card,Norte,7.3,5.0
46,0.7,Electronics,270.76,0,0.051,4.7,0.249,False,Bank Transfer,Norte,8.2,5.0
41,0.9,Fashion,57.42,5,0.228,4.0,0.513,False,Digital Wallet,Sur,7.1,239.52
38,0.5,Home & Living,105.88,0,0.031,8.6,0.115,False,Credit Card,Sur,3.5,5.0
34,1.0,Home & Living,94.76,6,0.386,1.8,0.249,False,Credit Card,Este,6.5,122.36
38,1.5,Home & Living,93.03,2,0.045,4.3,0.057,True,Credit Card,Norte,6.8,321.99
43,6.3,Fashion,51.25,6,0.122,5.9,0.086,False,Credit Card,Central,7.9,481.52
41,1.6,Electronics,196.36,1,0.093,2.2,0.505,False,Credit Card,Norte,5.6,221.78
42,4.9,Electronics,140.2,1,0.035,5.3,0.236,False,Digital Wallet,Este,9.0,234.19
54,2.0,Fashion,121.34,8,0.037,3.4,0.615,True,Digital Wallet,Central,6.6,1269.81
41,5.4,Electronics,149.17,2,0.153,5.9,0.544,True,Credit Card,Sur,8.5,486.53
30,13.1,Electronics,174.92,1,0.031,1.5,0.34,True,Credit Card,Oeste,5.5,330.06
48,1.0,Electronics,220.91,5,0.054,2.8,0.401,False,Credit Card,Central,1.5,700.87
21,6.9,Fashion,75.71,4,0.067,4.6,0.158,True,Digital Wallet,Sur,7.7,615.8
25,3.4,Electronics,192.1,2,0.222,6.5,0.374,True,Credit Card,Sur,8.3,518.14
42,5.9,Electronics,193.01,1,0.053,4.9,0.415,False,Digital Wallet,Central,7.7,279.19
44,3.7,Fashion,49.07,3,0.434,6.3,0.429,False,Credit Card,Norte,8.4,12.92
23,1.9,Fashion,47.08,5,0.02,4.0,0.367,False,Credit Card,Central,1.9,175.25
33,0.9,Fashion,35.51,6,0.289,1.7,0.251,True,Digital Wallet,Central,8.0,182.05
30,0.5,Fashion,56.88,2,0.109,7.3,0.26,True,Digital Wallet,Sur,7.9,189.77
32,2.7,Electronics,223.03,3,0.001,2.0,0.657,False,Credit Card,Sur,8.0,1217.49
49,15.0,Home & Living,87.62,3,0.059,1.4,0.418,False,Credit Card,Este,7.0,399.52
46,4.7,Electronics,165.65,3,0.413,7.4,0.408,True,Credit Card,Sur,7.7,82.97
37,1.4,Fashion,65.93,2,0.378,4.8,0.624,False,Credit Card,Sur,5.3,38.88
31,6.1,Fashion,83.16,9,0.153,6.9,0.159,True,Digital Wallet,Norte,3.7,877.43
21,5.1,Home & Living,114.77,0,0.226,8.3,0.712,False,Digital Wallet,Norte,3.4,5.0
55,1.2,Fashion,113.35,3,0.268,3.2,0.669,False,Digital Wallet,Sur,7.5,224.83
45,0.5,Electronics,191.98,4,0.04,5.4,0.42,True,Credit Card,Norte,3.0,915.73
29,0.5,Fashion,86.06,5,0.175,3.0,0.432,False,Credit Card,Central,2.5,209.27
46,7.3,Fashion,51.33,4,0.121,4.4,0.43,True,Credit Card,Este,9.1,393.17
37,6.3,Fashion,118.05,6,0.6,2.7,0.506,True,Digital Wallet,Norte,6.1,87.17
34,1.2,Electronics,213.89,0,0.006,10.2,0.167,True,Credit Card,Norte,7.9,5.0
43,1.2,Fashion,84.59,7,0.244,6.7,0.591,False,Credit Card,Central,3.2,245.52
29,5.5,Electronics,181.12,1,0.018,10.7,0.388,False,Digital Wallet,Central,7.6,268.41
33,9.7,Fashion,45.09,3,0.055,7.5,0.326,False,Credit Card,Oeste,3.8,176.58
39,5.3,Fashion,89.88,4,0.243,5.4,0.632,False,Bank Transfer,Central,8.4,310.7
32,3.3,Electronics,133.15,1,0.008,3.0,0.614,False,Credit Card,Oeste,7.3,192.71
46,1.0,Home & Living,162.85,3,0.061,2.8,0.568,False,Credit Card,Norte,9.0,644.19
60,2.6,Fashion,27.72,4,0.036,3.3,0.287,True,Credit Card,Sur,8.0,210.37
28,0.9,Electronics,188.57,0,0.021,3.9,0.366,False,Digital Wallet,Este,7.5,5.0
18,5.8,Electronics,141.04,3,0.03,3.5,0.516,False,Credit Card,Norte,7.3,622.43
18,1.7,Fashion,47.77,5,0.165,4.8,0.413,False,Credit Card,Norte,7.9,244.23
36,6.3,Fashion,88.02,4,0.107,6.0,0.098,False,Digital Wallet,Oeste,9.3,578.02
30,1.7,Home & Living,89.17,1,0.002,4.1,0.4,False,Digital Wallet,Este,7.0,153.51
40,6.1,Electronics,202.32,3,0.003,6.7,0.079,True,Digital Wallet,Oeste,6.9,1287.2
39,1.4,Electronics,55.97,0,0.107,9.1,0.122,False,Digital Wallet,Este,8.3,5.0
18,2.0,Home & Living,64.2,3,0.061,2.2,0.3,False,Credit Card,Oeste,10.0,257.55
18,3.3,Home & Living,141.39,1,0.059,2.5,0.283,False,Credit Card,Sur,9.0,187.34
41,0.5,Electronics,76.66,3,0.159,3.9,0.27,False,Credit Card,Central,6.2,255.47
39,10.4,Fashion,69.78,13,0.386,5.1,0.145,True,Credit Card,Sur,6.8,404.35
32,3.0,Electronics,213.06,1,0.035,3.0,0.132,False,Credit Card,Sur,6.7,398.4
18,2.5,Fashion,56.48,2,0.108,4.0,0.075,False,Credit Card,Este,10.0,131.34
43,6.4,Home & Living,123.83,2,0.038,8.0,0.118,False,Digital Wallet,Central,8.3,416.52
53,7.0,Electronics,193.62,2,0.036,7.6,0.097,False,Digital Wallet,Central,9.3,545.02
41,2.6,Electronics,136.08,2,0.067,4.0,0.153,False,Credit Card,Central,6.6,314.72
27,9.2,Electronics,170.38,3,0.078,4.9,0.365,True,Credit Card,Sur,7.3,1193.42
38,0.5,Electronics,142.69,1,0.025,5.0,0.272,False,Credit Card,Central,7.5,199.8
21,0.5,Electronics,152.48,1,0.069,6.1,0.121,True,Credit Card,Este,3.8,155.36
50,3.2,Home & Living,119.79,2,0.213,5.1,0.6,True,Digital Wallet,Norte,8.9,240.53
38,1.5,Electronics,126.65,1,0.0,6.3,0.58,False,Credit Card,Norte,9.6,221.96
18,2.2,Fashion,109.52,5,0.302,3.0,0.266,False,Credit Card,Central,6.8,324.85
34,1.4,Home & Living,58.91,2,0.142,2.8,0.426,False,Digital Wallet,Norte,8.6,120.27
43,1.8,Fashion,70.23,6,0.025,2.1,0.341,False,Credit Card,Norte,9.0,573.2
34,6.1,Fashion,40.88,4,0.31,1.3,0.15,True,Digital Wallet,Central,8.4,148.53
34,3.2,Electronics,157.7,0,0.002,14.2,0.215,False,Credit Card,Sur,8.2,5.0
23,15.0,Fashion,129.89,4,0.244,1.0,0.252,True,Bank Transfer,Central,8.4,484.03
44,5.4,Electronics,186.96,3,0.0,5.7,0.364,False,Digital Wallet,Norte,9.9,966.25
30,1.1,Home & Living,71.59,3,0.0,4.0,0.18,False,Credit Card,Norte,8.9,314.79
18,1.1,Electronics,310.18,1,0.02,6.0,0.513,False,Digital Wallet,Norte,7.0,364.95
33,1.4,Fashion,109.79,6,0.1,1.8,0.053,False,Credit Card,Norte,3.3,494.07
49,6.5,Fashion,26.99,2,0.53,2.0,0.444,False,Credit Card,Este,7.9,5.54
33,0.5,Fashion,96.27,8,0.062,3.8,0.233,False,Credit Card,Este,7.3,1067.21
58,0.9,Electronics,117.93,4,0.03,5.2,0.387,True,Digital Wallet,Sur,8.6,742.73
43,8.2,Electronics,117.91,0,0.105,2.2,0.709,True,Credit Card,Sur,8.1,5.0
42,3.6,Home & Living,118.7,3,0.037,3.7,0.241,False,Credit Card,Oeste,9.4,494.05
36,0.9,Electronics,128.81,1,0.595,7.4,0.481,False,Credit Card,Norte,1.6,5.26
37,0.9,Electronics,146.62,1,0.171,7.2,0.377,True,Credit Card,Central,8.5,213.72
34,6.9,Fashion,110.54,1,0.41,9.1,0.549,True,Digital Wallet,Este,5.9,26.19
34,7.8,Home & Living,73.03,2,0.023,7.1,0.273,True,Digital Wallet,Norte,7.2,274.19
44,1.0,Fashion,87.59,5,0.096,4.6,0.153,False,Credit Card,Este,6.4,611.56
26,1.9,Fashion,88.19,7,0.373,1.7,0.396,False,Digital Wallet,Central,7.6,189.89
25,6.3,Fashion,92.64,7,0.272,5.0,0.153,True,Credit Card,Oeste,7.4,835.84
24,5.2,Electronics,183.72,1,0.444,4.0,0.443,False,Credit Card,Sur,5.0,15.56
62,5.9,Fashion,84.55,6,0.005,1.5,0.257,True,Digital Wallet,Central,6.1,817.51
44,2.6,Home & Living,40.26,1,0.082,5.1,0.299,True,Digital Wallet,Este,7.9,62.48
41,8.5,Home & Living,110.24,2,0.015,3.3,0.582,True,Bank Transfer,Norte,9.9,433.99
25,1.4,Electronics,181.3,3,0.034,3.7,0.292,True,Digital Wallet,Central,8.7,1069.69
45,0.6,Fashion,52.42,2,0.052,2.9,0.587,False,Credit Card,Sur,6.7,116.88
36,4.3,Fashion,91.55,5,0.007,6.5,0.237,False,Credit Card,Oeste,8.0,727.61
40,2.7,Electronics,319.18,4,0.186,1.9,0.178,True,Bank Transfer,Sur,8.0,1468.22
26,6.7,Fashion,59.7,3,0.029,2.8,0.272,True,Credit Card,Sur,8.1,481.07
39,0.5,Electronics,114.93,2,0.321,1.6,0.667,False,Credit Card,Oeste,2.7,56.31
32,6.5,Fashion,77.93,4,0.127,3.8,0.339,True,Credit Card,Central,6.2,651.04
28,1.2,Electronics,187.08,0,0.119,11.4,0.428,False,Credit Card,Oeste,9.5,5.0
46,3.7,Fashion,69.34,4,0.19,7.1,0.099,False,Digital Wallet,Este,5.0,261.25
19,0.5,Fashion,66.7,6,0.299,9.1,0.092,False,Credit Card,Central,6.5,228.05
44,3.3,Fashion,89.5,2,0.079,0.9,0.127,False,Bank Transfer,Oeste,8.1,254.82
46,4.4,Fashion,82.88,7,0.351,10.0,0.448,False,Credit Card,Central,6.9,253.96
27,1.6,Electronics,177.69,4,0.007,3.5,0.753,False,Digital Wallet,Sur,6.3,1008.11
28,0.8,Fashion,115.92,5,0.042,10.1,0.346,False,Credit Card,Central,9.1,1032.95
35,2.7,Home & Living,112.81,5,0.0,10.6,0.417,False,Credit Card,Norte,3.8,703.46
41,6.3,Electronics,114.64,1,0.159,4.0,0.581,True,Credit Card,Central,9.4,193.37
36,1.4,Fashion,67.62,5,0.07,10.0,0.18,True,Digital Wallet,Central,5.0,525.1
43,1.0,Fashion,55.89,4,0.08,8.8,0.232,False,Credit Card,Oeste,6.9,330.01
59,1.1,Fashion,49.53,4,0.179,5.4,0.395,False,Credit Card,Oeste,6.8,179.76
31,10.4,Fashion,40.27,6,0.045,9.6,0.514,True,Bank Transfer,Norte,7.1,601.02
18,1.6,Fashion,103.36,1,0.28,13.4,0.379,False,Bank Transfer,Central,4.2,32.14
47,0.5,Electronics,234.54,2,0.154,6.6,0.152,False,Credit Card,Sur,8.5,528.87
58,5.3,Fashion,82.9,5,0.21,2.2,0.327,False,Credit Card,Este,9.3,432.2
42,4.2,Fashion,67.5,3,0.153,10.3,0.176,True,Digital Wallet,Este,9.5,291.37
24,0.5,Electronics,183.65,3,0.14,3.7,0.318,False,Credit Card,Norte,7.8,535.11
36,14.7,Fashion,103.85,5,0.253,4.8,0.426,True,Credit Card,Central,7.3,697.08
24,3.3,Fashion,79.42,5,0.261,4.9,0.07,False,Credit Card,Central,9.0,388.64
45,2.4,Home & Living,105.0,3,0.0,19.9,0.213,False,Digital Wallet,Norte,3.4,295.46
21,1.7,Electronics,242.45,3,0.095,5.6,0.266,False,Credit Card,Oeste,6.7,952.72
34,8.0,Home & Living,68.27,2,0.003,0.7,0.252,False,Credit Card,Norte,7.2,217.37
25,1.0,Fashion,87.08,9,0.138,8.1,0.263,False,Bank Transfer,Oeste,3.7,469.93
39,1.2,Fashion,98.06,5,0.048,2.1,0.206,False,Credit Card,Norte,8.1,715.73
33,0.5,Electronics,147.55,3,0.038,8.1,0.29,False,Digital Wallet,Norte,8.0,705.02
40,5.0,Fashion,40.1,5,0.081,4.9,0.436,False,Credit Card,Sur,8.8,376.99
38,3.2,Home & Living,57.97,3,0.0,2.9,0.307,True,Digital Wallet,Central,3.7,199.23
26,3.3,Fashion,81.32,5,0.127,1.4,0.56,True,Credit Card,Central,10.0,866.73
45,0.9,Fashion,81.98,1,0.368,4.2,0.046,False,Bank Transfer,Sur,8.0,24.12
37,3.7,Fashion,40.46,6,0.019,4.5,0.299,False,Digital Wallet,Central,7.3,398.95
26,5.1,Fashion,58.99,5,0.156,4.6,0.33,True,Credit Card,Central,6.3,511.43
64,1.6,Electronics,137.22,0,0.02,5.6,0.134,False,Credit Card,Central,7.9,5.0
43,5.7,Fashion,84.98,4,0.215,2.1,0.623,False,Digital Wallet,Central,7.5,339.17
36,1.5,Fashion,85.84,3,0.001,1.3,0.449,False,Digital Wallet,Este,6.7,403.03
54,5.0,Electronics,119.49,1,0.114,3.0,0.286,False,Digital Wallet,Norte,8.0,158.01
60,0.5,Fashion,99.19,4,0.262,1.8,0.52,False,Digital Wallet,Este,8.4,233.7
36,2.8,Home & Living,140.14,3,0.015,8.9,0.107,True,Digital Wallet,Central,8.0,856.73
42,12.2,Fashion,83.83,6,0.315,0.7,0.315,True,Digital Wallet,Sur,8.5,465.58
26,13.9,Electronics,182.29,3,0.01,15.5,0.29,True,Digital Wallet,Sur,7.9,1585.72
36,1.2,Home & Living,89.64,1,0.007,1.5,0.671,True,Digital Wallet,Norte,9.6,185.26
35,2.0,Electronics,118.62,0,0.012,2.9,0.348,False,Credit Card,Central,6.8,5.0
40,0.5,Electronics,192.77,0,0.396,4.6,0.268,False,Bank Transfer,Oeste,3.2,5.0
41,7.2,Electronics,143.35,1,0.058,5.8,0.575,False,Digital Wallet,Central,2.5,130.76
44,2.9,Electronics,253.76,3,0.193,3.0,0.37,True,Credit Card,Central,7.7,1049.58
40,1.7,Electronics,169.44,4,0.134,3.0,0.232,False,Credit Card,Este,8.0,806.72
23,0.5,Fashion,91.34,3,0.361,2.5,0.686,True,Bank Transfer,Este,6.6,101.6
26,10.3,Fashion,72.98,6,0.075,6.1,0.229,True,Bank Transfer,Central,6.0,816.07
31,2.6,Fashion,41.49,4,0.397,8.2,0.09,False,Credit Card,Oeste,4.9,27.2
34,1.2,Fashion,79.08,7,0.114,1.0,0.347,False,Digital Wallet,Este,8.7,686.61
50,1.5,Home & Living,155.07,4,0.0,2.3,0.139,False,Credit Card,Norte,7.7,769.47
24,1.1,Electronics,126.16,1,0.143,6.9,0.313,False,Credit Card,Norte,5.9,139.32
33,3.2,Fashion,100.54,6,0.472,2.5,0.228,True,Bank Transfer,Central,5.0,44.97
49,9.3,Fashion,84.13,3,0.122,2.1,0.165,True,Bank Transfer,Norte,8.4,400.75
34,6.8,Home & Living,88.46,4,0.294,4.9,0.208,True,Credit Card,Sur,10.0,321.24
43,2.2,Electronics,232.91,2,0.085,5.0,0.038,True,Credit Card,Central,7.7,935.45
36,6.1,Electronics,180.32,0,0.007,6.4,0.353,True,Credit Card,Norte,8.3,5.0
41,1.9,Fashion,64.37,4,0.02,3.1,0.565,False,Credit Card,Sur,6.5,437.84
35,1.0,Fashion,64.17,4,0.011,3.4,0.276,True,Digital Wallet,Central,7.8,393.42
46,14.3,Electronics,213.04,1,0.008,1.0,0.272,True,Credit Card,Sur,7.1,496.65
19,1.3,Fashion,74.62,4,0.028,3.1,0.432,True,Credit Card,Norte,8.5,528.2
33,1.4,Electronics,116.91,2,0.311,2.8,0.197,True,Bank Transfer,Central,10.0,155.92
41,15.0,Home & Living,113.76,5,0.067,6.6,0.733,True,Digital Wallet,Este,2.7,790.16
44,0.5,Electronics,177.29,4,0.447,2.9,0.259,True,Credit Card,Norte,6.5,51.99
55,5.0,Electronics,111.47,6,0.233,1.8,0.249,False,Credit Card,Norte,8.0,515.62
33,9.6,Electronics,184.99,1,0.209,4.5,0.428,False,Digital Wallet,Central,4.0,145.88
55,2.5,Fashion,79.02,4,0.154,7.5,0.03,False,Credit Card,Sur,7.3,409.93
30,0.5,Electronics,40.16,0,0.073,2.1,0.482,False,Credit Card,Sur,7.2,5.0
53,1.6,Fashion,48.09,7,0.531,1.0,0.215,False,Credit Card,Sur,6.2,21.47
47,0.5,Home & Living,142.95,3,0.0,3.3,0.28,False,Credit Card,Central,7.4,596.76
27,1.9,Electronics,161.09,1,0.001,2.0,0.241,False,Credit Card,Norte,6.3,243.09
41,5.5,Fashion,81.87,7,0.013,2.4,0.358,False,Bank Transfer,Sur,8.8,1053.27
37,2.0,Electronics,76.01,2,0.114,5.0,0.247,True,Digital Wallet,Oeste,9.0,261.02
45,2.0,Fashion,48.96,5,0.271,3.9,0.291,False,Credit Card,Este,5.9,174.99
35,2.8,Electronics,170.99,1,0.117,1.3,0.163,True,Credit Card,Central,8.3,288.75
34,3.1,Electronics,121.49,2,0.163,2.8,0.417,False,Digital Wallet,Norte,3.0,143.7
54,6.8,Fashion,94.5,10,0.058,9.4,0.156,True,Digital Wallet,Central,7.0,1381.39
36,1.3,Electronics,209.79,2,0.122,4.7,0.487,True,Credit Card,Norte,2.5,386.47
47,6.0,Home & Living,132.48,5,0.0,2.2,0.488,False,Credit Card,Central,9.3,1119.75
35,2.9,Fashion,85.67,7,0.156,1.8,0.096,False,Bank Transfer,Central,9.5,582.15
57,1.3,Fashion,69.38,7,0.267,1.3,0.778,True,Bank Transfer,Sur,7.7,376.43
29,1.2,Home & Living,135.76,2,0.009,1.9,0.229,False,Credit Card,Central,6.7,384.4
30,1.6,Home & Living,129.95,4,0.003,8.6,0.236,False,Credit Card,Norte,6.4,562.07
56,3.4,Fashion,36.69,6,0.005,1.1,0.259,True,Credit Card,Central,8.4,412.31
32,0.9,Fashion,19.09,7,0.114,2.8,0.16,True,Bank Transfer,Sur,9.4,230.15
57,8.9,Electronics,153.13,1,0.001,7.9,0.875,True,Digital Wallet,Sur,4.6,194.84
48,3.0,Fashion,38.51,1,0.168,5.5,0.291,False,Credit Card,Central,8.2,51.21
36,8.8,Fashion,106.32,6,0.009,8.3,0.12,True,Credit Card,Central,8.8,1740.54
18,0.5,Home & Living,104.73,0,0.0,10.0,0.322,False,Digital Wallet,Norte,6.7,5.0
37,1.5,Electronics,205.05,1,0.029,7.3,0.466,True,Bank Transfer,Central,10.0,414.91
39,0.5,Electronics,259.96,1,0.236,3.4,0.581,False,Credit Card,Central,8.8,222.71
52,1.1,Electronics,220.78,2,0.042,2.7,0.195,True,Digital Wallet,Este,8.7,571.71
57,6.9,Home & Living,104.51,4,0.068,2.8,0.582,False,Credit Card,Central,7.4,587.17
29,0.5,Electronics,162.82,5,0.278,5.6,0.702,True,Credit Card,Norte,8.0,775.16
47,2.0,Fashion,105.19,4,0.229,8.0,0.355,True,Credit Card,Este,9.4,406.22
